block_num,last_mode,tx_count,warm_hits,sched_us,g0,g1,g2,alloc_mb
1,DISABLED,1,0,0,0,0,0,34.744
2,DISABLED,1,0,0,0,0,0,17.854
3,DISABLED,1,0,0,0,0,0,8.855
4,DISABLED,1,0,0,0,0,0,17.052
5,DISABLED,1,0,0,0,0,0,0.984
6,DISABLED,1,0,0,0,0,0,0.563
7,DISABLED,1,0,0,0,0,0,0.286
8,DISABLED,1,0,0,0,0,0,0.274
9,DISABLED,1,0,0,0,0,0,0.568
10,DISABLED,1,0,0,0,0,0,0.226
11,DISABLED,1,0,0,0,0,0,0.346
12,DISABLED,1,0,0,0,0,0,0.281
13,DISABLED,1,0,0,0,0,0,0.228
14,DISABLED,1,0,0,0,0,0,0.570
15,DISABLED,1,0,0,0,0,0,0.330
16,DISABLED,1,0,0,0,0,0,0.590
17,DISABLED,1,0,0,0,0,0,0.399
18,DISABLED,1,0,0,0,0,0,0.235
19,DISABLED,1,0,0,0,0,0,0.224
20,DISABLED,1,0,0,0,0,0,0.351
21,DISABLED,1,0,0,0,0,0,1.050
22,DISABLED,1,0,0,0,0,0,0.283
23,DISABLED,1,0,0,0,0,0,0.419
24,DISABLED,1,0,0,0,0,0,0.600
25,DISABLED,1,0,0,0,0,0,0.117
26,DISABLED,1,0,0,0,0,0,0.070
27,DISABLED,1,0,0,0,0,0,0.779
28,DISABLED,1,0,0,0,0,0,0.134
29,DISABLED,1,0,0,0,0,0,0.405
30,DISABLED,1,0,0,0,0,0,0.148
31,DISABLED,1,0,0,0,0,0,0.405
32,DISABLED,1,0,0,0,0,0,0.101
33,DISABLED,1,0,0,0,0,0,0.070
34,DISABLED,1,0,0,0,0,0,0.132
35,DISABLED,1,0,0,0,0,0,0.070
36,DISABLED,1,0,0,0,0,0,0.054
37,DISABLED,1,0,0,0,0,0,0.102
38,DISABLED,1,0,0,0,0,0,0.062
39,DISABLED,1,0,0,0,0,0,0.062
40,DISABLED,1,0,0,0,0,0,0.062
41,DISABLED,1,0,0,0,0,0,0.063
42,DISABLED,1,0,0,0,0,0,0.093
43,DISABLED,1,0,0,0,0,0,0.070
44,DISABLED,1,0,0,0,0,0,0.047
45,DISABLED,1,0,0,0,0,0,0.140
46,DISABLED,1,0,0,0,0,0,0.140
47,DISABLED,1,0,0,0,0,0,0.086
48,DISABLED,1,0,0,0,0,0,0.047
49,DISABLED,1,0,0,0,0,0,0.070
50,DISABLED,1,0,0,0,0,0,0.062
51,DISABLED,1,0,0,0,0,0,0.054
52,DISABLED,1,0,0,0,0,0,0.101
53,DISABLED,1,0,0,0,0,0,0.055
54,DISABLED,1,0,0,0,0,0,0.062
55,DISABLED,1,0,0,0,0,0,0.070
56,DISABLED,1,0,0,0,0,0,0.063
57,DISABLED,1,0,0,0,0,0,0.101
58,DISABLED,1,0,0,0,0,0,0.070
59,DISABLED,1,0,0,0,0,0,0.054
60,DISABLED,1,0,0,0,0,0,0.062
61,DISABLED,1,0,0,0,0,0,0.055
62,DISABLED,1,0,0,0,0,0,0.101
63,DISABLED,1,0,0,0,0,0,0.062
64,DISABLED,1,0,0,0,0,0,0.054
65,DISABLED,1,0,0,0,0,0,0.070
66,DISABLED,1,0,0,0,0,0,0.129
67,DISABLED,1,0,0,0,0,0,0.185
68,DISABLED,1,0,0,0,0,0,0.062
69,DISABLED,1,0,0,0,0,0,0.070
70,DISABLED,1,0,0,0,0,0,0.054
71,DISABLED,1,0,0,0,0,0,0.070
72,DISABLED,1,0,0,0,0,0,0.086
73,DISABLED,1,0,0,0,0,0,0.070
74,DISABLED,1,0,0,0,0,0,0.055
75,DISABLED,1,0,0,0,0,0,0.078
76,DISABLED,1,0,0,0,0,0,0.070
77,DISABLED,1,0,0,0,0,0,0.086
78,DISABLED,1,0,0,0,0,0,0.070
79,DISABLED,1,0,0,0,0,0,0.062
80,DISABLED,1,0,0,0,0,0,0.070
81,DISABLED,1,0,0,0,0,0,0.062
82,DISABLED,1,0,0,0,0,0,0.097
83,DISABLED,1,0,0,0,0,0,0.063
84,DISABLED,1,0,0,0,0,0,0.078
85,DISABLED,1,0,0,0,0,0,0.074
86,DISABLED,1,0,0,0,0,0,0.063
87,DISABLED,1,0,0,0,0,0,0.125
88,DISABLED,1,0,0,0,0,0,0.155
89,DISABLED,1,0,0,0,0,0,0.070
90,DISABLED,1,0,0,0,0,0,0.062
91,DISABLED,1,0,0,0,0,0,0.078
92,DISABLED,1,0,0,0,0,0,0.086
93,DISABLED,1,0,0,0,0,0,0.063
94,DISABLED,1,0,0,0,0,0,0.062
95,DISABLED,1,0,0,0,0,0,0.078
96,DISABLED,1,0,0,0,0,0,0.078
97,DISABLED,1,0,0,0,0,0,0.078
98,DISABLED,1,0,0,0,0,0,0.078
99,DISABLED,1,0,0,0,0,0,0.086
100,DISABLED,1,0,0,0,0,0,0.070
101,DISABLED,1,0,0,0,0,0,0.062
102,DISABLED,1,0,0,0,0,0,0.000
103,DISABLED,1,0,0,0,0,0,0.032
104,DISABLED,1,0,0,0,0,0,0.054
105,DISABLED,1,0,0,0,0,0,0.070
106,DISABLED,1,0,0,0,0,0,0.062
107,DISABLED,1,0,0,0,0,0,0.093
108,DISABLED,1,0,0,0,0,0,0.078
109,DISABLED,1,0,0,0,0,0,0.172
110,DISABLED,1,0,0,0,0,0,0.070
111,DISABLED,1,0,0,0,0,0,0.070
112,DISABLED,1,0,0,0,0,0,0.086
113,DISABLED,1,0,0,0,0,0,0.070
114,DISABLED,1,0,0,0,0,0,0.062
115,DISABLED,1,0,0,0,0,0,0.070
116,DISABLED,1,0,0,0,0,0,0.063
117,DISABLED,1,0,0,0,0,0,0.094
118,DISABLED,1,0,0,0,0,0,0.062
119,DISABLED,1,0,0,0,0,0,0.019
120,DISABLED,1,0,0,0,0,0,0.062
121,DISABLED,1,0,0,0,0,0,0.055
122,DISABLED,1,0,0,0,0,0,0.097
123,DISABLED,1,0,0,0,0,0,0.086
124,DISABLED,1,0,0,0,0,0,0.062
125,DISABLED,1,0,0,0,0,0,0.056
126,DISABLED,1,0,0,0,0,0,0.062
127,DISABLED,1,0,0,0,0,0,0.086
128,DISABLED,1,0,0,0,0,0,0.070
129,DISABLED,1,0,0,0,0,0,0.062
130,DISABLED,1,0,0,0,0,0,0.163
131,DISABLED,1,0,0,0,0,0,0.109
132,DISABLED,1,0,0,0,0,0,0.086
133,DISABLED,1,0,0,0,0,0,0.054
134,DISABLED,1,0,0,0,0,0,0.078
135,DISABLED,1,0,0,0,0,0,0.062
136,DISABLED,1,0,0,0,0,0,0.063
137,DISABLED,1,0,0,0,0,0,0.101
138,DISABLED,1,0,0,0,0,0,0.047
139,DISABLED,1,0,0,0,0,0,0.065
140,DISABLED,1,0,0,0,0,0,0.070
141,DISABLED,1,0,0,0,0,0,0.062
142,DISABLED,1,0,0,0,0,0,0.086
143,DISABLED,1,0,0,0,0,0,0.070
144,DISABLED,1,0,0,0,0,0,0.070
145,DISABLED,1,0,0,0,0,0,0.054
146,DISABLED,1,0,0,0,0,0,0.482
147,DISABLED,1,0,0,0,0,0,0.101
148,DISABLED,1,0,0,0,0,0,0.070
149,DISABLED,1,0,0,0,0,0,0.062
150,DISABLED,1,0,0,0,0,0,0.070
151,DISABLED,1,0,0,0,0,0,0.117
152,DISABLED,1,0,0,0,0,0,0.156
153,DISABLED,1,0,0,0,0,0,0.063
154,DISABLED,1,0,0,0,0,0,0.070
155,DISABLED,1,0,0,0,0,0,0.063
156,DISABLED,1,0,0,0,0,0,0.062
157,DISABLED,1,0,0,0,0,0,0.101
158,DISABLED,1,0,0,0,0,0,0.062
159,DISABLED,1,0,0,0,0,0,0.070
160,DISABLED,1,0,0,0,0,0,0.054
161,DISABLED,1,0,0,0,0,0,0.063
162,DISABLED,1,0,0,0,0,0,0.094
163,DISABLED,1,0,0,0,0,0,0.070
164,DISABLED,1,0,0,0,0,0,0.063
165,DISABLED,1,0,0,0,0,0,0.062
166,DISABLED,1,0,0,0,0,0,0.094
167,DISABLED,1,0,0,0,0,0,0.086
168,DISABLED,1,0,0,0,0,0,0.063
169,DISABLED,1,0,0,0,0,0,0.070
170,DISABLED,1,0,0,0,0,0,0.062
171,DISABLED,1,0,0,0,0,0,0.070
172,DISABLED,1,0,0,0,0,0,0.129
173,DISABLED,1,0,0,0,0,0,0.155
174,DISABLED,1,0,0,0,0,0,0.070
175,DISABLED,1,0,0,0,0,0,0.063
176,DISABLED,1,0,0,0,0,0,0.062
177,DISABLED,1,0,0,0,0,0,0.086
178,DISABLED,1,0,0,0,0,0,0.070
179,DISABLED,1,0,0,0,0,0,0.062
180,DISABLED,1,0,0,0,0,0,0.062
181,DISABLED,1,0,0,0,0,0,0.078
182,DISABLED,1,0,0,0,0,0,0.086
183,DISABLED,1,0,0,0,0,0,0.070
184,DISABLED,1,0,0,0,0,0,0.062
185,DISABLED,1,0,0,0,0,0,0.054
186,DISABLED,1,0,0,0,0,0,0.070
187,DISABLED,1,0,0,0,0,0,0.101
188,DISABLED,1,0,0,0,0,0,0.062
189,DISABLED,1,0,0,0,0,0,0.070
190,DISABLED,1,0,0,0,0,0,0.062
191,DISABLED,1,0,0,0,0,0,0.061
192,DISABLED,1,0,0,0,0,0,0.090
193,DISABLED,1,0,0,0,0,0,0.101
194,DISABLED,1,0,0,0,0,0,0.164
195,DISABLED,1,0,0,0,0,0,0.070
196,DISABLED,1,0,0,0,0,0,0.062
197,DISABLED,1,0,0,0,0,0,0.094
198,DISABLED,1,0,0,0,0,0,0.063
199,DISABLED,1,0,0,0,0,0,0.062
200,DISABLED,1,0,0,0,0,0,0.070
201,DISABLED,1,0,0,0,0,0,0.078
202,DISABLED,1,0,0,0,0,0,0.078
203,DISABLED,1,0,0,0,0,0,0.109
204,DISABLED,1,0,0,0,0,0,0.070
205,DISABLED,1,0,0,0,0,0,0.063
206,DISABLED,1,0,0,0,0,0,0.063
207,DISABLED,1,0,0,0,0,0,0.086
208,DISABLED,1,0,0,0,0,0,0.070
209,DISABLED,1,0,0,0,0,0,0.063
210,DISABLED,1,0,0,0,0,0,0.078
211,DISABLED,1,0,0,0,0,0,0.054
212,DISABLED,1,0,0,0,0,0,0.102
213,DISABLED,1,0,0,0,0,0,0.078
214,DISABLED,1,0,0,0,0,0,0.047
215,DISABLED,1,0,0,0,0,0,0.164
216,DISABLED,1,0,0,0,0,0,0.109
217,DISABLED,1,0,0,0,0,0,0.132
218,DISABLED,1,0,0,0,0,0,0.062
219,DISABLED,1,0,0,0,0,0,0.070
220,DISABLED,1,0,0,0,0,0,0.063
221,DISABLED,1,0,0,0,0,0,0.078
222,DISABLED,1,0,0,0,0,0,0.078
223,DISABLED,1,0,0,0,0,0,0.078
224,DISABLED,1,0,0,0,0,0,0.101
225,DISABLED,1,0,0,0,0,0,0.062
226,DISABLED,1,0,0,0,0,0,0.063
227,DISABLED,1,0,0,0,0,0,0.093
228,DISABLED,1,0,0,0,0,0,0.086
229,DISABLED,1,0,0,0,0,0,0.070
230,DISABLED,1,0,0,0,0,0,0.062
231,DISABLED,1,0,0,0,0,0,0.109
232,DISABLED,1,0,0,0,0,0,0.094
233,DISABLED,1,0,0,0,0,0,0.093
234,DISABLED,1,0,0,0,0,0,0.070
235,DISABLED,1,0,0,0,0,0,0.062
236,DISABLED,1,0,0,0,0,0,0.132
237,DISABLED,1,0,0,0,0,0,0.164
238,DISABLED,1,0,0,0,0,0,0.054
239,DISABLED,1,0,0,0,0,0,0.070
240,DISABLED,1,0,0,0,0,0,0.078
241,DISABLED,1,0,0,0,0,0,0.062
242,DISABLED,1,0,0,0,0,0,0.086
243,DISABLED,1,0,0,0,0,0,0.070
244,DISABLED,1,0,0,0,0,0,0.070
245,DISABLED,1,0,0,0,0,0,0.062
246,DISABLED,1,0,0,0,0,0,0.058
247,DISABLED,1,0,0,0,0,0,0.097
248,DISABLED,1,0,0,0,0,0,0.063
249,DISABLED,1,0,0,0,0,0,0.078
250,DISABLED,1,0,0,0,0,0,0.062
251,DISABLED,1,0,0,0,0,0,0.070
252,DISABLED,1,0,0,0,0,0,0.132
253,DISABLED,1,0,0,0,0,0,0.070
254,DISABLED,1,0,0,0,0,0,0.062
255,DISABLED,1,0,0,0,0,0,0.070
256,DISABLED,1,0,0,0,0,0,0.063
257,DISABLED,1,0,0,0,0,0,0.163
258,DISABLED,1,0,0,0,0,0,0.132
259,DISABLED,1,0,0,0,0,0,0.070
260,DISABLED,1,0,0,0,0,0,0.062
261,DISABLED,1,0,0,0,0,0,0.063
262,DISABLED,1,0,0,0,0,0,0.101
263,DISABLED,1,0,0,0,0,0,0.055
264,DISABLED,1,0,0,0,0,0,0.070
265,DISABLED,1,0,0,0,0,0,0.070
266,DISABLED,1,0,0,0,0,0,0.063
267,DISABLED,1,0,0,0,0,0,0.094
268,DISABLED,1,0,0,0,0,0,0.062
269,DISABLED,1,0,0,0,0,0,0.063
270,DISABLED,1,0,0,0,0,0,0.062
271,DISABLED,1,0,0,0,0,0,0.078
272,DISABLED,1,0,0,0,0,0,0.086
273,DISABLED,1,0,0,0,0,0,0.078
274,DISABLED,1,0,0,0,0,0,0.093
275,DISABLED,1,0,0,0,0,0,0.078
276,DISABLED,1,0,0,0,0,0,0.055
277,DISABLED,1,0,0,0,0,0,0.101
278,DISABLED,1,0,0,0,0,0,0.113
279,DISABLED,1,0,0,0,0,0,0.163
280,DISABLED,1,0,0,0,0,0,0.109
281,DISABLED,1,0,0,0,0,0,0.062
282,DISABLED,1,0,0,0,0,0,0.097
283,DISABLED,1,0,0,0,0,0,0.053
284,DISABLED,1,0,0,0,0,0,0.078
285,DISABLED,1,0,0,0,0,0,0.063
286,DISABLED,1,0,0,0,0,0,0.078
287,DISABLED,1,0,0,0,0,0,0.097
288,DISABLED,1,0,0,0,0,0,0.062
289,DISABLED,1,0,0,0,0,0,0.061
290,DISABLED,1,0,0,0,0,0,0.063
291,DISABLED,1,0,0,0,0,0,0.070
292,DISABLED,1,0,0,0,0,0,0.094
293,DISABLED,1,0,0,0,0,0,0.062
294,DISABLED,1,0,0,0,0,0,0.070
295,DISABLED,1,0,0,0,0,0,0.055
296,DISABLED,1,0,0,0,0,0,0.070
297,DISABLED,1,0,0,0,0,0,0.109
298,DISABLED,1,0,0,0,0,0,0.070
299,DISABLED,1,0,0,0,0,0,0.077
300,DISABLED,1,0,0,0,0,0,0.172
301,DISABLED,10,0,0,0,0,0,1.250
302,DISABLED,23,0,0,0,0,0,2.016
303,DISABLED,30,0,0,0,0,0,1.861
304,DISABLED,30,0,0,0,0,0,1.511
305,DISABLED,30,0,0,0,0,0,1.630
306,DISABLED,30,0,0,0,0,0,2.136
307,DISABLED,30,0,0,0,0,0,1.927
308,DISABLED,30,0,0,0,0,0,1.943
309,DISABLED,30,0,0,0,0,0,2.367
310,DISABLED,30,0,0,0,0,0,2.529
311,DISABLED,30,0,0,0,0,0,2.203
312,DISABLED,30,0,0,0,0,0,2.081
313,DISABLED,30,0,0,0,0,0,2.224
314,DISABLED,30,0,0,0,0,0,2.306
315,DISABLED,30,0,0,0,0,0,2.679
316,DISABLED,30,0,0,0,0,0,2.747
317,DISABLED,30,0,0,0,0,0,2.649
318,DISABLED,30,0,0,0,0,0,2.766
319,DISABLED,30,0,0,0,0,0,3.322
320,DISABLED,30,0,0,0,0,0,3.186
321,DISABLED,30,0,0,0,0,0,2.921
322,DISABLED,30,0,0,0,0,0,3.093
323,DISABLED,30,0,0,0,0,0,3.529
324,DISABLED,30,0,0,0,0,0,3.840
325,DISABLED,30,0,0,0,0,0,3.318
326,DISABLED,30,0,0,0,0,0,3.824
327,DISABLED,30,0,0,0,0,0,3.508
328,DISABLED,30,0,0,0,0,0,3.815
329,DISABLED,30,0,0,0,0,0,3.522
330,DISABLED,30,0,0,0,0,0,3.536
331,DISABLED,30,0,0,0,0,0,3.572
332,DISABLED,30,0,0,0,0,0,3.996
333,DISABLED,30,0,0,0,0,0,3.649
334,DISABLED,30,0,0,0,0,0,3.248
335,DISABLED,30,0,0,0,0,0,3.739
336,DISABLED,30,0,0,0,0,0,4.368
337,DISABLED,30,0,0,0,0,0,3.972
338,DISABLED,30,0,0,0,0,0,3.513
339,DISABLED,30,0,0,0,0,0,3.301
340,DISABLED,30,0,0,0,0,0,3.590
341,DISABLED,30,0,0,0,0,0,3.462
342,DISABLED,30,0,0,0,0,0,3.318
343,DISABLED,30,0,0,0,0,0,3.604
344,DISABLED,30,0,0,0,0,0,3.905
345,DISABLED,30,0,0,0,0,0,3.661
346,DISABLED,30,0,0,0,0,0,3.884
347,DISABLED,30,0,0,0,0,0,3.795
348,DISABLED,30,0,0,0,0,0,3.616
349,DISABLED,30,0,0,0,0,0,3.538
350,DISABLED,30,0,0,0,0,0,3.584
351,DISABLED,30,0,0,0,0,0,3.729
352,DISABLED,30,0,0,0,0,0,3.474
353,DISABLED,30,0,0,0,0,0,4.062
354,DISABLED,30,0,0,0,0,0,3.434
355,DISABLED,30,0,0,0,0,0,3.411
356,DISABLED,30,0,0,0,0,0,3.617
357,DISABLED,30,0,0,0,0,0,3.579
358,DISABLED,30,0,0,0,0,0,3.532
359,DISABLED,30,0,0,0,0,0,3.404
360,DISABLED,30,0,0,0,0,0,3.548
361,DISABLED,30,0,0,0,0,0,3.874
362,DISABLED,30,0,0,0,0,0,3.683
363,DISABLED,30,0,0,0,0,0,3.399
364,DISABLED,30,0,0,0,0,0,3.557
365,DISABLED,30,0,0,0,0,0,3.143
366,DISABLED,30,0,0,0,0,0,3.343
367,DISABLED,30,0,0,0,0,0,4.880
368,DISABLED,30,0,0,0,0,0,3.590
369,DISABLED,30,0,0,0,0,0,3.543
370,DISABLED,30,0,0,0,0,0,3.312
371,DISABLED,30,0,0,0,0,0,4.165
372,DISABLED,30,0,0,0,0,0,3.479
373,DISABLED,30,0,0,0,0,0,3.600
374,DISABLED,30,0,0,0,0,0,3.293
375,DISABLED,30,0,0,0,0,0,3.566
376,DISABLED,30,0,0,0,0,0,3.713
377,DISABLED,30,0,0,0,0,0,3.604
378,DISABLED,30,0,0,0,0,0,3.939
379,DISABLED,30,0,0,0,0,0,3.410
380,DISABLED,30,0,0,0,0,0,3.686
381,DISABLED,30,0,0,0,0,0,3.566
382,DISABLED,30,0,0,0,0,0,3.424
383,DISABLED,30,0,0,0,0,0,3.454
384,DISABLED,30,0,0,0,0,0,3.673
385,DISABLED,30,0,0,0,0,0,3.347
386,DISABLED,30,0,0,0,0,0,3.557
387,DISABLED,30,0,0,0,0,0,3.790
388,DISABLED,30,0,0,0,0,0,3.434
389,DISABLED,30,0,0,0,0,0,3.532
390,DISABLED,30,0,0,0,0,0,3.804
391,DISABLED,30,0,0,0,0,0,3.612
392,DISABLED,30,0,0,0,0,0,3.745
393,DISABLED,30,0,0,0,0,0,3.479
394,DISABLED,30,0,0,0,0,0,3.648
395,DISABLED,30,0,0,0,0,0,3.137
396,DISABLED,30,0,0,0,0,0,3.360
397,DISABLED,30,0,0,0,0,0,3.438
398,DISABLED,30,0,0,0,0,0,3.761
399,DISABLED,30,0,0,0,0,0,3.511
400,DISABLED,30,0,0,0,0,0,3.280
401,DISABLED,30,0,0,0,0,0,3.518
402,DISABLED,30,0,0,0,0,0,3.583
403,DISABLED,30,0,0,0,0,0,3.761
404,DISABLED,30,0,0,0,0,0,3.269
405,DISABLED,30,0,0,0,0,0,3.537
406,DISABLED,30,0,0,0,0,0,3.613
407,DISABLED,30,0,0,0,0,0,3.718
408,DISABLED,30,0,0,0,0,0,3.745
409,DISABLED,30,0,0,0,0,0,3.815
410,DISABLED,30,0,0,0,0,0,3.489
411,DISABLED,30,0,0,0,0,0,3.414
412,DISABLED,30,0,0,0,0,0,3.481
413,DISABLED,30,0,0,0,0,0,3.524
414,DISABLED,30,0,0,0,0,0,3.480
415,DISABLED,30,0,0,0,0,0,3.612
416,DISABLED,30,0,0,0,0,0,3.439
417,DISABLED,30,0,0,0,0,0,3.687
418,DISABLED,30,0,0,0,0,0,3.350
419,DISABLED,30,0,0,0,0,0,3.631
420,DISABLED,30,0,0,0,0,0,3.764
421,DISABLED,30,0,0,0,0,0,3.670
422,DISABLED,30,0,0,0,0,0,3.667
423,DISABLED,30,0,0,0,0,0,3.642
424,DISABLED,30,0,0,0,0,0,3.584
425,DISABLED,30,0,0,0,0,0,3.114
426,DISABLED,30,0,0,2,1,1,0.530
427,DISABLED,30,0,0,0,0,0,5.780
428,DISABLED,30,0,0,0,0,0,3.587
429,DISABLED,30,0,0,0,0,0,3.552
430,DISABLED,30,0,0,0,0,0,4.450
431,DISABLED,30,0,0,0,0,0,3.726
432,DISABLED,30,0,0,0,0,0,4.239
433,DISABLED,30,0,0,0,0,0,3.674
434,DISABLED,30,0,0,0,0,0,3.664
435,DISABLED,30,0,0,0,0,0,3.802
436,DISABLED,30,0,0,0,0,0,3.596
437,DISABLED,30,0,0,0,0,0,4.176
438,DISABLED,30,0,0,0,0,0,4.002
439,DISABLED,30,0,0,0,0,0,6.448
440,DISABLED,30,0,0,0,0,0,3.707
441,DISABLED,30,0,0,0,0,0,3.971
442,DISABLED,30,0,0,0,0,0,3.391
443,DISABLED,30,0,0,0,0,0,3.453
444,DISABLED,30,0,0,0,0,0,3.447
445,DISABLED,30,0,0,0,0,0,3.490
446,DISABLED,30,0,0,0,0,0,3.230
447,DISABLED,30,0,0,0,0,0,3.092
448,DISABLED,30,0,0,0,0,0,3.329
449,DISABLED,30,0,0,0,0,0,3.127
450,DISABLED,30,0,0,0,0,0,3.063
451,DISABLED,30,0,0,0,0,0,3.220
452,DISABLED,30,0,0,0,0,0,2.711
453,DISABLED,30,0,0,0,0,0,2.696
454,DISABLED,30,0,0,0,0,0,2.703
455,DISABLED,30,0,0,0,0,0,2.905
456,DISABLED,30,0,0,0,0,0,1.922
457,DISABLED,30,0,0,0,0,0,2.066
458,DISABLED,30,0,0,0,0,0,2.460
459,DISABLED,30,0,0,0,0,0,2.262
460,DISABLED,30,0,0,0,0,0,2.172
461,DISABLED,30,0,0,0,0,0,1.727
462,DISABLED,30,0,0,0,0,0,2.175
463,DISABLED,30,0,0,0,0,0,1.961
464,DISABLED,30,0,0,0,0,0,2.674
465,DISABLED,30,0,0,0,0,0,1.782
466,DISABLED,30,0,0,0,0,0,1.883
467,DISABLED,30,0,0,0,0,0,2.157
468,DISABLED,30,0,0,0,0,0,2.140
469,DISABLED,30,0,0,0,0,0,2.003
470,DISABLED,30,0,0,0,0,0,1.844
471,DISABLED,30,0,0,0,0,0,2.133
472,DISABLED,30,0,0,0,0,0,1.927
473,DISABLED,30,0,0,0,0,0,2.033
474,DISABLED,30,0,0,0,0,0,2.008
475,DISABLED,30,0,0,0,0,0,2.232
476,DISABLED,30,0,0,0,0,0,1.803
477,DISABLED,30,0,0,0,0,0,2.227
478,DISABLED,30,0,0,0,0,0,2.149
479,DISABLED,30,0,0,0,0,0,2.055
480,DISABLED,30,0,0,0,0,0,1.861
481,DISABLED,30,0,0,0,0,0,2.149
482,DISABLED,30,0,0,0,0,0,2.089
483,DISABLED,30,0,0,0,0,0,2.189
484,DISABLED,30,0,0,0,0,0,2.000
485,DISABLED,30,0,0,0,0,0,2.040
486,DISABLED,30,0,0,0,0,0,1.658
487,DISABLED,30,0,0,0,0,0,1.778
488,DISABLED,30,0,0,0,0,0,2.030
489,DISABLED,30,0,0,0,0,0,1.856
490,DISABLED,30,0,0,0,0,0,1.928
491,DISABLED,30,0,0,0,0,0,1.781
492,DISABLED,30,0,0,0,0,0,2.292
493,DISABLED,30,0,0,0,0,0,1.968
494,DISABLED,30,0,0,0,0,0,1.993
495,DISABLED,30,0,0,0,0,0,1.905
496,DISABLED,30,0,0,0,0,0,2.099
497,DISABLED,30,0,0,0,0,0,2.207
498,DISABLED,30,0,0,0,0,0,2.008
499,DISABLED,30,0,0,0,0,0,1.940
500,DISABLED,30,0,0,0,0,0,1.984
501,DISABLED,30,0,0,0,0,0,1.859
502,DISABLED,30,0,0,0,0,0,1.937
503,DISABLED,30,0,0,0,0,0,2.000
504,DISABLED,30,0,0,0,0,0,1.945
505,DISABLED,30,0,0,0,0,0,2.005
506,DISABLED,30,0,0,0,0,0,2.132
507,DISABLED,30,0,0,0,0,0,1.946
508,DISABLED,30,0,0,0,0,0,2.017
509,DISABLED,30,0,0,0,0,0,2.167
510,DISABLED,30,0,0,0,0,0,1.897
511,DISABLED,30,0,0,0,0,0,2.065
512,DISABLED,30,0,0,0,0,0,2.057
513,DISABLED,30,0,0,0,0,0,2.028
514,DISABLED,30,0,0,0,0,0,1.853
515,DISABLED,30,0,0,0,0,0,2.116
516,DISABLED,30,0,0,0,0,0,1.577
517,DISABLED,30,0,0,0,0,0,1.809
518,DISABLED,30,0,0,0,0,0,1.952
519,DISABLED,30,0,0,0,0,0,1.905
520,DISABLED,30,0,0,0,0,0,1.986
521,DISABLED,30,0,0,0,0,0,1.816
522,DISABLED,30,0,0,0,0,0,2.096
523,DISABLED,30,0,0,0,0,0,1.845
524,DISABLED,30,0,0,0,0,0,1.971
525,DISABLED,30,0,0,0,0,0,1.812
526,DISABLED,30,0,0,0,0,0,1.893
527,DISABLED,30,0,0,0,0,0,2.317
528,DISABLED,30,0,0,0,0,0,2.207
529,DISABLED,30,0,0,0,0,0,1.696
530,DISABLED,30,0,0,0,0,0,2.034
531,DISABLED,30,0,0,0,0,0,1.794
532,DISABLED,30,0,0,0,0,0,2.002
533,DISABLED,30,0,0,0,0,0,2.006
534,DISABLED,30,0,0,0,0,0,2.161
535,DISABLED,30,0,0,0,0,0,2.062
536,DISABLED,30,0,0,0,0,0,1.931
537,DISABLED,30,0,0,0,0,0,1.840
538,DISABLED,30,0,0,0,0,0,1.910
539,DISABLED,30,0,0,0,0,0,2.089
540,DISABLED,30,0,0,0,0,0,2.027
541,DISABLED,30,0,0,0,0,0,2.339
542,DISABLED,30,0,0,0,0,0,1.988
543,DISABLED,30,0,0,0,0,0,2.245
544,DISABLED,30,0,0,0,0,0,1.829
545,DISABLED,30,0,0,0,0,0,2.098
546,DISABLED,30,0,0,0,0,0,1.729
547,DISABLED,30,0,0,0,0,0,1.676
548,DISABLED,30,0,0,0,0,0,1.964
549,DISABLED,30,0,0,0,0,0,2.106
550,DISABLED,30,0,0,0,0,0,2.168
551,DISABLED,30,0,0,0,0,0,2.301
552,DISABLED,30,0,0,0,0,0,1.997
553,DISABLED,30,0,0,0,0,0,2.003
554,DISABLED,30,0,0,0,0,0,2.089
555,DISABLED,30,0,0,0,0,0,1.950
556,DISABLED,30,0,0,0,0,0,1.996
557,DISABLED,30,0,0,0,0,0,2.012
558,DISABLED,30,0,0,0,0,0,2.021
559,DISABLED,30,0,0,0,0,0,1.880
560,DISABLED,30,0,0,0,0,0,2.105
561,DISABLED,30,0,0,0,0,0,1.973
562,DISABLED,30,0,0,0,0,0,1.919
563,DISABLED,30,0,0,0,0,0,2.011
564,DISABLED,30,0,0,0,0,0,2.020
565,DISABLED,30,0,0,0,0,0,1.911
566,DISABLED,30,0,0,0,0,0,1.863
567,DISABLED,30,0,0,0,0,0,1.974
568,DISABLED,30,0,0,0,0,0,1.921
569,DISABLED,30,0,0,0,0,0,1.941
570,DISABLED,30,0,0,0,0,0,1.818
571,DISABLED,30,0,0,0,0,0,2.113
572,DISABLED,30,0,0,0,0,0,1.957
573,DISABLED,30,0,0,0,0,0,1.949
574,DISABLED,30,0,0,0,0,0,1.947
575,DISABLED,30,0,0,0,0,0,2.094
576,DISABLED,30,0,0,0,0,0,1.678
577,DISABLED,30,0,0,0,0,0,1.691
578,DISABLED,30,0,0,0,0,0,2.128
579,DISABLED,30,0,0,0,0,0,1.856
580,DISABLED,30,0,0,0,0,0,1.965
581,DISABLED,30,0,0,0,0,0,1.910
582,DISABLED,30,0,0,0,0,0,2.128
583,DISABLED,30,0,0,0,0,0,1.856
584,DISABLED,30,0,0,0,0,0,2.184
585,DISABLED,30,0,0,0,0,0,1.956
586,DISABLED,30,0,0,0,0,0,1.870
587,DISABLED,30,0,0,0,0,0,2.120
588,DISABLED,30,0,0,0,0,0,2.090
589,DISABLED,30,0,0,0,0,0,2.003
590,DISABLED,30,0,0,0,0,0,1.855
591,DISABLED,30,0,0,0,0,0,2.089
592,DISABLED,30,0,0,0,0,0,1.972
593,DISABLED,30,0,0,0,0,0,1.912
594,DISABLED,30,0,0,0,0,0,1.973
595,DISABLED,30,0,0,0,0,0,1.964
596,DISABLED,30,0,0,0,0,0,2.012
597,DISABLED,30,0,0,0,0,0,1.809
598,DISABLED,30,0,0,0,0,0,2.277
599,DISABLED,30,0,0,0,0,0,1.932
600,DISABLED,30,0,0,0,0,0,2.206
601,DISABLED,30,0,0,0,0,0,2.438
602,DISABLED,30,0,0,0,0,0,1.998
603,DISABLED,30,0,0,0,0,0,2.034
604,DISABLED,30,0,0,0,0,0,1.942
605,DISABLED,30,0,0,0,0,0,1.966
606,DISABLED,30,0,0,0,0,0,1.557
607,DISABLED,30,0,0,0,0,0,1.973
608,DISABLED,30,0,0,0,0,0,2.088
609,DISABLED,30,0,0,0,0,0,2.013
610,DISABLED,30,0,0,0,0,0,2.118
611,DISABLED,30,0,0,0,0,0,1.765
612,DISABLED,30,0,0,0,0,0,2.134
613,DISABLED,30,0,0,0,0,0,1.863
614,DISABLED,30,0,0,0,0,0,2.210
615,DISABLED,30,0,0,0,0,0,1.705
616,DISABLED,30,0,0,0,0,0,2.021
617,DISABLED,30,0,0,0,0,0,2.058
618,DISABLED,30,0,0,0,0,0,2.140
619,DISABLED,30,0,0,0,0,0,1.974
620,DISABLED,30,0,0,0,0,0,1.942
621,DISABLED,30,0,0,0,0,0,1.997
622,DISABLED,30,0,0,0,0,0,1.934
623,DISABLED,30,0,0,0,0,0,2.089
624,DISABLED,30,0,0,0,0,0,2.053
625,DISABLED,30,0,0,0,0,0,2.011
626,DISABLED,30,0,0,0,0,0,2.057
627,DISABLED,30,0,0,0,0,0,2.070
628,DISABLED,30,0,0,0,0,0,1.802
629,DISABLED,30,0,0,0,0,0,1.947
630,DISABLED,30,0,0,0,0,0,2.167
631,DISABLED,30,0,0,0,0,0,2.189
632,DISABLED,30,0,0,0,0,0,2.074
633,DISABLED,30,0,0,0,0,0,1.971
634,DISABLED,30,0,0,0,0,0,1.964
635,DISABLED,30,0,0,0,0,0,2.151
636,DISABLED,30,0,0,0,0,0,1.533
637,DISABLED,30,0,0,0,0,0,1.715
638,DISABLED,30,0,0,0,0,0,2.120
639,DISABLED,30,0,0,0,0,0,2.385
640,DISABLED,30,0,0,0,0,0,1.895
641,DISABLED,30,0,0,0,0,0,1.807
642,DISABLED,30,0,0,0,0,0,2.018
643,DISABLED,30,0,0,0,0,0,1.888
644,DISABLED,30,0,0,0,0,0,2.018
645,DISABLED,30,0,0,0,0,0,1.740
646,DISABLED,30,0,0,0,0,0,2.029
647,DISABLED,30,0,0,0,0,0,2.015
648,DISABLED,30,0,0,0,0,0,1.975
649,DISABLED,30,0,0,0,0,0,2.011
650,DISABLED,30,0,0,0,0,0,1.901
651,DISABLED,30,0,0,0,0,0,2.144
652,DISABLED,30,0,0,0,0,0,1.924
653,DISABLED,30,0,0,0,0,0,1.801
654,DISABLED,30,0,0,0,0,0,2.078
655,DISABLED,30,0,0,0,0,0,2.298
656,DISABLED,30,0,0,0,0,0,1.780
657,DISABLED,30,0,0,0,0,0,1.908
658,DISABLED,30,0,0,0,0,0,1.945
659,DISABLED,30,0,0,0,0,0,1.955
660,DISABLED,30,0,0,0,0,0,2.218
661,DISABLED,30,0,0,0,0,0,2.368
662,DISABLED,30,0,0,0,0,0,2.021
663,DISABLED,30,0,0,0,0,0,2.091
664,DISABLED,30,0,0,0,0,0,1.909
665,DISABLED,30,0,0,0,0,0,2.237
666,DISABLED,30,0,0,0,0,0,1.582
667,DISABLED,30,0,0,0,0,0,1.716
668,DISABLED,30,0,0,0,0,0,1.988
669,DISABLED,30,0,0,0,0,0,1.824
670,DISABLED,30,0,0,0,0,0,1.834
671,DISABLED,30,0,0,0,0,0,1.918
672,DISABLED,30,0,0,0,0,0,2.081
673,DISABLED,30,0,0,0,0,0,2.151
674,DISABLED,30,0,0,0,0,0,1.994
675,DISABLED,30,0,0,0,0,0,1.859
676,DISABLED,30,0,0,0,0,0,1.885
677,DISABLED,30,0,0,0,0,0,2.065
678,DISABLED,30,0,0,0,0,0,2.034
679,DISABLED,30,0,0,0,0,0,2.150
680,DISABLED,30,0,0,0,0,0,1.983
681,DISABLED,30,0,0,0,0,0,2.535
682,DISABLED,30,0,0,0,0,0,2.166
683,DISABLED,30,0,0,0,0,0,1.763
684,DISABLED,30,0,0,0,0,0,2.233
685,DISABLED,30,0,0,0,0,0,1.770
686,DISABLED,30,0,0,0,0,0,2.252
687,DISABLED,30,0,0,0,0,0,1.933
688,DISABLED,30,0,0,0,0,0,2.183
689,DISABLED,30,0,0,0,0,0,1.838
690,DISABLED,30,0,0,0,0,0,1.932
691,DISABLED,30,0,0,0,0,0,1.956
692,DISABLED,30,0,0,0,0,0,1.972
693,DISABLED,30,0,0,0,0,0,2.068
694,DISABLED,30,0,0,0,0,0,2.152
695,DISABLED,30,0,0,0,0,0,2.075
696,DISABLED,30,0,0,0,0,0,1.630
697,DISABLED,30,0,0,0,0,0,1.808
698,DISABLED,30,0,0,0,0,0,2.343
699,DISABLED,30,0,0,0,0,0,1.832
700,DISABLED,30,0,0,0,0,0,1.865
701,DISABLED,30,0,0,0,0,0,1.817
702,DISABLED,30,0,0,0,0,0,1.989
703,DISABLED,30,0,0,0,0,0,1.861
704,DISABLED,30,0,0,0,0,0,2.308
705,DISABLED,30,0,0,0,0,0,1.755
706,DISABLED,30,0,0,0,0,0,1.917
707,DISABLED,30,0,0,0,0,0,2.011
708,DISABLED,30,0,0,0,0,0,2.069
709,DISABLED,30,0,0,0,0,0,1.938
710,DISABLED,30,0,0,0,0,0,2.019
711,DISABLED,30,0,0,0,0,0,2.084
712,DISABLED,30,0,0,0,0,0,1.934
713,DISABLED,30,0,0,0,0,0,1.779
714,DISABLED,30,0,0,0,0,0,1.904
715,DISABLED,30,0,0,0,0,0,1.925
716,DISABLED,30,0,0,0,0,0,2.358
717,DISABLED,30,0,0,0,0,0,1.871
718,DISABLED,30,0,0,0,0,0,1.909
719,DISABLED,30,0,0,0,0,0,1.801
720,DISABLED,30,0,0,0,0,0,2.151
721,DISABLED,30,0,0,0,0,0,2.045
722,DISABLED,30,0,0,0,0,0,2.384
723,DISABLED,30,0,0,0,0,0,2.442
724,DISABLED,30,0,0,0,0,0,1.861
725,DISABLED,30,0,0,0,0,0,2.201
726,DISABLED,30,0,0,0,0,0,1.544
727,DISABLED,30,0,0,0,0,0,2.182
728,DISABLED,30,0,0,0,0,0,2.306
729,DISABLED,30,0,0,0,0,0,1.946
730,DISABLED,30,0,0,0,0,0,31.736
731,DISABLED,30,0,0,0,0,0,7.398
732,DISABLED,30,0,0,0,0,0,2.552
733,DISABLED,30,0,0,0,0,0,2.431
734,DISABLED,30,0,0,0,0,0,2.591
735,DISABLED,30,0,0,0,0,0,2.125
736,DISABLED,30,0,0,0,0,0,1.854
737,DISABLED,30,0,0,0,0,0,2.413
738,DISABLED,30,0,0,0,0,0,2.029
739,DISABLED,30,0,0,0,0,0,1.915
740,DISABLED,30,0,0,0,0,0,2.423
741,DISABLED,30,0,0,0,0,0,1.935
742,DISABLED,30,0,0,0,0,0,1.997
743,DISABLED,30,0,0,0,0,0,1.840
744,DISABLED,30,0,0,0,0,0,2.459
745,DISABLED,30,0,0,0,0,0,2.021
746,DISABLED,30,0,0,0,0,0,1.804
747,DISABLED,30,0,0,0,0,0,1.974
748,DISABLED,30,0,0,0,0,0,2.455
749,DISABLED,30,0,0,0,0,0,1.802
750,DISABLED,30,0,0,0,0,0,1.865
751,DISABLED,30,0,0,0,0,0,2.021
752,DISABLED,30,0,0,0,0,0,2.020
753,DISABLED,30,0,0,0,0,0,2.337
754,DISABLED,30,0,0,0,0,0,2.338
755,DISABLED,30,0,0,0,0,0,1.990
756,DISABLED,30,0,0,0,0,0,1.526
757,DISABLED,30,0,0,0,0,0,2.090
758,DISABLED,30,0,0,0,0,0,2.383
759,DISABLED,30,0,0,0,0,0,2.199
760,DISABLED,30,0,0,0,0,0,1.895
761,DISABLED,30,0,0,0,0,0,2.129
762,DISABLED,30,0,0,0,0,0,1.976
763,DISABLED,30,0,0,0,0,0,2.316
764,DISABLED,30,0,0,0,0,0,1.965
765,DISABLED,30,0,0,0,0,0,2.096
766,DISABLED,30,0,0,0,0,0,1.926
767,DISABLED,30,0,0,0,0,0,2.122
768,DISABLED,30,0,0,0,0,0,2.080
769,DISABLED,30,0,0,0,0,0,1.927
770,DISABLED,30,0,0,0,0,0,2.587
771,DISABLED,30,0,0,0,0,0,1.867
772,DISABLED,30,0,0,0,0,0,1.949
773,DISABLED,30,0,0,0,0,0,1.779
774,DISABLED,30,0,0,0,0,0,1.900
775,DISABLED,30,0,0,0,0,0,2.220
776,DISABLED,30,0,0,0,0,0,1.899
777,DISABLED,30,0,0,0,0,0,2.004
778,DISABLED,30,0,0,0,0,0,1.882
779,DISABLED,30,0,0,0,0,0,1.985
780,DISABLED,30,0,0,0,0,0,2.159
781,DISABLED,30,0,0,0,0,0,2.071
782,DISABLED,30,0,0,0,0,0,1.969
783,DISABLED,30,0,0,0,0,0,1.997
784,DISABLED,30,0,0,0,0,0,2.191
785,DISABLED,30,0,0,0,0,0,1.975
786,DISABLED,30,0,0,0,0,0,1.537
787,DISABLED,30,0,0,0,0,0,1.714
788,DISABLED,30,0,0,0,0,0,1.958
789,DISABLED,30,0,0,0,0,0,1.814
790,DISABLED,30,0,0,0,0,0,1.861
791,DISABLED,30,0,0,0,0,0,1.770
792,DISABLED,30,0,0,0,0,0,2.206
793,DISABLED,30,0,0,0,0,0,1.871
794,DISABLED,30,0,0,0,0,0,1.947
795,DISABLED,30,0,0,0,0,0,1.726
796,DISABLED,30,0,0,0,0,0,2.091
797,DISABLED,30,0,0,0,0,0,2.035
798,DISABLED,30,0,0,0,0,0,2.020
799,DISABLED,30,0,0,0,0,0,2.163
800,DISABLED,30,0,0,0,0,0,1.887
801,DISABLED,30,0,0,0,0,0,2.136
802,DISABLED,30,0,0,0,0,0,2.047
803,DISABLED,30,0,0,0,0,0,1.805
804,DISABLED,30,0,0,0,0,0,1.903
805,DISABLED,30,0,0,0,0,0,1.966
806,DISABLED,30,0,0,0,0,0,1.990
807,DISABLED,30,0,0,0,0,0,1.952
808,DISABLED,30,0,0,0,0,0,1.984
809,DISABLED,30,0,0,0,0,0,1.857
810,DISABLED,30,0,0,0,0,0,1.811
811,DISABLED,30,0,0,0,0,0,2.097
812,DISABLED,30,0,0,0,0,0,2.097
813,DISABLED,30,0,0,0,0,0,2.340
814,DISABLED,30,0,0,0,0,0,1.839
815,DISABLED,30,0,0,0,0,0,1.949
816,DISABLED,30,0,0,0,0,0,1.542
817,DISABLED,30,0,0,0,0,0,1.692
818,DISABLED,30,0,0,0,0,0,1.958
819,DISABLED,30,0,0,0,0,0,1.823
820,DISABLED,30,0,0,0,0,0,2.011
821,DISABLED,30,0,0,0,0,0,1.970
822,DISABLED,30,0,0,0,0,0,2.381
823,DISABLED,30,0,0,0,0,0,1.867
824,DISABLED,30,0,0,0,0,0,2.063
825,DISABLED,30,0,0,0,0,0,1.770
826,DISABLED,30,0,0,0,0,0,1.948
827,DISABLED,30,0,0,0,0,0,2.719
828,DISABLED,30,0,0,0,0,0,2.172
829,DISABLED,30,0,0,0,0,0,2.006
830,DISABLED,30,0,0,0,0,0,2.065
831,DISABLED,30,0,0,0,0,0,1.807
832,DISABLED,30,0,0,0,0,0,1.947
833,DISABLED,30,0,0,0,0,0,1.933
834,DISABLED,30,0,0,0,0,0,1.897
835,DISABLED,30,0,0,0,0,0,1.947
836,DISABLED,30,0,0,0,0,0,1.781
837,DISABLED,30,0,0,0,0,0,1.944
838,DISABLED,30,0,0,0,0,0,1.900
839,DISABLED,30,0,0,0,0,0,1.947
840,DISABLED,30,0,0,0,0,0,1.793
841,DISABLED,30,0,0,0,0,0,2.132
842,DISABLED,30,0,0,0,0,0,1.957
843,DISABLED,30,0,0,0,0,0,2.059
844,DISABLED,30,0,0,0,0,0,1.891
845,DISABLED,30,0,0,0,0,0,2.119
846,DISABLED,30,0,0,0,0,0,1.561
847,DISABLED,30,0,0,0,0,0,1.721
848,DISABLED,30,0,0,0,0,0,2.086
849,DISABLED,30,0,0,0,0,0,1.940
850,DISABLED,30,0,0,0,0,0,1.855
851,DISABLED,30,0,0,0,0,0,1.706
852,DISABLED,30,0,0,0,0,0,2.011
853,DISABLED,30,0,0,0,0,0,1.995
854,DISABLED,30,0,0,0,0,0,2.026
855,DISABLED,30,0,0,0,0,0,1.947
856,DISABLED,30,0,0,0,0,0,1.896
857,DISABLED,30,0,0,0,0,0,2.072
858,DISABLED,30,0,0,0,0,0,1.971
859,DISABLED,30,0,0,0,0,0,1.876
860,DISABLED,30,0,0,0,0,0,2.004
861,DISABLED,30,0,0,0,0,0,1.760
862,DISABLED,30,0,0,0,0,0,1.924
863,DISABLED,30,0,0,0,0,0,2.088
864,DISABLED,30,0,0,0,0,0,1.919
865,DISABLED,30,0,0,0,0,0,1.825
866,DISABLED,30,0,0,0,0,0,1.948
867,DISABLED,30,0,0,0,0,0,1.797
868,DISABLED,30,0,0,0,0,0,1.787
869,DISABLED,30,0,0,0,0,0,1.994
870,DISABLED,30,0,0,0,0,0,1.963
871,DISABLED,30,0,0,0,0,0,1.960
872,DISABLED,30,0,0,0,0,0,2.009
873,DISABLED,30,0,0,0,0,0,1.955
874,DISABLED,30,0,0,0,0,0,1.845
875,DISABLED,30,0,0,0,0,0,2.094
876,DISABLED,30,0,0,0,0,0,1.539
877,DISABLED,30,0,0,0,0,0,1.787
878,DISABLED,30,0,0,0,0,0,1.993
879,DISABLED,30,0,0,0,0,0,1.822
880,DISABLED,30,0,0,0,0,0,1.860
881,DISABLED,30,0,0,0,0,0,1.854
882,DISABLED,30,0,0,0,0,0,1.986
883,DISABLED,30,0,0,0,0,0,1.893
884,DISABLED,30,0,0,0,0,0,2.005
885,DISABLED,30,0,0,0,0,0,1.737
886,DISABLED,30,0,0,0,0,0,1.868
887,DISABLED,30,0,0,0,0,0,2.041
888,DISABLED,30,0,0,0,0,0,2.225
889,DISABLED,30,0,0,0,0,0,1.884
890,DISABLED,30,0,0,0,0,0,1.801
891,DISABLED,30,0,0,0,0,0,1.968
892,DISABLED,30,0,0,0,0,0,1.971
893,DISABLED,30,0,0,0,0,0,1.779
894,DISABLED,30,0,0,0,0,0,1.480
895,DISABLED,30,0,0,0,0,0,1.227
896,DISABLED,30,0,0,0,0,0,0.919
897,DISABLED,30,0,0,0,0,0,0.810
898,DISABLED,30,0,0,0,0,0,0.760
899,DISABLED,30,0,0,0,0,0,0.833
900,DISABLED,30,0,0,0,0,0,1.208
901,DISABLED,30,0,0,0,0,0,0.981
902,DISABLED,30,0,0,0,0,0,1.054
903,DISABLED,30,0,0,0,0,0,0.912
904,DISABLED,30,0,0,0,0,0,0.787
905,DISABLED,30,0,0,0,0,0,0.926
906,DISABLED,30,0,0,0,0,0,0.522
907,DISABLED,30,0,0,0,0,0,0.647
908,DISABLED,30,0,0,0,0,0,0.818
909,DISABLED,30,0,0,0,0,0,0.911
910,DISABLED,30,0,0,0,0,0,0.817
911,DISABLED,30,0,0,0,0,0,0.647
912,DISABLED,30,0,0,0,0,0,0.927
913,DISABLED,30,0,0,0,0,0,1.044
914,DISABLED,30,0,0,0,0,0,0.919
915,DISABLED,30,0,0,0,0,0,0.798
916,DISABLED,30,0,0,0,0,0,0.834
917,DISABLED,30,0,0,0,0,0,1.067
918,DISABLED,30,0,0,0,0,0,0.935
919,DISABLED,30,0,0,0,0,0,0.807
920,DISABLED,30,0,0,0,0,0,0.713
921,DISABLED,30,0,0,0,0,0,0.881
922,DISABLED,30,0,0,0,0,0,0.997
923,DISABLED,30,0,0,0,0,0,0.738
924,DISABLED,30,0,0,0,0,0,0.942
925,DISABLED,30,0,0,0,0,0,0.712
926,DISABLED,30,0,0,0,0,0,0.849
927,DISABLED,30,0,0,0,0,0,0.982
928,DISABLED,30,0,0,0,0,0,0.779
929,DISABLED,30,0,0,0,0,0,0.857
930,DISABLED,30,0,0,0,0,0,0.864
931,DISABLED,30,0,0,0,0,0,0.943
932,DISABLED,30,0,0,0,0,0,0.935
933,DISABLED,30,0,0,0,0,0,0.865
934,DISABLED,30,0,0,0,0,0,0.772
935,DISABLED,30,0,0,0,0,0,0.943
936,DISABLED,30,0,0,0,0,0,0.475
937,DISABLED,30,0,0,0,0,0,0.638
938,DISABLED,30,0,0,0,0,0,1.208
939,DISABLED,30,0,0,0,0,0,0.786
940,DISABLED,30,0,0,0,0,0,0.825
941,DISABLED,30,0,0,0,0,0,0.637
942,DISABLED,30,0,0,0,0,0,0.940
943,DISABLED,30,0,0,0,0,0,0.763
944,DISABLED,30,0,0,0,0,0,1.159
945,DISABLED,30,0,0,0,0,0,0.670
946,DISABLED,30,0,0,0,0,0,0.826
947,DISABLED,30,0,0,0,0,0,0.943
948,DISABLED,30,0,0,0,0,0,1.161
949,DISABLED,30,0,0,0,0,0,1.067
950,DISABLED,30,0,0,0,0,0,0.701
951,DISABLED,30,0,0,0,0,0,1.046
952,DISABLED,30,0,0,0,0,0,0.723
953,DISABLED,30,0,0,0,0,0,1.157
954,DISABLED,30,0,0,0,0,0,0.864
955,DISABLED,30,0,0,0,0,0,0.829
956,DISABLED,30,0,0,0,0,0,0.721
957,DISABLED,30,0,0,0,0,0,0.904
958,DISABLED,30,0,0,0,0,0,0.749
959,DISABLED,30,0,0,0,0,0,0.753
960,DISABLED,30,0,0,0,0,0,1.366
961,DISABLED,30,0,0,0,0,0,0.877
962,DISABLED,30,0,0,0,0,0,0.907
963,DISABLED,30,0,0,0,0,0,1.122
964,DISABLED,30,0,0,0,0,0,0.766
965,DISABLED,30,0,0,0,0,0,0.900
966,DISABLED,30,0,0,0,0,0,0.494
967,DISABLED,30,0,0,0,0,0,0.643
968,DISABLED,30,0,0,0,0,0,1.122
969,DISABLED,30,0,0,0,0,0,0.981
970,DISABLED,30,0,0,0,0,0,0.986
971,DISABLED,30,0,0,0,0,0,0.654
972,DISABLED,30,0,0,0,0,0,0.935
973,DISABLED,30,0,0,0,0,0,1.051
974,DISABLED,30,0,0,0,0,0,0.912
975,DISABLED,30,0,0,0,0,0,0.677
976,DISABLED,30,0,0,0,0,0,0.805
977,DISABLED,30,0,0,0,0,0,0.982
978,DISABLED,30,0,0,0,0,0,0.909
979,DISABLED,30,0,0,0,0,0,1.058
980,DISABLED,30,0,0,0,0,0,1.045
981,DISABLED,30,0,0,0,0,0,0.678
982,DISABLED,30,0,0,0,0,0,0.740
983,DISABLED,30,0,0,0,0,0,0.818
984,DISABLED,30,0,0,0,0,0,0.814
985,DISABLED,30,0,0,0,0,0,0.737
986,DISABLED,30,0,0,0,0,0,1.052
987,DISABLED,30,0,0,0,0,0,1.288
988,DISABLED,30,0,0,0,0,0,0.725
989,DISABLED,30,0,0,0,0,0,0.857
990,DISABLED,30,0,0,0,0,0,0.786
991,DISABLED,30,0,0,0,0,0,0.903
992,DISABLED,30,0,0,0,0,0,0.907
993,DISABLED,30,0,0,0,0,0,0.884
994,DISABLED,30,0,0,0,0,0,0.779
995,DISABLED,30,0,0,0,0,0,0.907
996,DISABLED,30,0,0,0,0,0,0.512
997,DISABLED,30,0,0,0,0,0,0.599
998,DISABLED,30,0,0,0,0,0,1.161
999,DISABLED,30,0,0,0,0,0,1.033
1000,DISABLED,30,0,0,0,0,0,1.026
1001,DISABLED,30,0,0,0,0,0,0.639
1002,DISABLED,30,0,0,0,0,0,1.130
1003,DISABLED,30,0,0,0,0,0,0.784
1004,DISABLED,30,0,0,0,0,0,1.169
1005,DISABLED,30,0,0,0,0,0,1.269
1006,DISABLED,30,0,0,0,0,0,0.631
1007,DISABLED,30,0,0,0,0,0,0.992
1008,DISABLED,30,0,0,0,0,0,0.899
1009,DISABLED,30,0,0,0,0,0,0.767
1010,DISABLED,30,0,0,0,0,0,0.717
1011,DISABLED,30,0,0,0,0,0,1.281
1012,DISABLED,30,0,0,0,0,0,0.879
1013,DISABLED,30,0,0,0,0,0,0.701
1014,DISABLED,30,0,0,0,0,0,0.818
1015,DISABLED,30,0,0,0,0,0,1.130
1016,DISABLED,30,0,0,0,0,0,0.730
1017,DISABLED,30,0,0,0,0,0,1.340
1018,DISABLED,30,0,0,0,0,0,0.974
1019,DISABLED,30,0,0,0,0,0,0.873
1020,DISABLED,30,0,0,0,0,0,0.779
1021,DISABLED,30,0,0,0,0,0,1.418
1022,DISABLED,30,0,0,0,0,0,0.865
1023,DISABLED,30,0,0,0,0,0,0.872
1024,DISABLED,30,0,0,0,0,0,0.772
1025,DISABLED,30,0,0,0,0,0,0.912
1026,DISABLED,30,0,0,0,0,0,0.487
1027,DISABLED,30,0,0,0,0,0,0.638
1028,DISABLED,30,0,0,0,0,0,1.243
1029,DISABLED,30,0,0,0,0,0,1.161
1030,DISABLED,30,0,0,0,0,0,18.139
1031,DISABLED,30,0,0,0,0,0,0.733
1032,DISABLED,30,0,0,0,0,0,1.379
1033,DISABLED,30,0,0,0,0,0,1.152
1034,DISABLED,30,0,0,0,0,0,1.418
1035,DISABLED,30,0,0,0,0,0,0.693
1036,DISABLED,30,0,0,0,0,0,0.810
1037,DISABLED,30,0,0,0,0,0,1.013
1038,DISABLED,30,0,0,0,0,0,1.366
1039,DISABLED,30,0,0,0,0,0,0.825
1040,DISABLED,30,0,0,0,0,0,1.004
1041,DISABLED,30,0,0,0,0,0,0.722
1042,DISABLED,30,0,0,0,0,0,0.938
1043,DISABLED,30,0,0,0,0,0,0.709
1044,DISABLED,30,0,0,0,0,0,0.857
1045,DISABLED,30,0,0,0,0,0,1.089
1046,DISABLED,30,0,0,0,0,0,0.845
1047,DISABLED,30,0,0,0,0,0,1.005
1048,DISABLED,30,0,0,0,0,0,1.107
1049,DISABLED,30,0,0,0,0,0,0.924
1050,DISABLED,30,0,0,0,0,0,1.258
1051,DISABLED,30,0,0,0,0,0,0.934
1052,DISABLED,30,0,0,0,0,0,0.881
1053,DISABLED,30,0,0,0,0,0,0.895
1054,DISABLED,30,0,0,0,0,0,0.771
1055,DISABLED,30,0,0,0,0,0,0.871
1056,DISABLED,30,0,0,0,0,0,0.709
1057,DISABLED,30,0,0,0,0,0,1.184
1058,DISABLED,30,0,0,0,0,0,1.923
1059,DISABLED,30,0,0,0,0,0,2.033
1060,DISABLED,30,0,0,0,0,0,1.605
1061,DISABLED,30,0,0,0,0,0,1.628
1062,DISABLED,30,0,0,0,0,0,1.955
1063,DISABLED,30,0,0,0,0,0,1.978
1064,DISABLED,30,0,0,0,0,0,2.352
1065,DISABLED,30,0,0,0,0,0,2.059
1066,DISABLED,30,0,0,0,0,0,2.329
1067,DISABLED,30,0,0,0,0,0,2.399
1068,DISABLED,30,0,0,0,0,0,2.355
1069,DISABLED,30,0,0,0,0,0,2.195
1070,DISABLED,30,0,0,0,0,0,2.336
1071,DISABLED,30,0,0,0,0,0,2.196
1072,DISABLED,30,0,0,0,0,0,2.740
1073,DISABLED,30,0,0,0,0,0,2.454
1074,DISABLED,30,0,0,0,0,0,2.267
1075,DISABLED,30,0,0,0,0,0,2.289
1076,DISABLED,30,0,0,0,0,0,2.250
1077,DISABLED,30,0,0,0,0,0,2.414
1078,DISABLED,30,0,0,0,0,0,2.200
1079,DISABLED,30,0,0,0,0,0,2.223
1080,DISABLED,30,0,0,0,0,0,2.764
1081,DISABLED,30,0,0,0,0,0,2.375
1082,DISABLED,30,0,0,0,0,0,2.207
1083,DISABLED,30,0,0,0,0,0,1.938
1084,DISABLED,30,0,0,0,0,0,1.845
1085,DISABLED,30,0,0,0,0,0,1.987
1086,DISABLED,30,0,0,0,0,0,1.550
1087,DISABLED,30,0,0,0,0,0,1.790
1088,DISABLED,30,0,0,0,0,0,1.844
1089,DISABLED,30,0,0,0,0,0,1.991
1090,DISABLED,30,0,0,0,0,0,1.842
1091,DISABLED,30,0,0,0,0,0,1.709
1092,DISABLED,30,0,0,0,0,0,2.041
1093,DISABLED,30,0,0,0,0,0,1.894
1094,DISABLED,30,0,0,0,0,0,2.060
1095,DISABLED,30,0,0,0,0,0,1.918
1096,DISABLED,30,0,0,0,0,0,1.722
1097,DISABLED,30,0,0,0,0,0,2.009
1098,DISABLED,30,0,0,0,0,0,1.993
1099,DISABLED,30,0,0,0,0,0,1.830
1100,DISABLED,30,0,0,0,0,0,1.767
1101,DISABLED,30,0,0,0,0,0,1.963
1102,DISABLED,30,0,0,0,0,0,1.970
1103,DISABLED,30,0,0,0,0,0,1.921
1104,DISABLED,30,0,0,0,0,0,1.808
1105,DISABLED,30,0,0,0,0,0,1.834
1106,DISABLED,30,0,0,0,0,0,2.273
1107,DISABLED,30,0,0,0,0,0,1.950
1108,DISABLED,30,0,0,0,0,0,1.783
1109,DISABLED,30,0,0,0,0,0,1.970
1110,DISABLED,30,0,0,0,0,0,1.807
1111,DISABLED,30,0,0,0,0,0,2.041
1112,DISABLED,30,0,0,0,0,0,2.025
1113,DISABLED,30,0,0,0,0,0,2.025
1114,DISABLED,30,0,0,0,0,0,1.908
1115,DISABLED,30,0,0,0,0,0,1.957
1116,DISABLED,30,0,0,0,0,0,1.573
1117,DISABLED,30,0,0,0,0,0,1.713
1118,DISABLED,30,0,0,0,0,0,1.964
1119,DISABLED,30,0,0,0,0,0,1.923
1120,DISABLED,30,0,0,0,0,0,1.885
1121,DISABLED,30,0,0,0,0,0,1.739
1122,DISABLED,30,0,0,0,0,0,1.981
1123,DISABLED,30,0,0,0,0,0,1.890
1124,DISABLED,30,0,0,0,0,0,2.080
1125,DISABLED,30,0,0,0,0,0,1.741
1126,DISABLED,30,0,0,0,0,0,1.897
1127,DISABLED,30,0,0,0,0,0,2.072
1128,DISABLED,30,0,0,0,0,0,2.017
1129,DISABLED,30,0,0,0,0,0,1.865
1130,DISABLED,30,0,0,0,0,0,1.753
1131,DISABLED,30,0,0,0,0,0,1.985
1132,DISABLED,30,0,0,0,0,0,1.815
1133,DISABLED,30,0,0,0,0,0,2.001
1134,DISABLED,30,0,0,0,0,0,1.907
1135,DISABLED,30,0,0,0,0,0,1.822
1136,DISABLED,30,0,0,0,0,0,1.813
1137,DISABLED,30,0,0,0,0,0,1.984
1138,DISABLED,30,0,0,0,0,0,1.826
1139,DISABLED,30,0,0,0,0,0,1.931
1140,DISABLED,30,0,0,0,0,0,1.955
1141,DISABLED,30,0,0,0,0,0,2.017
1142,DISABLED,30,0,0,0,0,0,1.954
1143,DISABLED,30,0,0,0,0,0,2.180
1144,DISABLED,30,0,0,0,0,0,1.838
1145,DISABLED,30,0,0,0,0,0,2.074
1146,DISABLED,30,0,0,0,0,0,1.549
1147,DISABLED,30,0,0,0,0,0,1.728
1148,DISABLED,30,0,0,0,0,0,1.978
1149,DISABLED,30,0,0,0,0,0,1.924
1150,DISABLED,30,0,0,0,0,0,1.861
1151,DISABLED,30,0,0,0,0,0,1.731
1152,DISABLED,30,0,0,0,0,0,1.997
1153,DISABLED,30,0,0,0,0,0,2.094
1154,DISABLED,30,0,0,0,0,0,1.960
1155,DISABLED,30,0,0,0,0,0,1.761
1156,DISABLED,30,0,0,0,0,0,1.907
1157,DISABLED,30,0,0,0,0,0,2.063
1158,DISABLED,30,0,0,0,0,0,2.049
1159,DISABLED,30,0,0,0,0,0,1.868
1160,DISABLED,30,0,0,0,0,0,2.040
1161,DISABLED,30,0,0,0,0,0,1.783
1162,DISABLED,30,0,0,0,0,0,1.825
1163,DISABLED,30,0,0,0,0,0,1.946
1164,DISABLED,30,0,0,0,0,0,1.994
1165,DISABLED,30,0,0,0,0,0,1.875
1166,DISABLED,30,0,0,0,0,0,1.816
1167,DISABLED,30,0,0,0,0,0,1.799
1168,DISABLED,30,0,0,0,0,0,2.380
1169,DISABLED,30,0,0,0,0,0,1.924
1170,DISABLED,30,0,0,0,0,0,1.838
1171,DISABLED,30,0,0,0,0,0,1.963
1172,DISABLED,30,0,0,0,0,0,1.962
1173,DISABLED,30,0,0,0,0,0,2.236
1174,DISABLED,30,0,0,0,0,0,1.838
1175,DISABLED,30,0,0,0,0,0,1.953
1176,DISABLED,30,0,0,0,0,0,1.564
1177,DISABLED,30,0,0,0,0,0,1.697
1178,DISABLED,30,0,0,0,0,0,1.854
1179,DISABLED,30,0,0,0,0,0,1.999
1180,DISABLED,30,0,0,0,0,0,1.837
1181,DISABLED,30,0,0,0,0,0,1.814
1182,DISABLED,30,0,0,0,0,0,2.001
1183,DISABLED,30,0,0,0,0,0,2.163
1184,DISABLED,30,0,0,0,0,0,1.975
1185,DISABLED,30,0,0,0,0,0,1.745
1186,DISABLED,30,0,0,0,0,0,1.902
1187,DISABLED,30,0,0,0,0,0,2.072
1188,DISABLED,30,0,0,0,0,0,2.258
1189,DISABLED,30,0,0,0,0,0,1.861
1190,DISABLED,30,0,0,0,0,0,1.968
1191,DISABLED,30,0,0,0,0,0,1.752
1192,DISABLED,30,0,0,0,0,0,2.023
1193,DISABLED,30,0,0,0,0,0,1.895
1194,DISABLED,30,0,0,0,0,0,2.173
1195,DISABLED,30,0,0,0,0,0,1.819
1196,DISABLED,30,0,0,0,0,0,2.318
1197,DISABLED,30,0,0,0,0,0,1.978
1198,DISABLED,30,0,0,0,0,0,1.968
1199,DISABLED,30,0,0,0,0,0,1.876
1200,DISABLED,30,0,0,0,0,0,1.853
1201,DISABLED,30,0,0,0,0,0,2.048
1202,DISABLED,30,0,0,0,0,0,1.969
1203,DISABLED,30,0,0,0,0,0,2.025
1204,DISABLED,30,0,0,0,0,0,1.865
1205,DISABLED,30,0,0,0,0,0,1.929
1206,DISABLED,30,0,0,0,0,0,1.565
1207,DISABLED,30,0,0,0,0,0,1.675
1208,DISABLED,30,0,0,0,0,0,1.970
1209,DISABLED,30,0,0,0,0,0,2.095
1210,DISABLED,30,0,0,0,0,0,1.868
1211,DISABLED,30,0,0,0,0,0,1.737
1212,DISABLED,30,0,0,0,0,0,1.993
1213,DISABLED,30,0,0,0,0,0,1.939
1214,DISABLED,30,0,0,0,0,0,1.951
1215,DISABLED,30,0,0,0,0,0,1.707
1216,DISABLED,30,0,0,0,0,0,1.963
1217,DISABLED,30,0,0,0,0,0,2.271
1218,DISABLED,30,0,0,0,0,0,2.454
1219,DISABLED,30,0,0,0,0,0,2.136
1220,DISABLED,30,0,0,0,0,0,1.737
1221,DISABLED,30,0,0,0,0,0,2.000
1222,DISABLED,30,0,0,0,0,0,2.150
1223,DISABLED,30,0,0,0,0,0,2.367
1224,DISABLED,30,0,0,0,0,0,2.165
1225,DISABLED,30,0,0,0,0,0,1.962
1226,DISABLED,30,0,0,0,0,0,1.827
1227,DISABLED,30,0,0,0,0,0,2.179
1228,DISABLED,30,0,0,0,0,0,2.080
1229,DISABLED,30,0,0,0,0,0,1.937
1230,DISABLED,30,0,0,0,0,0,1.822
1231,DISABLED,30,0,0,0,0,0,1.992
1232,DISABLED,30,0,0,0,0,0,2.055
1233,DISABLED,30,0,0,0,0,0,2.211
1234,DISABLED,30,0,0,0,0,0,1.845
1235,DISABLED,30,0,0,0,0,0,1.978
1236,DISABLED,30,0,0,0,0,0,1.542
1237,DISABLED,30,0,0,0,0,0,2.116
1238,DISABLED,30,0,0,0,0,0,2.202
1239,DISABLED,30,0,0,0,0,0,1.829
1240,DISABLED,30,0,0,0,0,0,1.869
1241,DISABLED,30,0,0,0,0,0,1.709
1242,DISABLED,30,0,0,0,0,0,2.205
1243,DISABLED,30,0,0,0,0,0,1.905
1244,DISABLED,30,0,0,0,0,0,2.189
1245,DISABLED,30,0,0,0,0,0,1.896
1246,DISABLED,30,0,0,1,1,0,1.462
1247,DISABLED,30,0,0,0,0,0,2.775
1248,DISABLED,30,0,0,0,0,0,2.047
1249,DISABLED,30,0,0,0,0,0,2.055
1250,DISABLED,30,0,0,0,0,0,2.140
1251,DISABLED,30,0,0,0,0,0,2.133
1252,DISABLED,30,0,0,0,0,0,2.274
1253,DISABLED,30,0,0,0,0,0,2.368
1254,DISABLED,30,0,0,0,0,0,2.047
1255,DISABLED,30,0,0,0,0,0,2.180
1256,DISABLED,30,0,0,0,0,0,1.890
1257,DISABLED,30,0,0,0,0,0,2.321
1258,DISABLED,30,0,0,0,0,0,1.938
1259,DISABLED,30,0,0,0,0,0,2.180
1260,DISABLED,30,0,0,0,0,0,1.860
1261,DISABLED,30,0,0,0,0,0,1.868
1262,DISABLED,30,0,0,0,0,0,2.008
1263,DISABLED,30,0,0,0,0,0,1.935
1264,DISABLED,30,0,0,0,0,0,1.969
1265,DISABLED,30,0,0,0,0,0,2.031
1266,DISABLED,30,0,0,0,0,0,2.071
1267,DISABLED,30,0,0,0,0,0,1.617
1268,DISABLED,30,0,0,0,0,0,1.898
1269,DISABLED,30,0,0,0,0,0,2.024
1270,DISABLED,30,0,0,0,0,0,1.875
1271,DISABLED,30,0,0,0,0,0,1.852
1272,DISABLED,30,0,0,0,0,0,2.083
1273,DISABLED,30,0,0,0,0,0,2.032
1274,DISABLED,30,0,0,0,0,0,1.836
1275,DISABLED,30,0,0,0,0,0,2.383
1276,DISABLED,30,0,0,0,0,0,2.219
1277,DISABLED,30,0,0,0,0,0,1.945
1278,DISABLED,30,0,0,0,0,0,2.211
1279,DISABLED,30,0,0,0,0,0,2.481
1280,DISABLED,30,0,0,0,0,0,1.868
1281,DISABLED,30,0,0,0,0,0,1.953
1282,DISABLED,30,0,0,0,0,0,2.032
1283,DISABLED,30,0,0,0,0,0,1.797
1284,DISABLED,30,0,0,0,0,0,1.883
1285,DISABLED,30,0,0,0,0,0,1.907
1286,DISABLED,30,0,0,0,0,0,2.023
1287,DISABLED,30,0,0,0,0,0,1.953
1288,DISABLED,30,0,0,0,0,0,2.297
1289,DISABLED,30,0,0,0,0,0,2.218
1290,DISABLED,30,0,0,0,0,0,1.821
1291,DISABLED,30,0,0,0,0,0,2.172
1292,DISABLED,30,0,0,0,0,0,2.250
1293,DISABLED,30,0,0,0,0,0,1.952
1294,DISABLED,30,0,0,0,0,0,2.266
1295,DISABLED,30,0,0,0,0,0,2.304
1296,DISABLED,30,0,0,0,0,0,1.953
1297,DISABLED,30,0,0,0,0,0,1.602
1298,DISABLED,30,0,0,0,0,0,1.688
1299,DISABLED,30,0,0,0,0,0,2.039
1300,DISABLED,30,0,0,0,0,0,2.073
1301,DISABLED,30,0,0,0,0,0,2.366
1302,DISABLED,30,0,0,0,0,0,1.789
1303,DISABLED,30,0,0,0,0,0,2.215
1304,DISABLED,30,0,0,0,0,0,1.836
1305,DISABLED,30,0,0,0,0,0,2.468
1306,DISABLED,30,0,0,0,0,0,1.809
1307,DISABLED,30,0,0,0,0,0,2.117
1308,DISABLED,30,0,0,0,0,0,2.680
1309,DISABLED,30,0,0,0,0,0,2.004
1310,DISABLED,30,0,0,0,0,0,1.877
1311,DISABLED,30,0,0,0,0,0,2.031
1312,DISABLED,30,0,0,0,0,0,2.027
1313,DISABLED,30,0,0,0,0,0,1.891
1314,DISABLED,30,0,0,0,0,0,1.953
1315,DISABLED,30,0,0,0,0,0,1.809
1316,DISABLED,30,0,0,0,0,0,2.359
1317,DISABLED,30,0,0,0,0,0,1.859
1318,DISABLED,30,0,0,0,0,0,2.299
1319,DISABLED,30,0,0,0,0,0,2.211
1320,DISABLED,30,0,0,0,0,0,2.480
1321,DISABLED,30,0,0,0,0,0,2.154
1322,DISABLED,30,0,0,0,0,0,2.499
1323,DISABLED,30,0,0,0,0,0,1.994
1324,DISABLED,30,0,0,0,0,0,1.938
1325,DISABLED,30,0,0,0,0,0,1.863
1326,DISABLED,30,0,0,0,0,0,1.972
1327,DISABLED,30,0,0,0,0,0,1.554
1328,DISABLED,30,0,0,0,0,0,1.681
1329,DISABLED,30,0,0,0,0,0,2.452
1330,DISABLED,30,0,0,0,0,0,1.875
1331,DISABLED,30,0,0,0,0,0,18.769
1332,DISABLED,30,0,0,0,0,0,1.781
1333,DISABLED,30,0,0,0,0,0,2.016
1334,DISABLED,30,0,0,0,0,0,1.867
1335,DISABLED,30,0,0,0,0,0,2.420
1336,DISABLED,30,0,0,0,0,0,1.757
1337,DISABLED,30,0,0,0,0,0,2.297
1338,DISABLED,30,0,0,0,0,0,2.063
1339,DISABLED,30,0,0,0,0,0,2.000
1340,DISABLED,30,0,0,0,0,0,1.852
1341,DISABLED,30,0,0,0,0,0,1.854
1342,DISABLED,30,0,0,0,0,0,2.071
1343,DISABLED,30,0,0,0,0,0,1.753
1344,DISABLED,30,0,0,0,0,0,1.883
1345,DISABLED,30,0,0,0,0,0,1.971
1346,DISABLED,30,0,0,0,0,0,1.914
1347,DISABLED,30,0,0,0,0,0,1.907
1348,DISABLED,30,0,0,0,0,0,1.836
1349,DISABLED,30,0,0,0,0,0,1.922
1350,DISABLED,30,0,0,0,0,0,1.961
1351,DISABLED,30,0,0,0,0,0,1.821
1352,DISABLED,30,0,0,0,0,0,2.071
1353,DISABLED,30,0,0,0,0,0,2.016
1354,DISABLED,30,0,0,0,0,0,1.961
1355,DISABLED,30,0,0,0,0,0,1.832
1356,DISABLED,30,0,0,0,0,0,1.946
1357,DISABLED,30,0,0,0,0,0,1.609
1358,DISABLED,30,0,0,0,0,0,1.734
1359,DISABLED,30,0,0,0,0,0,1.876
1360,DISABLED,30,0,0,0,0,0,1.923
1361,DISABLED,30,0,0,0,0,0,1.872
1362,DISABLED,30,0,0,0,0,0,1.759
1363,DISABLED,30,0,0,0,0,0,1.977
1364,DISABLED,30,0,0,0,0,0,1.972
1365,DISABLED,30,0,0,0,0,0,2.028
1366,DISABLED,30,0,0,0,0,0,1.758
1367,DISABLED,30,0,0,0,0,0,1.919
1368,DISABLED,30,0,0,0,0,0,1.938
1369,DISABLED,30,0,0,0,0,0,1.985
1370,DISABLED,30,0,0,0,0,0,1.958
1371,DISABLED,30,0,0,0,0,0,1.990
1372,DISABLED,30,0,0,0,0,0,1.776
1373,DISABLED,30,0,0,0,0,0,2.168
1374,DISABLED,30,0,0,0,0,0,1.891
1375,DISABLED,30,0,0,0,0,0,2.002
1376,DISABLED,30,0,0,0,0,0,1.938
1377,DISABLED,30,0,0,0,0,0,1.868
1378,DISABLED,30,0,0,0,0,0,1.917
1379,DISABLED,30,0,0,0,0,0,1.805
1380,DISABLED,30,0,0,0,0,0,2.374
1381,DISABLED,30,0,0,0,0,0,1.841
1382,DISABLED,30,0,0,0,0,0,2.036
1383,DISABLED,30,0,0,0,0,0,2.211
1384,DISABLED,30,0,0,0,0,0,2.018
1385,DISABLED,30,0,0,0,0,0,1.812
1386,DISABLED,30,0,0,0,0,0,1.951
1387,DISABLED,30,0,0,0,0,0,1.562
1388,DISABLED,30,0,0,0,0,0,1.703
1389,DISABLED,30,0,0,0,0,0,1.936
1390,DISABLED,30,0,0,0,0,0,1.845
1391,DISABLED,30,0,0,0,0,0,1.913
1392,DISABLED,30,0,0,0,0,0,1.773
1393,DISABLED,30,0,0,0,0,0,1.985
1394,DISABLED,30,0,0,0,0,0,1.867
1395,DISABLED,30,0,0,0,0,0,1.977
1396,DISABLED,30,0,0,0,0,0,1.766
1397,DISABLED,30,0,0,0,0,0,1.946
1398,DISABLED,30,0,0,0,0,0,1.993
1399,DISABLED,30,0,0,0,0,0,2.016
1400,DISABLED,30,0,0,0,0,0,1.917
1401,DISABLED,30,0,0,0,0,0,2.063
1402,DISABLED,30,0,0,0,0,0,1.813
1403,DISABLED,30,0,0,0,0,0,1.789
1404,DISABLED,30,0,0,0,0,0,1.899
1405,DISABLED,30,0,0,0,0,0,1.946
1406,DISABLED,30,0,0,0,0,0,1.805
1407,DISABLED,30,0,0,0,0,0,1.971
1408,DISABLED,30,0,0,0,0,0,1.976
1409,DISABLED,30,0,0,0,0,0,1.773
1410,DISABLED,30,0,0,0,0,0,1.874
1411,DISABLED,30,0,0,0,0,0,1.938
1412,DISABLED,30,0,0,0,0,0,2.093
1413,DISABLED,30,0,0,0,0,0,1.972
1414,DISABLED,30,0,0,0,0,0,1.946
1415,DISABLED,30,0,0,0,0,0,1.844
1416,DISABLED,30,0,0,0,0,0,1.940
1417,DISABLED,30,0,0,0,0,0,1.649
1418,DISABLED,30,0,0,0,0,0,1.873
1419,DISABLED,30,0,0,0,0,0,2.012
1420,DISABLED,30,0,0,0,0,0,1.875
1421,DISABLED,30,0,0,0,0,0,2.051
1422,DISABLED,30,0,0,0,0,0,2.006
1423,DISABLED,30,0,0,0,0,0,1.969
1424,DISABLED,30,0,0,0,0,0,1.874
1425,DISABLED,30,0,0,0,0,0,2.033
1426,DISABLED,30,0,0,0,0,0,1.758
1427,DISABLED,30,0,0,0,0,0,1.938
1428,DISABLED,30,0,0,0,0,0,1.993
1429,DISABLED,30,0,0,0,0,0,1.977
1430,DISABLED,30,0,0,0,0,0,1.899
1431,DISABLED,30,0,0,0,0,0,2.276
1432,DISABLED,30,0,0,0,0,0,1.835
1433,DISABLED,30,0,0,0,0,0,2.182
1434,DISABLED,30,0,0,0,0,0,1.969
1435,DISABLED,30,0,0,0,0,0,1.928
1436,DISABLED,30,0,0,0,0,0,1.806
1437,DISABLED,30,0,0,0,0,0,1.941
1438,DISABLED,30,0,0,0,0,0,2.285
1439,DISABLED,30,0,0,0,0,0,1.813
1440,DISABLED,30,0,0,0,0,0,2.039
1441,DISABLED,30,0,0,0,0,0,2.179
1442,DISABLED,30,0,0,0,0,0,2.058
1443,DISABLED,30,0,0,0,0,0,1.922
1444,DISABLED,30,0,0,0,0,0,1.928
1445,DISABLED,30,0,0,0,0,0,2.090
1446,DISABLED,30,0,0,0,0,0,2.003
1447,DISABLED,30,0,0,0,0,0,1.568
1448,DISABLED,30,0,0,0,0,0,1.678
1449,DISABLED,30,0,0,0,0,0,2.188
1450,DISABLED,30,0,0,0,0,0,2.063
1451,DISABLED,30,0,0,0,0,0,1.847
1452,DISABLED,30,0,0,0,0,0,2.031
1453,DISABLED,30,0,0,0,0,0,2.453
1454,DISABLED,30,0,0,0,0,0,1.875
1455,DISABLED,30,0,0,0,0,0,2.523
1456,DISABLED,30,0,0,0,0,0,1.734
1457,DISABLED,30,0,0,0,0,0,1.972
1458,DISABLED,30,0,0,0,0,0,1.977
1459,DISABLED,30,0,0,0,0,0,1.969
1460,DISABLED,30,0,0,0,0,0,1.906
1461,DISABLED,30,0,0,0,0,0,2.500
1462,DISABLED,30,0,0,0,0,0,1.999
1463,DISABLED,30,0,0,0,0,0,1.782
1464,DISABLED,30,0,0,0,0,0,1.930
1465,DISABLED,30,0,0,0,0,0,2.086
1466,DISABLED,30,0,0,0,0,0,2.405
1467,DISABLED,30,0,0,0,0,0,2.204
1468,DISABLED,30,0,0,0,0,0,1.799
1469,DISABLED,30,0,0,0,0,0,1.872
1470,DISABLED,30,0,0,0,0,0,2.078
1471,DISABLED,30,0,0,0,0,0,1.969
1472,DISABLED,30,0,0,0,0,0,2.011
1473,DISABLED,30,0,0,0,0,0,2.211
1474,DISABLED,30,0,0,0,0,0,1.969
1475,DISABLED,30,0,0,0,0,0,2.125
1476,DISABLED,30,0,0,0,0,0,1.977
1477,DISABLED,30,0,0,0,0,0,1.788
1478,DISABLED,30,0,0,0,0,0,1.703
1479,DISABLED,30,0,0,0,0,0,1.985
1480,DISABLED,30,0,0,0,0,0,1.883
1481,DISABLED,30,0,0,0,0,0,2.102
1482,DISABLED,30,0,0,0,0,0,1.751
1483,DISABLED,30,0,0,0,0,0,1.961
1484,DISABLED,30,0,0,0,0,0,1.860
1485,DISABLED,30,0,0,0,0,0,2.008
1486,DISABLED,30,0,0,0,0,0,2.000
1487,DISABLED,30,0,0,0,0,0,1.909
1488,DISABLED,30,0,0,0,0,0,2.020
1489,DISABLED,30,0,0,0,0,0,2.063
1490,DISABLED,30,0,0,0,0,0,1.867
1491,DISABLED,30,0,0,0,0,0,2.019
1492,DISABLED,30,0,0,0,0,0,1.781
1493,DISABLED,30,0,0,0,0,0,1.819
1494,DISABLED,30,0,0,0,0,0,2.155
1495,DISABLED,30,0,0,0,0,0,1.891
1496,DISABLED,30,0,0,0,0,0,1.932
1497,DISABLED,30,0,0,0,0,0,1.788
1498,DISABLED,30,0,0,0,0,0,2.015
1499,DISABLED,30,0,0,0,0,0,1.813
1500,DISABLED,30,0,0,0,0,0,1.914
1501,DISABLED,30,0,0,0,0,0,1.973
1502,DISABLED,30,0,0,0,0,0,2.280
1503,DISABLED,30,0,0,0,0,0,1.953
1504,DISABLED,30,0,0,0,0,0,1.961
1505,DISABLED,30,0,0,0,0,0,2.081
1506,DISABLED,30,0,0,0,0,0,2.203
1507,DISABLED,30,0,0,0,0,0,1.588
1508,DISABLED,30,0,0,0,0,0,1.680
1509,DISABLED,30,0,0,0,0,0,2.418
1510,DISABLED,30,0,0,0,0,0,1.834
1511,DISABLED,30,0,0,0,0,0,2.115
1512,DISABLED,30,0,0,0,0,0,1.789
1513,DISABLED,30,0,0,0,0,0,2.180
1514,DISABLED,30,0,0,0,0,0,2.153
1515,DISABLED,30,0,0,0,0,0,1.954
1516,DISABLED,30,0,0,0,0,0,1.749
1517,DISABLED,30,0,0,0,0,0,1.922
1518,DISABLED,30,0,0,0,0,0,1.970
1519,DISABLED,30,0,0,0,0,0,1.995
1520,DISABLED,30,0,0,0,0,0,2.117
1521,DISABLED,30,0,0,0,0,0,2.024
1522,DISABLED,30,0,0,0,0,0,2.237
1523,DISABLED,30,0,0,0,0,0,1.836
1524,DISABLED,30,0,0,0,0,0,1.930
1525,DISABLED,30,0,0,0,0,0,1.914
1526,DISABLED,30,0,0,0,0,0,2.370
1527,DISABLED,30,0,0,0,0,0,1.977
1528,DISABLED,30,0,0,0,0,0,2.031
1529,DISABLED,30,0,0,0,0,0,1.802
1530,DISABLED,30,0,0,0,0,0,2.398
1531,DISABLED,30,0,0,0,0,0,2.281
1532,DISABLED,30,0,0,0,0,0,2.110
1533,DISABLED,30,0,0,0,0,0,1.993
1534,DISABLED,30,0,0,0,0,0,1.976
1535,DISABLED,30,0,0,0,0,0,1.828
1536,DISABLED,30,0,0,0,0,0,1.977
1537,DISABLED,30,0,0,0,0,0,1.633
1538,DISABLED,30,0,0,0,0,0,1.664
1539,DISABLED,30,0,0,0,0,0,1.977
1540,DISABLED,30,0,0,0,0,0,2.028
1541,DISABLED,30,0,0,0,0,0,1.863
1542,DISABLED,30,0,0,0,0,0,1.984
1543,DISABLED,30,0,0,0,0,0,1.959
1544,DISABLED,30,0,0,0,0,0,1.860
1545,DISABLED,30,0,0,0,0,0,1.946
1546,DISABLED,30,0,0,0,0,0,2.203
1547,DISABLED,30,0,0,0,0,0,1.949
1548,DISABLED,30,0,0,0,0,0,2.313
1549,DISABLED,30,0,0,0,0,0,2.243
1550,DISABLED,30,0,0,0,0,0,2.149
1551,DISABLED,30,0,0,0,0,0,2.020
1552,DISABLED,30,0,0,0,0,0,1.880
1553,DISABLED,30,0,0,0,0,0,1.742
1554,DISABLED,30,0,0,0,0,0,2.148
1555,DISABLED,30,0,0,0,0,0,1.936
1556,DISABLED,30,0,0,0,0,0,2.215
1557,DISABLED,30,0,0,0,0,0,1.875
1558,DISABLED,30,0,0,0,0,0,1.934
1559,DISABLED,30,0,0,0,0,0,1.813
1560,DISABLED,30,0,0,0,0,0,1.768
1561,DISABLED,30,0,0,0,0,0,2.116
1562,DISABLED,30,0,0,0,0,0,2.063
1563,DISABLED,30,0,0,0,0,0,1.941
1564,DISABLED,30,0,0,0,0,0,2.452
1565,DISABLED,30,0,0,0,0,0,1.887
1566,DISABLED,30,0,0,0,0,0,1.946
1567,DISABLED,30,0,0,0,0,0,1.628
1568,DISABLED,30,0,0,0,0,0,1.750
1569,DISABLED,30,0,0,0,0,0,2.110
1570,DISABLED,30,0,0,0,0,0,1.946
1571,DISABLED,30,0,0,0,0,0,1.874
1572,DISABLED,30,0,0,0,0,0,1.750
1573,DISABLED,30,0,0,0,0,0,2.253
1574,DISABLED,30,0,0,0,0,0,2.328
1575,DISABLED,30,0,0,0,0,0,2.203
1576,DISABLED,30,0,0,0,0,0,1.719
1577,DISABLED,30,0,0,0,0,0,1.914
1578,DISABLED,30,0,0,0,0,0,1.985
1579,DISABLED,30,0,0,0,0,0,2.219
1580,DISABLED,30,0,0,0,0,0,1.915
1581,DISABLED,30,0,0,0,0,0,1.800
1582,DISABLED,30,0,0,0,0,0,2.087
1583,DISABLED,30,0,0,0,0,0,1.758
1584,DISABLED,30,0,0,0,0,0,1.949
1585,DISABLED,30,0,0,0,0,0,2.149
1586,DISABLED,30,0,0,0,0,0,2.095
1587,DISABLED,30,0,0,0,0,0,2.454
1588,DISABLED,30,0,0,0,0,0,1.922
1589,DISABLED,30,0,0,0,0,0,1.852
1590,DISABLED,30,0,0,0,0,0,1.953
1591,DISABLED,30,0,0,0,0,0,1.836
1592,DISABLED,30,0,0,0,0,0,2.260
1593,DISABLED,30,0,0,0,0,0,2.383
1594,DISABLED,30,0,0,0,0,0,1.977
1595,DISABLED,30,0,0,0,0,0,2.047
1596,DISABLED,30,0,0,0,0,0,1.946
1597,DISABLED,30,0,0,0,0,0,1.586
1598,DISABLED,30,0,0,0,0,0,1.672
1599,DISABLED,30,0,0,0,0,0,2.096
1600,DISABLED,30,0,0,0,0,0,1.938
1601,DISABLED,30,0,0,0,0,0,2.329
1602,DISABLED,30,0,0,0,0,0,1.769
1603,DISABLED,30,0,0,0,0,0,1.946
1604,DISABLED,30,0,0,0,0,0,1.867
1605,DISABLED,30,0,0,0,0,0,2.203
1606,DISABLED,30,0,0,0,0,0,1.987
1607,DISABLED,30,0,0,0,0,0,2.209
1608,DISABLED,30,0,0,0,0,0,2.685
1609,DISABLED,30,0,0,0,0,0,2.259
1610,DISABLED,30,0,0,0,0,0,2.125
1611,DISABLED,30,0,0,0,0,0,2.078
1612,DISABLED,30,0,0,0,0,0,2.279
1613,DISABLED,30,0,0,0,0,0,2.023
1614,DISABLED,30,0,0,0,0,0,1.899
1615,DISABLED,30,0,0,0,0,0,2.160
1616,DISABLED,30,0,0,0,0,0,2.016
1617,DISABLED,30,0,0,0,0,0,2.012
1618,DISABLED,30,0,0,0,0,0,1.813
1619,DISABLED,30,0,0,0,0,0,2.180
1620,DISABLED,30,0,0,0,0,0,1.918
1621,DISABLED,30,0,0,0,0,0,1.817
1622,DISABLED,30,0,0,0,0,0,2.012
1623,DISABLED,30,0,0,0,0,0,1.953
1624,DISABLED,30,0,0,0,0,0,1.965
1625,DISABLED,30,0,0,0,0,0,1.883
1626,DISABLED,30,0,0,0,0,0,1.968
1627,DISABLED,30,0,0,0,0,0,1.621
1628,DISABLED,30,0,0,0,0,0,1.658
1629,DISABLED,30,0,0,0,0,0,1.969
1630,DISABLED,30,0,0,0,0,0,1.883
1631,DISABLED,30,0,0,0,0,0,22.067
1632,DISABLED,30,0,0,0,0,0,1.843
1633,DISABLED,30,0,0,0,0,0,2.410
1634,DISABLED,30,0,0,0,0,0,1.919
1635,DISABLED,30,0,0,0,0,0,2.098
1636,DISABLED,30,0,0,0,0,0,1.773
1637,DISABLED,30,0,0,0,0,0,2.351
1638,DISABLED,30,0,0,0,0,0,1.969
1639,DISABLED,30,0,0,0,0,0,1.987
1640,DISABLED,30,0,0,0,0,0,1.897
1641,DISABLED,30,0,0,0,0,0,2.344
1642,DISABLED,30,0,0,0,0,0,2.269
1643,DISABLED,30,0,0,0,0,0,1.888
1644,DISABLED,30,0,0,0,0,0,1.825
1645,DISABLED,30,0,0,0,0,0,1.952
1646,DISABLED,30,0,0,0,0,0,1.946
1647,DISABLED,30,0,0,0,0,0,2.007
1648,DISABLED,30,0,0,0,0,0,1.859
1649,DISABLED,30,0,0,0,0,0,1.788
1650,DISABLED,30,0,0,0,0,0,1.819
1651,DISABLED,30,0,0,0,0,0,1.967
1652,DISABLED,30,0,0,0,0,0,2.014
1653,DISABLED,30,0,0,0,0,0,1.961
1654,DISABLED,30,0,0,0,0,0,1.953
1655,DISABLED,30,0,0,0,0,0,1.865
1656,DISABLED,30,0,0,0,0,0,1.959
1657,DISABLED,30,0,0,0,0,0,1.638
1658,DISABLED,30,0,0,0,0,0,1.690
1659,DISABLED,30,0,0,0,0,0,2.007
1660,DISABLED,30,0,0,0,0,0,1.834
1661,DISABLED,30,0,0,0,0,0,1.877
1662,DISABLED,30,0,0,0,0,0,1.751
1663,DISABLED,30,0,0,0,0,0,2.251
1664,DISABLED,30,0,0,0,0,0,1.903
1665,DISABLED,30,0,0,0,0,0,1.982
1666,DISABLED,30,0,0,0,0,0,1.815
1667,DISABLED,30,0,0,0,0,0,1.918
1668,DISABLED,30,0,0,0,0,0,2.560
1669,DISABLED,30,0,0,0,0,0,2.322
1670,DISABLED,30,0,0,0,0,0,1.894
1671,DISABLED,30,0,0,0,0,0,1.747
1672,DISABLED,30,0,0,0,0,0,1.990
1673,DISABLED,30,0,0,0,0,0,2.708
1674,DISABLED,30,0,0,0,0,0,1.900
1675,DISABLED,30,0,0,0,0,0,1.936
1676,DISABLED,30,0,0,0,0,0,1.757
1677,DISABLED,30,0,0,0,0,0,1.959
1678,DISABLED,30,0,0,0,0,0,1.950
1679,DISABLED,30,0,0,0,0,0,1.819
1680,DISABLED,30,0,0,0,0,0,1.973
1681,DISABLED,30,0,0,0,0,0,1.801
1682,DISABLED,30,0,0,0,0,0,2.109
1683,DISABLED,30,0,0,0,0,0,2.258
1684,DISABLED,30,0,0,0,0,0,1.965
1685,DISABLED,30,0,0,0,0,0,1.849
1686,DISABLED,30,0,0,0,0,0,1.953
1687,DISABLED,30,0,0,0,0,0,1.590
1688,DISABLED,30,0,0,0,0,0,1.712
1689,DISABLED,30,0,0,0,0,0,2.000
1690,DISABLED,30,0,0,0,0,0,2.069
1691,DISABLED,30,0,0,0,0,0,1.842
1692,DISABLED,30,0,0,0,0,0,1.787
1693,DISABLED,30,0,0,0,0,0,1.962
1694,DISABLED,30,0,0,0,0,0,1.895
1695,DISABLED,30,0,0,0,0,0,1.958
1696,DISABLED,30,0,0,0,0,0,1.787
1697,DISABLED,30,0,0,0,0,0,1.927
1698,DISABLED,30,0,0,0,0,0,2.012
1699,DISABLED,30,0,0,0,0,0,2.239
1700,DISABLED,30,0,0,0,0,0,1.931
1701,DISABLED,30,0,0,0,0,0,2.061
1702,DISABLED,30,0,0,0,0,0,2.270
1703,DISABLED,30,0,0,0,0,0,2.140
1704,DISABLED,30,0,0,0,0,0,1.926
1705,DISABLED,30,0,0,0,0,0,1.943
1706,DISABLED,30,0,0,0,0,0,1.825
1707,DISABLED,30,0,0,0,0,0,1.984
1708,DISABLED,30,0,0,0,0,0,2.162
1709,DISABLED,30,0,0,0,0,0,1.833
1710,DISABLED,30,0,0,0,0,0,1.807
1711,DISABLED,30,0,0,0,0,0,2.168
1712,DISABLED,30,0,0,0,0,0,2.061
1713,DISABLED,30,0,0,0,0,0,2.005
1714,DISABLED,30,0,0,0,0,0,1.973
1715,DISABLED,30,0,0,0,0,0,1.838
1716,DISABLED,30,0,0,0,0,0,2.256
1717,DISABLED,30,0,0,0,0,0,1.575
1718,DISABLED,30,0,0,0,0,0,1.940
1719,DISABLED,30,0,0,0,0,0,1.951
1720,DISABLED,30,0,0,0,0,0,1.920
1721,DISABLED,30,0,0,0,0,0,2.153
1722,DISABLED,30,0,0,0,0,0,1.717
1723,DISABLED,30,0,0,0,0,0,2.209
1724,DISABLED,30,0,0,0,0,0,1.841
1725,DISABLED,30,0,0,0,0,0,1.945
1726,DISABLED,30,0,0,0,0,0,1.746
1727,DISABLED,30,0,0,0,0,0,2.184
1728,DISABLED,30,0,0,0,0,0,2.287
1729,DISABLED,30,0,0,0,0,0,2.012
1730,DISABLED,30,0,0,0,0,0,1.868
1731,DISABLED,30,0,0,0,0,0,1.793
1732,DISABLED,30,0,0,0,0,0,2.053
1733,DISABLED,30,0,0,0,0,0,1.909
1734,DISABLED,30,0,0,0,0,0,1.761
1735,DISABLED,30,0,0,0,0,0,1.912
1736,DISABLED,30,0,0,0,0,0,1.965
1737,DISABLED,30,0,0,0,0,0,1.855
1738,DISABLED,30,0,0,0,0,0,1.937
1739,DISABLED,30,0,0,0,0,0,1.812
1740,DISABLED,30,0,0,0,0,0,1.943
1741,DISABLED,30,0,0,0,0,0,2.070
1742,DISABLED,30,0,0,0,0,0,2.047
1743,DISABLED,30,0,0,0,0,0,1.917
1744,DISABLED,30,0,0,0,0,0,1.928
1745,DISABLED,30,0,0,0,0,0,1.859
1746,DISABLED,30,0,0,0,0,0,2.138
1747,DISABLED,30,0,0,0,0,0,1.573
1748,DISABLED,30,0,0,0,0,0,1.943
1749,DISABLED,30,0,0,0,0,0,2.120
1750,DISABLED,30,0,0,0,0,0,1.942
1751,DISABLED,30,0,0,0,0,0,1.889
1752,DISABLED,30,0,0,0,0,0,1.754
1753,DISABLED,30,0,0,0,0,0,1.974
1754,DISABLED,30,0,0,0,0,0,1.928
1755,DISABLED,30,0,0,0,0,0,2.013
1756,DISABLED,30,0,0,0,0,0,2.043
1757,DISABLED,30,0,0,0,0,0,1.967
1758,DISABLED,30,0,0,0,0,0,2.013
1759,DISABLED,30,0,0,0,0,0,2.004
1760,DISABLED,30,0,0,0,0,0,1.862
1761,DISABLED,30,0,0,0,0,0,2.262
1762,DISABLED,30,0,0,0,0,0,1.857
1763,DISABLED,30,0,0,0,0,0,1.900
1764,DISABLED,30,0,0,0,0,0,1.981
1765,DISABLED,30,0,0,0,0,0,2.024
1766,DISABLED,30,0,0,0,0,0,1.859
1767,DISABLED,30,0,0,0,0,0,1.856
1768,DISABLED,30,0,0,0,0,0,1.832
1769,DISABLED,30,0,0,0,0,0,1.981
1770,DISABLED,30,0,0,0,0,0,1.850
1771,DISABLED,30,0,0,0,0,0,1.931
1772,DISABLED,30,0,0,0,0,0,2.063
1773,DISABLED,30,0,0,0,0,0,1.982
1774,DISABLED,30,0,0,0,0,0,2.254
1775,DISABLED,30,0,0,0,0,0,1.809
1776,DISABLED,30,0,0,0,0,0,1.981
1777,DISABLED,30,0,0,0,0,0,1.607
1778,DISABLED,30,0,0,0,0,0,1.943
1779,DISABLED,30,0,0,0,0,0,1.993
1780,DISABLED,30,0,0,0,0,0,1.832
1781,DISABLED,30,0,0,0,0,0,1.886
1782,DISABLED,30,0,0,0,0,0,1.732
1783,DISABLED,30,0,0,0,0,0,1.989
1784,DISABLED,30,0,0,0,0,0,1.864
1785,DISABLED,30,0,0,0,0,0,1.986
1786,DISABLED,30,0,0,0,0,0,1.770
1787,DISABLED,30,0,0,0,0,0,1.919
1788,DISABLED,30,0,0,0,0,0,2.028
1789,DISABLED,30,0,0,0,0,0,1.958
1790,DISABLED,30,0,0,0,0,0,1.918
1791,DISABLED,30,0,0,0,0,0,2.308
1792,DISABLED,30,0,0,0,0,0,2.541
1793,DISABLED,30,0,0,0,0,0,1.742
1794,DISABLED,30,0,0,0,0,0,2.150
1795,DISABLED,30,0,0,0,0,0,1.887
1796,DISABLED,30,0,0,0,0,0,1.911
1797,DISABLED,30,0,0,0,0,0,1.941
1798,DISABLED,30,0,0,0,0,0,1.801
1799,DISABLED,30,0,0,0,0,0,1.826
1800,DISABLED,30,0,0,0,0,0,1.844
1801,DISABLED,30,0,0,0,0,0,1.981
1802,DISABLED,30,0,0,0,0,0,2.054
1803,DISABLED,30,0,0,0,0,0,1.963
1804,DISABLED,30,0,0,0,0,0,1.983
1805,DISABLED,30,0,0,0,0,0,1.848
1806,DISABLED,30,0,0,0,0,0,1.938
1807,DISABLED,30,0,0,0,0,0,1.579
1808,DISABLED,30,0,0,0,0,0,1.678
1809,DISABLED,30,0,0,0,0,0,1.981
1810,DISABLED,30,0,0,0,0,0,1.869
1811,DISABLED,30,0,0,0,0,0,1.935
1812,DISABLED,30,0,0,0,0,0,1.749
1813,DISABLED,30,0,0,0,0,0,1.965
1814,DISABLED,30,0,0,0,0,0,1.859
1815,DISABLED,30,0,0,0,0,0,1.974
1816,DISABLED,30,0,0,0,0,0,1.724
1817,DISABLED,30,0,0,0,0,0,1.937
1818,DISABLED,30,0,0,0,0,0,1.964
1819,DISABLED,30,0,0,0,0,0,1.975
1820,DISABLED,30,0,0,0,0,0,1.877
1821,DISABLED,30,0,0,0,0,0,1.777
1822,DISABLED,30,0,0,0,0,0,2.020
1823,DISABLED,30,0,0,0,0,0,1.770
1824,DISABLED,30,0,0,0,0,0,1.960
1825,DISABLED,30,0,0,0,0,0,1.889
1826,DISABLED,30,0,0,0,0,0,1.772
1827,DISABLED,30,0,0,0,0,0,2.218
1828,DISABLED,30,0,0,0,0,0,1.819
1829,DISABLED,30,0,0,0,0,0,1.949
1830,DISABLED,30,0,0,0,0,0,1.953
1831,DISABLED,30,0,0,0,0,0,1.796
1832,DISABLED,30,0,0,0,0,0,2.026
1833,DISABLED,30,0,0,0,0,0,2.005
1834,DISABLED,30,0,0,0,0,0,1.998
1835,DISABLED,30,0,0,0,0,0,1.870
1836,DISABLED,30,0,0,0,0,0,1.965
1837,DISABLED,30,0,0,0,0,0,1.584
1838,DISABLED,30,0,0,0,0,0,1.678
1839,DISABLED,30,0,0,0,0,0,2.182
1840,DISABLED,30,0,0,0,0,0,1.872
1841,DISABLED,30,0,0,0,0,0,1.927
1842,DISABLED,30,0,0,0,0,0,1.730
1843,DISABLED,30,0,0,0,0,0,1.944
1844,DISABLED,30,0,0,0,0,0,1.871
1845,DISABLED,30,0,0,0,0,0,1.957
1846,DISABLED,30,0,0,0,0,0,1.759
1847,DISABLED,30,0,0,0,0,0,1.892
1848,DISABLED,30,0,0,0,0,0,1.989
1849,DISABLED,30,0,0,0,0,0,2.007
1850,DISABLED,30,0,0,0,0,0,1.922
1851,DISABLED,30,0,0,0,0,0,2.024
1852,DISABLED,30,0,0,0,0,0,1.800
1853,DISABLED,30,0,0,0,0,0,1.802
1854,DISABLED,30,0,0,0,0,0,1.919
1855,DISABLED,30,0,0,0,0,0,1.988
1856,DISABLED,30,0,0,0,0,0,1.796
1857,DISABLED,30,0,0,0,0,0,2.004
1858,DISABLED,30,0,0,0,0,0,1.823
1859,DISABLED,30,0,0,0,0,0,1.960
1860,DISABLED,30,0,0,0,0,0,2.261
1861,DISABLED,30,0,0,0,0,0,1.826
1862,DISABLED,30,0,0,0,0,0,2.254
1863,DISABLED,30,0,0,0,0,0,1.934
1864,DISABLED,30,0,0,0,0,0,2.032
1865,DISABLED,30,0,0,0,0,0,1.833
1866,DISABLED,30,0,0,0,0,0,1.978
1867,DISABLED,30,0,0,0,0,0,1.599
1868,DISABLED,30,0,0,0,0,0,1.693
1869,DISABLED,30,0,0,0,0,0,2.142
1870,DISABLED,30,0,0,0,0,0,1.996
1871,DISABLED,30,0,0,0,0,0,2.113
1872,DISABLED,30,0,0,0,0,0,1.745
1873,DISABLED,30,0,0,0,0,0,1.979
1874,DISABLED,30,0,0,0,0,0,1.905
1875,DISABLED,30,0,0,0,0,0,2.006
1876,DISABLED,30,0,0,0,0,0,1.731
1877,DISABLED,30,0,0,0,0,0,1.903
1878,DISABLED,30,0,0,0,0,0,1.983
1879,DISABLED,30,0,0,0,0,0,1.975
1880,DISABLED,30,0,0,0,0,0,1.880
1881,DISABLED,30,0,0,0,0,0,2.004
1882,DISABLED,30,0,0,0,0,0,1.814
1883,DISABLED,30,0,0,0,0,0,1.888
1884,DISABLED,30,0,0,0,0,0,1.827
1885,DISABLED,30,0,0,0,0,0,1.917
1886,DISABLED,30,0,0,0,0,0,1.825
1887,DISABLED,30,0,0,0,0,0,1.973
1888,DISABLED,30,0,0,0,0,0,1.819
1889,DISABLED,30,0,0,0,0,0,1.896
1890,DISABLED,30,0,0,0,0,0,1.825
1891,DISABLED,30,0,0,0,0,0,2.005
1892,DISABLED,30,0,0,0,0,0,2.036
1893,DISABLED,30,0,0,0,0,0,1.988
1894,DISABLED,30,0,0,0,0,0,1.941
1895,DISABLED,30,0,0,0,0,0,1.817
1896,DISABLED,30,0,0,0,0,0,1.936
1897,DISABLED,30,0,0,0,0,0,1.577
1898,DISABLED,30,0,0,0,0,0,1.647
1899,DISABLED,30,0,0,0,0,0,1.976
1900,DISABLED,30,0,0,0,0,0,1.818
1901,DISABLED,30,0,0,0,0,0,1.873
1902,DISABLED,30,0,0,0,0,0,1.755
1903,DISABLED,30,0,0,0,0,0,2.241
1904,DISABLED,30,0,0,0,0,0,1.856
1905,DISABLED,30,0,0,0,0,0,2.055
1906,DISABLED,30,0,0,0,0,0,1.739
1907,DISABLED,30,0,0,0,0,0,1.902
1908,DISABLED,30,0,0,0,0,0,1.952
1909,DISABLED,30,0,0,0,0,0,2.522
1910,DISABLED,30,0,0,0,0,0,1.945
1911,DISABLED,30,0,0,0,0,0,1.749
1912,DISABLED,30,0,0,0,0,0,2.282
1913,DISABLED,30,0,0,0,0,0,2.005
1914,DISABLED,30,0,0,0,0,0,2.312
1915,DISABLED,30,0,0,0,0,0,1.946
1916,DISABLED,30,0,0,0,0,0,1.797
1917,DISABLED,30,0,0,0,0,0,1.933
1918,DISABLED,30,0,0,0,0,0,1.817
1919,DISABLED,30,0,0,0,0,0,1.864
1920,DISABLED,30,0,0,0,0,0,1.929
1921,DISABLED,30,0,0,0,0,0,1.936
1922,DISABLED,30,0,0,0,0,0,2.029
1923,DISABLED,30,0,0,0,0,0,1.944
1924,DISABLED,30,0,0,0,0,0,1.957
1925,DISABLED,30,0,0,0,0,0,1.813
1926,DISABLED,30,0,0,0,0,0,2.742
1927,DISABLED,30,0,0,0,0,0,1.623
1928,DISABLED,30,0,0,0,0,0,1.658
1929,DISABLED,30,0,0,0,0,0,1.975
1930,DISABLED,30,0,0,0,0,0,1.827
1931,DISABLED,30,0,0,0,0,0,19.263
1932,DISABLED,30,0,0,0,0,0,1.840
1933,DISABLED,30,0,0,0,0,0,2.029
1934,DISABLED,30,0,0,0,0,0,1.951
1935,DISABLED,30,0,0,0,0,0,2.069
1936,DISABLED,30,0,0,0,0,0,1.817
1937,DISABLED,30,0,0,0,0,0,1.967
1938,DISABLED,30,0,0,0,0,0,1.999
1939,DISABLED,30,0,0,0,0,0,2.426
1940,DISABLED,30,0,0,0,0,0,1.873
1941,DISABLED,30,0,0,0,0,0,2.108
1942,DISABLED,30,0,0,0,0,0,2.034
1943,DISABLED,30,0,0,0,0,0,2.350
1944,DISABLED,30,0,0,0,0,0,1.775
1945,DISABLED,30,0,0,0,0,0,1.911
1946,DISABLED,30,0,0,0,0,0,1.944
1947,DISABLED,30,0,0,0,0,0,1.897
1948,DISABLED,30,0,0,0,0,0,1.796
1949,DISABLED,30,0,0,0,0,0,1.802
1950,DISABLED,30,0,0,0,0,0,2.274
1951,DISABLED,30,0,0,0,0,0,2.322
1952,DISABLED,30,0,0,0,0,0,2.065
1953,DISABLED,30,0,0,0,0,0,2.023
1954,DISABLED,30,0,0,0,0,0,1.973
1955,DISABLED,30,0,0,0,0,0,2.279
1956,DISABLED,30,0,0,0,0,0,1.987
1957,DISABLED,30,0,0,0,0,0,2.002
1958,DISABLED,30,0,0,0,0,0,1.694
1959,DISABLED,30,0,0,0,0,0,1.968
1960,DISABLED,30,0,0,0,0,0,1.819
1961,DISABLED,30,0,0,0,0,0,1.963
1962,DISABLED,30,0,0,0,0,0,1.844
1963,DISABLED,30,0,0,0,0,0,2.392
1964,DISABLED,30,0,0,0,0,0,1.897
1965,DISABLED,30,0,0,0,0,0,2.419
1966,DISABLED,30,0,0,0,0,0,1.714
1967,DISABLED,30,0,0,0,0,0,1.913
1968,DISABLED,30,0,0,0,0,0,2.000
1969,DISABLED,30,0,0,0,0,0,2.028
1970,DISABLED,30,0,0,0,0,0,1.948
1971,DISABLED,30,0,0,0,0,0,2.015
1972,DISABLED,30,0,0,0,0,0,1.780
1973,DISABLED,30,0,0,0,0,0,1.905
1974,DISABLED,30,0,0,0,0,0,1.819
1975,DISABLED,30,0,0,0,0,0,1.901
1976,DISABLED,30,0,0,0,0,0,1.812
1977,DISABLED,30,0,0,0,0,0,1.951
1978,DISABLED,30,0,0,0,0,0,1.918
1979,DISABLED,30,0,0,0,0,0,1.797
1980,DISABLED,30,0,0,0,0,0,2.262
1981,DISABLED,30,0,0,0,0,0,1.901
1982,DISABLED,30,0,0,0,0,0,2.105
1983,DISABLED,30,0,0,0,0,0,1.958
1984,DISABLED,30,0,0,0,0,0,1.950
1985,DISABLED,30,0,0,0,0,0,1.788
1986,DISABLED,30,0,0,0,0,0,1.945
1987,DISABLED,30,0,0,0,0,0,1.602
1988,DISABLED,30,0,0,0,0,0,1.680
1989,DISABLED,30,0,0,0,0,0,1.853
1990,DISABLED,30,0,0,0,0,0,2.777
1991,DISABLED,30,0,0,0,0,0,1.873
1992,DISABLED,30,0,0,0,0,0,1.795
1993,DISABLED,30,0,0,0,0,0,2.047
1994,DISABLED,30,0,0,0,0,0,1.864
1995,DISABLED,30,0,0,0,0,0,2.028
1996,DISABLED,30,0,0,0,0,0,1.880
1997,DISABLED,30,0,0,0,0,0,1.765
1998,DISABLED,30,0,0,0,0,0,1.949
1999,DISABLED,30,0,0,0,0,0,2.023
2000,DISABLED,30,0,0,0,0,0,1.902
2001,DISABLED,30,0,0,0,0,0,1.805
2002,DISABLED,30,0,0,0,0,0,2.052
2003,DISABLED,30,0,0,0,0,0,1.888
2004,DISABLED,30,0,0,0,0,0,1.754
2005,DISABLED,30,0,0,0,0,0,1.895
2006,DISABLED,30,0,0,0,0,0,1.927
2007,DISABLED,30,0,0,0,0,0,2.055
2008,DISABLED,30,0,0,0,0,0,1.841
2009,DISABLED,30,0,0,0,0,0,2.171
2010,DISABLED,30,0,0,0,0,0,1.803
2011,DISABLED,30,0,0,0,0,0,1.927
2012,DISABLED,30,0,0,0,0,0,2.056
2013,DISABLED,30,0,0,0,0,0,1.997
2014,DISABLED,30,0,0,0,0,0,1.978
2015,DISABLED,30,0,0,0,0,0,1.840
2016,DISABLED,30,0,0,0,0,0,1.979
2017,DISABLED,30,0,0,0,0,0,1.609
2018,DISABLED,30,0,0,0,0,0,1.701
2019,DISABLED,30,0,0,0,0,0,1.981
2020,DISABLED,30,0,0,0,0,0,1.879
2021,DISABLED,30,0,0,0,0,0,1.879
2022,DISABLED,30,0,0,0,0,0,1.738
2023,DISABLED,30,0,0,0,0,0,1.932
2024,DISABLED,30,0,0,0,0,0,1.872
2025,DISABLED,30,0,0,0,0,0,1.987
2026,DISABLED,30,0,0,0,0,0,1.912
2027,DISABLED,30,0,0,0,0,0,1.792
2028,DISABLED,30,0,0,0,0,0,2.040
2029,DISABLED,30,0,0,0,0,0,2.024
2030,DISABLED,30,0,0,0,0,0,1.849
2031,DISABLED,30,0,0,0,0,0,1.753
2032,DISABLED,30,0,0,0,0,0,2.035
2033,DISABLED,30,0,0,0,0,0,1.840
2034,DISABLED,30,0,0,0,0,0,1.879
2035,DISABLED,30,0,0,0,0,0,1.941
2036,DISABLED,30,0,0,0,0,0,1.806
2037,DISABLED,30,0,0,0,0,0,1.925
2038,DISABLED,30,0,0,0,0,0,1.800
2039,DISABLED,30,0,0,0,0,0,1.947
2040,DISABLED,30,0,0,0,0,0,1.971
2041,DISABLED,30,0,0,0,0,0,1.893
2042,DISABLED,30,0,0,0,0,0,2.064
2043,DISABLED,30,0,0,0,0,0,1.987
2044,DISABLED,30,0,0,0,0,0,1.956
2045,DISABLED,30,0,0,0,0,0,1.824
2046,DISABLED,30,0,0,0,0,0,1.983
2047,DISABLED,30,0,0,0,0,0,1.574
2048,DISABLED,30,0,0,0,0,0,1.661
2049,DISABLED,30,0,0,0,0,0,2.049
2050,DISABLED,30,0,0,0,0,0,1.888
2051,DISABLED,30,0,0,0,0,0,1.850
2052,DISABLED,30,0,0,0,0,0,1.747
2053,DISABLED,30,0,0,0,0,0,2.006
2054,DISABLED,30,0,0,0,0,0,1.829
2055,DISABLED,30,0,0,0,0,0,1.991
2056,DISABLED,30,0,0,0,0,0,1.698
2057,DISABLED,30,0,0,0,0,0,1.909
2058,DISABLED,30,0,0,0,0,0,1.980
2059,DISABLED,30,0,0,0,0,0,1.963
2060,DISABLED,30,0,0,0,0,0,1.894
2061,DISABLED,30,0,0,0,0,0,2.074
2062,DISABLED,30,0,0,0,0,0,1.812
2063,DISABLED,30,0,0,0,0,0,1.798
2064,DISABLED,30,0,0,0,0,0,1.869
2065,DISABLED,30,0,0,0,0,0,1.914
2066,DISABLED,30,0,0,0,0,0,1.917
2067,DISABLED,30,0,0,0,0,0,1.950
2068,DISABLED,30,0,0,0,0,0,1.807
2069,DISABLED,30,0,0,0,0,0,1.802
2070,DISABLED,30,0,0,0,0,0,1.975
2071,DISABLED,30,0,0,0,0,0,1.870
2072,DISABLED,30,0,0,0,0,0,2.097
2073,DISABLED,30,0,0,0,0,0,1.956
2074,DISABLED,30,0,0,0,0,0,1.941
2075,DISABLED,30,0,0,0,0,0,1.869
2076,DISABLED,30,0,0,0,0,0,1.920
2077,DISABLED,30,0,0,0,0,0,1.612
2078,DISABLED,30,0,0,0,0,0,1.691
2079,DISABLED,30,0,0,0,0,0,1.845
2080,DISABLED,30,0,0,0,0,0,1.987
2081,DISABLED,30,0,0,0,0,0,1.862
2082,DISABLED,30,0,0,0,0,0,1.745
2083,DISABLED,30,0,0,0,0,0,1.948
2084,DISABLED,30,0,0,0,0,0,1.893
2085,DISABLED,30,0,0,0,0,0,1.988
2086,DISABLED,30,0,0,0,0,0,1.764
2087,DISABLED,30,0,0,0,0,0,1.993
2088,DISABLED,30,0,0,0,0,0,1.921
2089,DISABLED,30,0,0,0,0,0,2.042
2090,DISABLED,30,0,0,0,0,0,1.947
2091,DISABLED,30,0,0,0,0,0,2.007
2092,DISABLED,30,0,0,0,0,0,2.054
2093,DISABLED,30,0,0,0,0,0,1.784
2094,DISABLED,30,0,0,0,0,0,2.002
2095,DISABLED,30,0,0,0,0,0,1.877
2096,DISABLED,30,0,0,0,0,0,1.800
2097,DISABLED,30,0,0,0,0,0,2.196
2098,DISABLED,30,0,0,0,0,0,1.799
2099,DISABLED,30,0,0,0,0,0,1.947
2100,DISABLED,30,0,0,0,0,0,1.989
2101,DISABLED,30,0,0,0,0,0,1.841
2102,DISABLED,30,0,0,0,0,0,2.052
2103,DISABLED,30,0,0,0,0,0,1.979
2104,DISABLED,30,0,0,0,0,0,1.954
2105,DISABLED,30,0,0,0,0,0,1.853
2106,DISABLED,30,0,0,0,0,0,1.995
2107,DISABLED,30,0,0,0,0,0,1.613
2108,DISABLED,30,0,0,0,0,0,1.662
2109,DISABLED,30,0,0,0,0,0,1.836
2110,DISABLED,30,0,0,0,0,0,1.921
2111,DISABLED,30,0,0,0,0,0,1.828
2112,DISABLED,30,0,0,0,0,0,1.785
2113,DISABLED,30,0,0,0,0,0,1.947
2114,DISABLED,30,0,0,0,0,0,1.862
2115,DISABLED,30,0,0,0,0,0,2.041
2116,DISABLED,30,0,0,0,0,0,1.912
2117,DISABLED,30,0,0,0,0,0,1.795
2118,DISABLED,30,0,0,0,0,0,2.061
2119,DISABLED,30,0,0,0,0,0,1.960
2120,DISABLED,30,0,0,0,0,0,1.901
2121,DISABLED,30,0,0,0,0,0,2.003
2122,DISABLED,30,0,0,0,0,0,1.779
2123,DISABLED,30,0,0,0,0,0,1.863
2124,DISABLED,30,0,0,0,0,0,1.949
2125,DISABLED,30,0,0,0,0,0,1.923
2126,DISABLED,30,0,0,0,0,0,1.919
2127,DISABLED,30,0,0,0,0,0,2.315
2128,DISABLED,30,0,0,0,0,0,1.973
2129,DISABLED,30,0,0,0,0,0,1.963
2130,DISABLED,30,0,0,0,0,0,1.927
2131,DISABLED,30,0,0,0,0,0,1.829
2132,DISABLED,30,0,0,0,0,0,1.977
2133,DISABLED,30,0,0,0,0,0,1.816
2134,DISABLED,30,0,0,0,0,0,1.956
2135,DISABLED,30,0,0,0,0,0,1.840
2136,DISABLED,30,0,0,0,0,0,2.504
2137,DISABLED,30,0,0,0,0,0,1.610
2138,DISABLED,30,0,0,0,0,0,1.671
2139,DISABLED,30,0,0,0,0,0,1.953
2140,DISABLED,30,0,0,0,0,0,1.877
2141,DISABLED,30,0,0,0,0,0,1.842
2142,DISABLED,30,0,0,0,0,0,1.735
2143,DISABLED,30,0,0,0,0,0,2.043
2144,DISABLED,30,0,0,0,0,0,1.894
2145,DISABLED,30,0,0,0,0,0,2.027
2146,DISABLED,30,0,0,0,0,0,1.781
2147,DISABLED,30,0,0,0,0,0,2.038
2148,DISABLED,30,0,0,0,0,0,1.879
2149,DISABLED,30,0,0,0,0,0,2.002
2150,DISABLED,30,0,0,0,0,0,1.895
2151,DISABLED,30,0,0,0,0,0,1.785
2152,DISABLED,30,0,0,0,0,0,2.043
2153,DISABLED,30,0,0,0,0,0,1.919
2154,DISABLED,30,0,0,0,0,0,1.775
2155,DISABLED,30,0,0,0,0,0,1.899
2156,DISABLED,30,0,0,0,0,0,1.801
2157,DISABLED,30,0,0,0,0,0,2.464
2158,DISABLED,30,0,0,0,0,0,1.822
2159,DISABLED,30,0,0,0,0,0,1.918
2160,DISABLED,30,0,0,0,0,0,2.486
2161,DISABLED,30,0,0,0,0,0,2.515
2162,DISABLED,30,0,0,0,0,0,2.451
2163,DISABLED,30,0,0,0,0,0,1.987
2164,DISABLED,30,0,0,0,0,0,2.020
2165,DISABLED,30,0,0,0,0,0,1.872
2166,DISABLED,30,0,0,0,0,0,1.964
2167,DISABLED,30,0,0,0,0,0,1.590
2168,DISABLED,30,0,0,0,0,0,1.690
2169,DISABLED,30,0,0,0,0,0,1.892
2170,DISABLED,30,0,0,0,0,0,2.011
2171,DISABLED,30,0,0,0,0,0,1.871
2172,DISABLED,30,0,0,0,0,0,2.502
2173,DISABLED,30,0,0,0,0,0,1.722
2174,DISABLED,30,0,0,0,0,0,1.862
2175,DISABLED,30,0,0,0,0,0,1.995
2176,DISABLED,30,0,0,0,0,0,1.924
2177,DISABLED,30,0,0,0,0,0,1.809
2178,DISABLED,30,0,0,0,0,0,1.976
2179,DISABLED,30,0,0,0,0,0,2.026
2180,DISABLED,30,0,0,0,0,0,1.963
2181,DISABLED,30,0,0,0,0,0,1.784
2182,DISABLED,30,0,0,0,0,0,1.994
2183,DISABLED,30,0,0,0,0,0,1.942
2184,DISABLED,30,0,0,0,0,0,1.776
2185,DISABLED,30,0,0,0,0,0,1.954
2186,DISABLED,30,0,0,0,0,0,1.761
2187,DISABLED,30,0,0,0,0,0,1.972
2188,DISABLED,30,0,0,0,0,0,1.919
2189,DISABLED,30,0,0,0,0,0,1.839
2190,DISABLED,30,0,0,0,0,0,1.943
2191,DISABLED,30,0,0,0,0,0,1.870
2192,DISABLED,30,0,0,0,0,0,2.028
2193,DISABLED,30,0,0,0,0,0,1.983
2194,DISABLED,30,0,0,0,0,0,2.010
2195,DISABLED,30,0,0,0,0,0,1.833
2196,DISABLED,30,0,0,0,0,0,1.956
2197,DISABLED,30,0,0,0,0,0,1.566
2198,DISABLED,30,0,0,0,0,0,1.698
2199,DISABLED,30,0,0,0,0,0,1.956
2200,DISABLED,30,0,0,0,0,0,1.907
2201,DISABLED,30,0,0,0,0,0,1.888
2202,DISABLED,30,0,0,0,0,0,1.764
2203,DISABLED,30,0,0,0,0,0,1.980
2204,DISABLED,30,0,0,0,0,0,1.872
2205,DISABLED,30,0,0,0,0,0,1.985
2206,DISABLED,30,0,0,0,0,0,1.736
2207,DISABLED,30,0,0,0,0,0,1.910
2208,DISABLED,30,0,0,0,0,0,1.980
2209,DISABLED,30,0,0,0,0,0,2.469
2210,DISABLED,30,0,0,0,0,0,1.903
2211,DISABLED,30,0,0,0,0,0,2.524
2212,DISABLED,30,0,0,0,0,0,1.789
2213,DISABLED,30,0,0,0,0,0,1.834
2214,DISABLED,30,0,0,0,0,0,1.886
2215,DISABLED,30,0,0,0,0,0,1.918
2216,DISABLED,30,0,0,0,0,0,1.756
2217,DISABLED,30,0,0,0,0,0,1.824
2218,DISABLED,30,0,0,0,0,0,1.962
2219,DISABLED,30,0,0,0,0,0,1.933
2220,DISABLED,30,0,0,0,0,0,1.911
2221,DISABLED,30,0,0,0,0,0,1.843
2222,DISABLED,30,0,0,0,0,0,2.078
2223,DISABLED,30,0,0,0,0,0,1.983
2224,DISABLED,30,0,0,0,0,0,1.993
2225,DISABLED,30,0,0,0,0,0,1.865
2226,DISABLED,30,0,0,0,0,0,2.451
2227,DISABLED,30,0,0,0,0,0,1.573
2228,DISABLED,30,0,0,0,0,0,2.242
2229,DISABLED,30,0,0,0,0,0,1.879
2230,DISABLED,30,0,0,0,0,0,1.987
2231,DISABLED,30,0,0,0,0,0,19.740
2232,DISABLED,30,0,0,0,0,0,2.257
2233,DISABLED,30,0,0,0,0,0,2.007
2234,DISABLED,30,0,0,0,0,0,2.309
2235,DISABLED,30,0,0,0,0,0,1.974
2236,DISABLED,30,0,0,0,0,0,1.839
2237,DISABLED,30,0,0,0,0,0,1.942
2238,DISABLED,30,0,0,0,0,0,2.064
2239,DISABLED,30,0,0,0,0,0,1.987
2240,DISABLED,30,0,0,0,0,0,2.002
2241,DISABLED,30,0,0,0,0,0,2.525
2242,DISABLED,30,0,0,0,0,0,2.074
2243,DISABLED,30,0,0,0,0,0,1.778
2244,DISABLED,30,0,0,0,0,0,1.933
2245,DISABLED,30,0,0,0,0,0,2.356
2246,DISABLED,30,0,0,0,0,0,1.800
2247,DISABLED,30,0,0,0,0,0,1.851
2248,DISABLED,30,0,0,0,0,0,1.855
2249,DISABLED,30,0,0,0,0,0,1.921
2250,DISABLED,30,0,0,0,0,0,2.389
2251,DISABLED,30,0,0,0,0,0,1.874
2252,DISABLED,30,0,0,0,0,0,2.489
2253,DISABLED,30,0,0,0,0,0,1.929
2254,DISABLED,30,0,0,0,0,0,2.306
2255,DISABLED,30,0,0,0,0,0,2.356
2256,DISABLED,30,0,0,0,0,0,2.004
2257,DISABLED,30,0,0,0,0,0,1.675
2258,DISABLED,30,0,0,0,0,0,1.781
2259,DISABLED,30,0,0,0,0,0,1.919
2260,DISABLED,30,0,0,0,0,0,1.988
2261,DISABLED,30,0,0,0,0,0,2.175
2262,DISABLED,30,0,0,0,0,0,1.801
2263,DISABLED,30,0,0,0,0,0,1.971
2264,DISABLED,30,0,0,0,0,0,1.933
2265,DISABLED,30,0,0,0,0,0,1.975
2266,DISABLED,30,0,0,0,0,0,1.761
2267,DISABLED,30,0,0,0,0,0,1.901
2268,DISABLED,30,0,0,0,0,0,2.013
2269,DISABLED,30,0,0,0,0,0,2.004
2270,DISABLED,30,0,0,0,0,0,1.951
2271,DISABLED,30,0,0,0,0,0,1.766
2272,DISABLED,30,0,0,0,0,0,2.097
2273,DISABLED,30,0,0,0,0,0,1.769
2274,DISABLED,30,0,0,0,0,0,1.886
2275,DISABLED,30,0,0,0,0,0,1.950
2276,DISABLED,30,0,0,0,0,0,1.988
2277,DISABLED,30,0,0,0,0,0,1.871
2278,DISABLED,30,0,0,0,0,0,1.980
2279,DISABLED,30,0,0,0,0,0,1.856
2280,DISABLED,30,0,0,0,0,0,2.269
2281,DISABLED,30,0,0,0,0,0,1.837
2282,DISABLED,30,0,0,0,0,0,2.014
2283,DISABLED,30,0,0,0,0,0,1.933
2284,DISABLED,30,0,0,0,0,0,1.942
2285,DISABLED,30,0,0,0,0,0,1.823
2286,DISABLED,30,0,0,0,0,0,1.957
2287,DISABLED,30,0,0,0,0,0,1.595
2288,DISABLED,30,0,0,0,0,0,1.653
2289,DISABLED,30,0,0,0,0,0,1.973
2290,DISABLED,30,0,0,0,0,0,1.818
2291,DISABLED,30,0,0,0,0,0,1.910
2292,DISABLED,30,0,0,0,0,0,1.792
2293,DISABLED,30,0,0,0,0,0,1.964
2294,DISABLED,30,0,0,0,0,0,1.862
2295,DISABLED,30,0,0,0,0,0,1.963
2296,DISABLED,30,0,0,0,0,0,1.739
2297,DISABLED,30,0,0,0,0,0,2.262
2298,DISABLED,30,0,0,0,0,0,2.019
2299,DISABLED,30,0,0,0,0,0,1.985
2300,DISABLED,30,0,0,0,0,0,1.909
2301,DISABLED,30,0,0,0,0,0,2.043
2302,DISABLED,30,0,0,0,0,0,1.830
2303,DISABLED,30,0,0,0,0,0,1.941
2304,DISABLED,30,0,0,0,0,0,1.793
2305,DISABLED,30,0,0,0,0,0,1.877
2306,DISABLED,30,0,0,0,0,0,1.928
2307,DISABLED,30,0,0,0,0,0,1.844
2308,DISABLED,30,0,0,0,0,0,1.968
2309,DISABLED,30,0,0,0,0,0,1.829
2310,DISABLED,30,0,0,0,0,0,1.805
2311,DISABLED,30,0,0,0,0,0,1.948
2312,DISABLED,30,0,0,0,0,0,2.068
2313,DISABLED,30,0,0,0,0,0,1.926
2314,DISABLED,30,0,0,0,0,0,1.947
2315,DISABLED,30,0,0,0,0,0,1.831
2316,DISABLED,30,0,0,0,0,0,2.016
2317,DISABLED,30,0,0,0,0,0,1.593
2318,DISABLED,30,0,0,0,0,0,1.694
2319,DISABLED,30,0,0,0,0,0,1.980
2320,DISABLED,30,0,0,0,0,0,1.855
2321,DISABLED,30,0,0,0,0,0,1.909
2322,DISABLED,30,0,0,0,0,0,1.803
2323,DISABLED,30,0,0,0,0,0,1.990
2324,DISABLED,30,0,0,0,0,0,1.903
2325,DISABLED,30,0,0,0,0,0,2.026
2326,DISABLED,30,0,0,0,0,0,1.738
2327,DISABLED,30,0,0,0,0,0,1.903
2328,DISABLED,30,0,0,0,0,0,1.989
2329,DISABLED,30,0,0,0,0,0,1.979
2330,DISABLED,30,0,0,0,0,0,1.813
2331,DISABLED,30,0,0,0,0,0,1.980
2332,DISABLED,30,0,0,0,0,0,1.792
2333,DISABLED,30,0,0,0,0,0,1.807
2334,DISABLED,30,0,0,0,0,0,1.933
2335,DISABLED,30,0,0,0,0,0,1.981
2336,DISABLED,30,0,0,0,0,0,1.887
2337,DISABLED,30,0,0,0,0,0,1.989
2338,DISABLED,30,0,0,0,0,0,1.910
2339,DISABLED,30,0,0,0,0,0,1.859
2340,DISABLED,30,0,0,0,0,0,1.933
2341,DISABLED,30,0,0,0,0,0,1.839
2342,DISABLED,30,0,0,0,0,0,2.045
2343,DISABLED,30,0,0,0,0,0,1.915
2344,DISABLED,30,0,0,0,0,0,1.958
2345,DISABLED,30,0,0,0,0,0,1.793
2346,DISABLED,30,0,0,0,0,0,2.019
2347,DISABLED,30,0,0,0,0,0,1.573
2348,DISABLED,30,0,0,0,0,0,1.770
2349,DISABLED,30,0,0,0,0,0,1.843
2350,DISABLED,30,0,0,0,0,0,1.989
2351,DISABLED,30,0,0,0,0,0,1.862
2352,DISABLED,30,0,0,0,0,0,1.754
2353,DISABLED,30,0,0,0,0,0,1.991
2354,DISABLED,30,0,0,0,0,0,1.888
2355,DISABLED,30,0,0,0,0,0,2.040
2356,DISABLED,30,0,0,0,0,0,1.894
2357,DISABLED,30,0,0,0,0,0,1.831
2358,DISABLED,30,0,0,0,0,0,2.010
2359,DISABLED,30,0,0,0,0,0,1.963
2360,DISABLED,30,0,0,0,0,0,1.905
2361,DISABLED,30,0,0,0,0,0,1.780
2362,DISABLED,30,0,0,0,0,0,2.034
2363,DISABLED,30,0,0,0,0,0,1.763
2364,DISABLED,30,0,0,0,0,0,1.893
2365,DISABLED,30,0,0,0,0,0,1.892
2366,DISABLED,30,0,0,0,0,0,1.792
2367,DISABLED,30,0,0,0,0,0,1.888
2368,DISABLED,30,0,0,0,0,0,1.942
2369,DISABLED,30,0,0,0,0,0,2.254
2370,DISABLED,30,0,0,0,0,0,1.917
2371,DISABLED,30,0,0,0,0,0,1.813
2372,DISABLED,30,0,0,0,0,0,2.103
2373,DISABLED,30,0,0,0,0,0,1.911
2374,DISABLED,30,0,0,0,0,0,1.974
2375,DISABLED,30,0,0,0,0,0,1.901
2376,DISABLED,30,0,0,0,0,0,2.019
2377,DISABLED,30,0,0,0,0,0,1.623
2378,DISABLED,30,0,0,0,0,0,2.181
2379,DISABLED,30,0,0,0,0,0,1.916
2380,DISABLED,30,0,0,0,0,0,1.879
2381,DISABLED,30,0,0,0,0,0,1.932
2382,DISABLED,30,0,0,0,0,0,1.784
2383,DISABLED,30,0,0,0,0,0,1.913
2384,DISABLED,30,0,0,0,0,0,1.982
2385,DISABLED,30,0,0,0,0,0,1.830
2386,DISABLED,30,0,0,0,0,0,1.778
2387,DISABLED,30,0,0,0,0,0,1.902
2388,DISABLED,30,0,0,0,0,0,2.020
2389,DISABLED,30,0,0,0,0,0,1.994
2390,DISABLED,30,0,0,0,0,0,1.925
2391,DISABLED,30,0,0,0,0,0,1.818
2392,DISABLED,30,0,0,0,0,0,2.549
2393,DISABLED,30,0,0,0,0,0,1.798
2394,DISABLED,30,0,0,0,0,0,1.918
2395,DISABLED,30,0,0,0,0,0,1.943
2396,DISABLED,30,0,0,0,0,0,1.959
2397,DISABLED,30,0,0,0,0,0,2.333
2398,DISABLED,30,0,0,0,0,0,1.814
2399,DISABLED,30,0,0,0,0,0,1.973
2400,DISABLED,30,0,0,0,0,0,1.952
2401,DISABLED,30,0,0,0,0,0,1.841
2402,DISABLED,30,0,0,0,0,0,2.045
2403,DISABLED,30,0,0,0,0,0,1.933
2404,DISABLED,30,0,0,0,0,0,1.950
2405,DISABLED,30,0,0,0,0,0,1.850
2406,DISABLED,30,0,0,0,0,0,1.956
2407,DISABLED,30,0,0,0,0,0,1.589
2408,DISABLED,30,0,0,0,0,0,1.682
2409,DISABLED,30,0,0,0,0,0,1.986
2410,DISABLED,30,0,0,0,0,0,1.900
2411,DISABLED,30,0,0,0,0,0,1.848
2412,DISABLED,30,0,0,0,0,0,1.752
2413,DISABLED,30,0,0,0,0,0,1.987
2414,DISABLED,30,0,0,0,0,0,1.923
2415,DISABLED,30,0,0,0,0,0,2.030
2416,DISABLED,30,0,0,0,0,0,1.745
2417,DISABLED,30,0,0,0,0,0,1.983
2418,DISABLED,30,0,0,0,0,0,1.956
2419,DISABLED,30,0,0,0,0,0,1.881
2420,DISABLED,30,0,0,0,0,0,1.912
2421,DISABLED,30,0,0,0,0,0,2.021
2422,DISABLED,30,0,0,0,0,0,1.816
2423,DISABLED,30,0,0,0,0,0,1.915
2424,DISABLED,30,0,0,0,0,0,1.799
2425,DISABLED,30,0,0,0,0,0,1.948
2426,DISABLED,30,0,0,0,0,0,1.901
2427,DISABLED,30,0,0,0,0,0,1.853
2428,DISABLED,30,0,0,0,0,0,1.900
2429,DISABLED,30,0,0,0,0,0,2.469
2430,DISABLED,30,0,0,0,0,0,1.822
2431,DISABLED,30,0,0,0,0,0,1.855
2432,DISABLED,30,0,0,0,0,0,2.065
2433,DISABLED,30,0,0,0,0,0,1.923
2434,DISABLED,30,0,0,0,0,0,1.963
2435,DISABLED,30,0,0,0,0,0,1.838
2436,DISABLED,30,0,0,0,0,0,1.987
2437,DISABLED,30,0,0,0,0,0,1.581
2438,DISABLED,30,0,0,0,0,0,2.450
2439,DISABLED,30,0,0,0,0,0,1.978
2440,DISABLED,30,0,0,0,0,0,1.842
2441,DISABLED,30,0,0,0,0,0,2.352
2442,DISABLED,30,0,0,0,0,0,1.808
2443,DISABLED,30,0,0,0,0,0,1.956
2444,DISABLED,30,0,0,0,0,0,2.376
2445,DISABLED,30,0,0,0,0,0,1.947
2446,DISABLED,30,0,0,0,0,0,1.738
2447,DISABLED,30,0,0,0,0,0,1.917
2448,DISABLED,30,0,0,0,0,0,2.037
2449,DISABLED,30,0,0,0,0,0,2.017
2450,DISABLED,30,0,0,0,0,0,2.438
2451,DISABLED,30,0,0,0,0,0,2.041
2452,DISABLED,30,0,0,0,0,0,1.837
2453,DISABLED,30,0,0,0,0,0,1.758
2454,DISABLED,30,0,0,0,0,0,1.914
2455,DISABLED,30,0,0,0,0,0,1.925
2456,DISABLED,30,0,0,0,0,0,2.029
2457,DISABLED,30,0,0,0,0,0,1.870
2458,DISABLED,30,0,0,0,0,0,1.932
2459,DISABLED,30,0,0,0,0,0,1.804
2460,DISABLED,30,0,0,0,0,0,1.802
2461,DISABLED,30,0,0,0,0,0,2.563
2462,DISABLED,30,0,0,0,0,0,1.994
2463,DISABLED,30,0,0,0,0,0,1.920
2464,DISABLED,30,0,0,0,0,0,2.008
2465,DISABLED,30,0,0,0,0,0,1.829
2466,DISABLED,30,0,0,0,0,0,2.541
2467,DISABLED,30,0,0,0,0,0,1.566
2468,DISABLED,30,0,0,0,0,0,2.205
2469,DISABLED,30,0,0,0,0,0,2.532
2470,DISABLED,30,0,0,0,0,0,1.892
2471,DISABLED,30,0,0,0,0,0,1.869
2472,DISABLED,30,0,0,0,0,0,1.792
2473,DISABLED,30,0,0,0,0,0,1.999
2474,DISABLED,30,0,0,0,0,0,2.388
2475,DISABLED,30,0,0,0,0,0,2.018
2476,DISABLED,30,0,0,0,0,0,1.761
2477,DISABLED,30,0,0,0,0,0,2.423
2478,DISABLED,30,0,0,0,0,0,1.942
2479,DISABLED,30,0,0,0,0,0,1.993
2480,DISABLED,30,0,0,0,0,0,1.938
2481,DISABLED,30,0,0,0,0,0,1.978
2482,DISABLED,30,0,0,0,0,0,1.807
2483,DISABLED,30,0,0,0,0,0,2.269
2484,DISABLED,30,0,0,0,0,0,1.955
2485,DISABLED,30,0,0,0,0,0,1.923
2486,DISABLED,30,0,0,0,0,0,2.743
2487,DISABLED,30,0,0,0,0,0,1.964
2488,DISABLED,30,0,0,0,0,0,1.962
2489,DISABLED,30,0,0,0,0,0,2.993
2490,DISABLED,30,0,0,0,0,0,2.392
2491,DISABLED,30,0,0,0,0,0,1.799
2492,DISABLED,30,0,0,0,0,0,2.049
2493,DISABLED,30,0,0,0,0,0,1.924
2494,DISABLED,30,0,0,0,0,0,1.983
2495,DISABLED,30,0,0,0,0,0,1.838
2496,DISABLED,30,0,0,0,0,0,1.972
2497,DISABLED,30,0,0,0,0,0,1.620
2498,DISABLED,30,0,0,0,0,0,1.665
2499,DISABLED,30,0,0,0,0,0,2.049
2500,DISABLED,30,0,0,0,0,0,1.877
2501,DISABLED,30,0,0,0,0,0,1.869
2502,DISABLED,30,0,0,0,0,0,2.238
2503,DISABLED,30,0,0,0,0,0,2.010
2504,DISABLED,30,0,0,0,0,0,2.452
2505,DISABLED,30,0,0,0,0,0,1.979
2506,DISABLED,30,0,0,0,0,0,1.947
2507,DISABLED,30,0,0,0,0,0,1.988
2508,DISABLED,30,0,0,0,0,0,1.721
2509,DISABLED,30,0,0,0,0,0,2.547
2510,DISABLED,30,0,0,0,0,0,1.871
2511,DISABLED,30,0,0,0,0,0,2.486
2512,DISABLED,30,0,0,0,0,0,1.797
2513,DISABLED,30,0,0,0,0,0,1.946
2514,DISABLED,30,0,0,0,0,0,2.274
2515,DISABLED,30,0,0,0,0,0,1.891
2516,DISABLED,30,0,0,0,0,0,1.933
2517,DISABLED,30,0,0,0,0,0,1.851
2518,DISABLED,30,0,0,0,0,0,1.800
2519,DISABLED,30,0,0,0,0,0,2.462
2520,DISABLED,30,0,0,0,0,0,2.337
2521,DISABLED,30,0,0,0,0,0,1.978
2522,DISABLED,30,0,0,0,0,0,2.049
2523,DISABLED,30,0,0,0,0,0,1.938
2524,DISABLED,30,0,0,0,0,0,2.018
2525,DISABLED,30,0,0,0,0,0,1.846
2526,DISABLED,30,0,0,0,0,0,2.022
2527,DISABLED,30,0,0,0,0,0,1.573
2528,DISABLED,30,0,0,0,0,0,1.675
2529,DISABLED,30,0,0,0,0,0,2.009
2530,DISABLED,30,0,0,0,0,0,1.865
2531,DISABLED,30,0,0,0,0,0,19.519
2532,DISABLED,30,0,0,0,0,0,2.279
2533,DISABLED,30,0,0,0,0,0,2.491
2534,DISABLED,30,0,0,0,0,0,2.354
2535,DISABLED,30,0,0,0,0,0,2.442
2536,DISABLED,30,0,0,0,0,0,2.225
2537,DISABLED,30,0,0,0,0,0,1.783
2538,DISABLED,30,0,0,0,0,0,1.499
2539,DISABLED,30,0,0,0,0,0,1.434
2540,DISABLED,30,0,0,0,0,0,0.877
2541,DISABLED,30,0,0,0,0,0,1.052
2542,DISABLED,30,0,0,0,0,0,1.185
2543,DISABLED,30,0,0,0,0,0,0.787
2544,DISABLED,30,0,0,0,0,0,1.234
2545,DISABLED,30,0,0,0,0,0,0.891
2546,DISABLED,30,0,0,0,0,0,1.087
2547,DISABLED,30,0,0,0,0,0,0.935
2548,DISABLED,30,0,0,0,0,0,0.880
2549,DISABLED,30,0,0,0,0,0,0.838
2550,DISABLED,30,0,0,0,0,0,0.802
2551,DISABLED,30,0,0,0,0,0,0.919
2552,DISABLED,30,0,0,0,0,0,0.990
2553,DISABLED,30,0,0,0,0,0,0.888
2554,DISABLED,30,0,0,0,0,0,0.927
2555,DISABLED,30,0,0,0,0,0,0.784
2556,DISABLED,30,0,0,0,0,0,0.920
2557,DISABLED,30,0,0,0,0,0,0.529
2558,DISABLED,30,0,0,0,0,0,0.612
2559,DISABLED,30,0,0,0,0,0,0.864
2560,DISABLED,30,0,0,0,0,0,0.756
2561,DISABLED,30,0,0,0,0,0,0.811
2562,DISABLED,30,0,0,0,0,0,1.052
2563,DISABLED,30,0,0,0,0,0,0.935
2564,DISABLED,30,0,0,0,0,0,0.826
2565,DISABLED,30,0,0,0,0,0,0.896
2566,DISABLED,30,0,0,0,0,0,1.013
2567,DISABLED,30,0,0,0,0,0,0.849
2568,DISABLED,30,0,0,0,0,0,0.896
2569,DISABLED,30,0,0,0,0,0,0.936
2570,DISABLED,30,0,0,0,0,0,0.818
2571,DISABLED,30,0,0,0,0,0,0.899
2572,DISABLED,30,0,0,0,0,0,1.177
2573,DISABLED,30,0,0,0,0,0,0.717
2574,DISABLED,30,0,0,0,0,0,1.169
2575,DISABLED,30,0,0,0,0,0,0.849
2576,DISABLED,30,0,0,0,0,0,0.732
2577,DISABLED,30,0,0,0,0,0,0.880
2578,DISABLED,30,0,0,0,0,0,0.740
2579,DISABLED,30,0,0,0,0,0,0.878
2580,DISABLED,30,0,0,0,0,0,0.865
2581,DISABLED,30,0,0,0,0,0,0.747
2582,DISABLED,30,0,0,0,0,0,0.974
2583,DISABLED,30,0,0,0,0,0,0.912
2584,DISABLED,30,0,0,0,0,0,0.894
2585,DISABLED,30,0,0,0,0,0,0.799
2586,DISABLED,30,0,0,0,0,0,0.872
2587,DISABLED,30,0,0,0,0,0,0.530
2588,DISABLED,30,0,0,0,0,0,0.600
2589,DISABLED,30,0,0,0,0,0,0.917
2590,DISABLED,30,0,0,0,0,0,0.784
2591,DISABLED,30,0,0,0,0,0,0.771
2592,DISABLED,30,0,0,0,0,0,0.694
2593,DISABLED,30,0,0,0,0,0,0.919
2594,DISABLED,30,0,0,0,0,0,0.767
2595,DISABLED,30,0,0,0,0,0,0.958
2596,DISABLED,30,0,0,0,0,0,0.817
2597,DISABLED,30,0,0,0,0,0,0.709
2598,DISABLED,30,0,0,0,0,0,0.896
2599,DISABLED,30,0,0,0,0,0,1.277
2600,DISABLED,30,0,0,0,0,0,0.779
2601,DISABLED,30,0,0,0,0,0,0.943
2602,DISABLED,30,0,0,0,0,0,0.693
2603,DISABLED,30,0,0,0,0,0,0.693
2604,DISABLED,30,0,0,0,0,0,0.888
2605,DISABLED,30,0,0,0,0,0,0.818
2606,DISABLED,30,0,0,0,0,0,0.756
2607,DISABLED,30,0,0,0,0,0,0.892
2608,DISABLED,30,0,0,0,0,0,0.899
2609,DISABLED,30,0,0,0,0,0,0.740
2610,DISABLED,30,0,0,0,0,0,0.779
2611,DISABLED,30,0,0,0,0,0,0.873
2612,DISABLED,30,0,0,0,0,0,0.943
2613,DISABLED,30,0,0,0,0,0,0.857
2614,DISABLED,30,0,0,0,0,0,0.919
2615,DISABLED,30,0,0,0,0,0,0.740
2616,DISABLED,30,0,0,0,0,0,0.919
2617,DISABLED,30,0,0,0,0,0,0.514
2618,DISABLED,30,0,0,0,0,0,0.609
2619,DISABLED,30,0,0,0,0,0,0.903
2620,DISABLED,30,0,0,0,0,0,0.787
2621,DISABLED,30,0,0,0,0,0,0.795
2622,DISABLED,30,0,0,0,0,0,0.670
2623,DISABLED,30,0,0,0,0,0,0.919
2624,DISABLED,30,0,0,0,0,0,0.778
2625,DISABLED,30,0,0,0,0,0,0.912
2626,DISABLED,30,0,0,0,0,0,0.662
2627,DISABLED,30,0,0,0,0,0,0.857
2628,DISABLED,30,0,0,0,0,0,0.919
2629,DISABLED,30,0,0,0,0,0,0.907
2630,DISABLED,30,0,0,0,0,0,0.691
2631,DISABLED,30,0,0,0,0,0,0.935
2632,DISABLED,30,0,0,0,0,0,0.756
2633,DISABLED,30,0,0,0,0,0,0.834
2634,DISABLED,30,0,0,0,0,0,0.823
2635,DISABLED,30,0,0,0,0,0,0.701
2636,DISABLED,30,0,0,0,0,0,0.857
2637,DISABLED,30,0,0,0,0,0,0.750
2638,DISABLED,30,0,0,0,0,0,0.817
2639,DISABLED,30,0,0,0,0,0,0.747
2640,DISABLED,30,0,0,0,0,0,0.889
2641,DISABLED,30,0,0,0,0,0,0.740
2642,DISABLED,30,0,0,0,0,0,0.935
2643,DISABLED,30,0,0,0,0,0,0.865
2644,DISABLED,30,0,0,0,0,0,0.872
2645,DISABLED,30,0,0,0,0,0,0.772
2646,DISABLED,30,0,0,0,0,0,0.951
2647,DISABLED,30,0,0,0,0,0,0.489
2648,DISABLED,30,0,0,0,0,0,0.616
2649,DISABLED,30,0,0,0,0,0,0.896
2650,DISABLED,30,0,0,0,0,0,0.771
2651,DISABLED,30,0,0,0,0,0,0.777
2652,DISABLED,30,0,0,0,0,0,0.685
2653,DISABLED,30,0,0,0,0,0,0.939
2654,DISABLED,30,0,0,0,0,0,0.817
2655,DISABLED,30,0,0,0,0,0,0.911
2656,DISABLED,30,0,0,0,0,0,0.807
2657,DISABLED,30,0,0,0,0,0,0.704
2658,DISABLED,30,0,0,0,0,0,0.927
2659,DISABLED,30,0,0,0,0,0,0.903
2660,DISABLED,30,0,0,0,0,0,0.841
2661,DISABLED,30,0,0,0,0,0,0.732
2662,DISABLED,30,0,0,0,0,0,0.950
2663,DISABLED,30,0,0,0,0,0,0.686
2664,DISABLED,30,0,0,0,0,0,0.848
2665,DISABLED,30,0,0,0,0,0,0.849
2666,DISABLED,30,0,0,0,0,0,0.724
2667,DISABLED,30,0,0,0,0,0,1.383
2668,DISABLED,30,0,0,0,0,0,1.396
2669,DISABLED,30,0,0,0,0,0,0.856
2670,DISABLED,30,0,0,0,0,0,1.278
2671,DISABLED,30,0,0,0,0,0,0.717
2672,DISABLED,30,0,0,0,0,0,0.960
2673,DISABLED,30,0,0,0,0,0,0.880
2674,DISABLED,30,0,0,0,0,0,0.857
2675,DISABLED,30,0,0,0,0,0,0.769
2676,DISABLED,30,0,0,0,0,0,0.881
2677,DISABLED,30,0,0,0,0,0,0.514
2678,DISABLED,30,0,0,0,0,0,0.591
2679,DISABLED,30,0,0,0,0,0,0.935
2680,DISABLED,30,0,0,0,0,0,0.802
2681,DISABLED,30,0,0,0,0,0,0.778
2682,DISABLED,30,0,0,0,0,0,0.685
2683,DISABLED,30,0,0,0,0,0,0.927
2684,DISABLED,30,0,0,0,0,0,0.786
2685,DISABLED,30,0,0,0,0,0,1.395
2686,DISABLED,30,0,0,0,0,0,0.715
2687,DISABLED,30,0,0,0,0,0,0.834
2688,DISABLED,30,0,0,0,0,0,0.903
2689,DISABLED,30,0,0,0,0,0,0.951
2690,DISABLED,30,0,0,0,0,0,1.329
2691,DISABLED,30,0,0,0,0,0,0.709
2692,DISABLED,30,0,0,0,0,0,0.981
2693,DISABLED,30,0,0,0,0,0,0.810
2694,DISABLED,30,0,0,0,0,0,0.716
2695,DISABLED,30,0,0,0,0,0,0.848
2696,DISABLED,30,0,0,0,0,0,0.717
2697,DISABLED,30,0,0,0,0,0,0.887
2698,DISABLED,30,0,0,0,0,0,0.735
2699,DISABLED,30,0,0,0,0,0,0.725
2700,DISABLED,30,0,0,0,0,0,0.908
2701,DISABLED,30,0,0,0,0,0,1.378
2702,DISABLED,30,0,0,0,0,0,0.982
2703,DISABLED,30,0,0,0,0,0,0.857
2704,DISABLED,30,0,0,0,0,0,1.407
2705,DISABLED,30,0,0,0,0,0,0.759
2706,DISABLED,30,0,0,0,0,0,1.380
2707,DISABLED,30,0,0,0,0,0,0.529
2708,DISABLED,30,0,0,0,0,0,0.576
2709,DISABLED,30,0,0,0,0,0,1.438
2710,DISABLED,30,0,0,0,0,0,0.771
2711,DISABLED,30,0,0,0,0,0,0.775
2712,DISABLED,30,0,0,0,0,0,1.188
2713,DISABLED,30,0,0,0,0,0,0.943
2714,DISABLED,30,0,0,0,0,0,0.810
2715,DISABLED,30,0,0,0,0,0,0.873
2716,DISABLED,30,0,0,0,0,0,0.693
2717,DISABLED,30,0,0,0,0,0,0.818
2718,DISABLED,30,0,0,0,0,0,0.997
2719,DISABLED,30,0,0,0,0,0,1.481
2720,DISABLED,30,0,0,0,0,0,0.864
2721,DISABLED,30,0,0,0,0,0,1.203
2722,DISABLED,30,0,0,0,0,0,1.472
2723,DISABLED,30,0,0,0,0,0,0.732
2724,DISABLED,30,0,0,0,0,0,0.810
2725,DISABLED,30,0,0,0,0,0,0.849
2726,DISABLED,30,0,0,0,0,0,0.834
2727,DISABLED,30,0,0,0,0,0,0.763
2728,DISABLED,30,0,0,0,0,0,0.748
2729,DISABLED,30,0,0,0,0,0,0.834
2730,DISABLED,30,0,0,0,0,0,0.928
2731,DISABLED,30,0,0,0,0,0,0.700
2732,DISABLED,30,0,0,0,0,0,0.988
2733,DISABLED,30,0,0,0,0,0,1.422
2734,DISABLED,30,0,0,0,0,0,0.865
2735,DISABLED,30,0,0,0,0,0,0.775
2736,DISABLED,30,0,0,0,0,0,0.903
2737,DISABLED,30,0,0,0,0,0,0.514
2738,DISABLED,30,0,0,0,0,0,0.604
2739,DISABLED,30,0,0,0,0,0,0.903
2740,DISABLED,30,0,0,0,0,0,0.770
2741,DISABLED,30,0,0,0,0,0,0.787
2742,DISABLED,30,0,0,0,0,0,0.677
2743,DISABLED,30,0,0,0,0,0,1.402
2744,DISABLED,30,0,0,0,0,0,0.810
2745,DISABLED,30,0,0,0,0,0,0.941
2746,DISABLED,30,0,0,0,0,0,0.676
2747,DISABLED,30,0,0,0,0,0,0.851
2748,DISABLED,30,0,0,0,0,0,1.425
2749,DISABLED,30,0,0,0,0,0,0.915
2750,DISABLED,30,0,0,0,0,0,0.814
2751,DISABLED,30,0,0,0,0,0,0.701
2752,DISABLED,30,0,0,0,0,0,1.473
2753,DISABLED,30,0,0,0,0,0,1.074
2754,DISABLED,30,0,0,0,0,0,1.448
2755,DISABLED,30,0,0,0,0,0,0.826
2756,DISABLED,30,0,0,0,0,0,0.703
2757,DISABLED,30,0,0,0,0,0,0.924
2758,DISABLED,30,0,0,0,0,0,1.376
2759,DISABLED,30,0,0,0,0,0,0.755
2760,DISABLED,30,0,0,0,0,0,0.833
2761,DISABLED,30,0,0,0,0,0,0.780
2762,DISABLED,30,0,0,0,0,0,1.472
2763,DISABLED,30,0,0,0,0,0,0.888
2764,DISABLED,30,0,0,0,0,0,1.370
2765,DISABLED,30,0,0,0,0,0,0.756
2766,DISABLED,30,0,0,0,0,0,0.935
2767,DISABLED,30,0,0,0,0,0,1.589
2768,DISABLED,30,0,0,0,0,0,0.576
2769,DISABLED,30,0,0,0,0,0,0.899
2770,DISABLED,30,0,0,0,0,0,0.751
2771,DISABLED,30,0,0,0,0,0,0.829
2772,DISABLED,30,0,0,0,0,0,0.950
2773,DISABLED,30,0,0,0,0,0,0.637
2774,DISABLED,30,0,0,0,0,0,0.799
2775,DISABLED,30,0,0,0,0,0,0.912
2776,DISABLED,30,0,0,0,0,0,0.642
2777,DISABLED,30,0,0,0,0,0,0.864
2778,DISABLED,30,0,0,0,0,0,0.879
2779,DISABLED,30,0,0,0,0,0,0.942
2780,DISABLED,30,0,0,0,0,0,0.807
2781,DISABLED,30,0,0,0,0,0,1.436
2782,DISABLED,30,0,0,0,0,0,1.175
2783,DISABLED,30,0,0,0,0,0,0.724
2784,DISABLED,30,0,0,0,0,0,0.845
2785,DISABLED,30,0,0,0,0,0,0.834
2786,DISABLED,30,0,0,0,0,0,0.732
2787,DISABLED,30,0,0,0,0,0,1.012
2788,DISABLED,30,0,0,0,0,0,1.088
2789,DISABLED,30,0,0,0,0,0,0.833
2790,DISABLED,30,0,0,0,0,0,0.740
2791,DISABLED,30,0,0,0,0,0,0.881
2792,DISABLED,30,0,0,0,0,0,0.958
2793,DISABLED,30,0,0,0,0,0,1.355
2794,DISABLED,30,0,0,0,0,0,0.896
2795,DISABLED,30,0,0,0,0,0,0.762
2796,DISABLED,30,0,0,0,0,0,0.904
2797,DISABLED,30,0,0,0,0,0,1.007
2798,DISABLED,30,0,0,0,0,0,0.576
2799,DISABLED,30,0,0,0,0,0,0.911
2800,DISABLED,30,0,0,0,0,0,0.756
2801,DISABLED,30,0,0,0,0,0,0.807
2802,DISABLED,30,0,0,0,0,0,0.654
2803,DISABLED,30,0,0,0,0,0,0.935
2804,DISABLED,30,0,0,0,0,0,0.802
2805,DISABLED,30,0,0,0,0,0,0.888
2806,DISABLED,30,0,0,0,0,0,0.671
2807,DISABLED,30,0,0,0,0,0,0.849
2808,DISABLED,30,0,0,0,0,0,0.896
2809,DISABLED,30,0,0,0,0,0,1.494
2810,DISABLED,30,0,0,0,0,0,0.771
2811,DISABLED,30,0,0,0,0,0,1.211
2812,DISABLED,30,0,0,0,0,0,0.978
2813,DISABLED,30,0,0,0,0,0,1.861
2814,DISABLED,30,0,0,0,0,0,0.693
2815,DISABLED,30,0,0,0,0,0,0.834
2816,DISABLED,30,0,0,0,0,0,0.716
2817,DISABLED,30,0,0,0,0,0,0.887
2818,DISABLED,30,0,0,0,0,0,0.911
2819,DISABLED,30,0,0,0,0,0,0.894
2820,DISABLED,30,0,0,0,0,0,0.864
2821,DISABLED,30,0,0,0,0,0,0.780
2822,DISABLED,30,0,0,0,0,0,0.927
2823,DISABLED,30,0,0,0,0,0,0.873
2824,DISABLED,30,0,0,0,0,0,0.919
2825,DISABLED,30,0,0,0,0,0,1.295
2826,DISABLED,30,0,0,0,0,0,0.873
2827,DISABLED,30,0,0,0,0,0,1.049
2828,DISABLED,30,0,0,0,0,0,0.585
2829,DISABLED,30,0,0,0,0,0,0.895
2830,DISABLED,30,0,0,0,0,0,0.771
2831,DISABLED,30,0,0,0,0,0,17.965
2832,DISABLED,30,0,0,0,0,0,1.105
2833,DISABLED,30,0,0,0,0,0,0.990
2834,DISABLED,30,0,0,0,0,0,1.244
2835,DISABLED,30,0,0,0,0,0,1.406
2836,DISABLED,30,0,0,0,0,0,1.091
2837,DISABLED,30,0,0,0,0,0,0.896
2838,DISABLED,30,0,0,0,0,0,0.903
2839,DISABLED,30,0,0,0,0,0,0.927
2840,DISABLED,30,0,0,0,0,0,0.857
2841,DISABLED,30,0,0,0,0,0,0.710
2842,DISABLED,30,0,0,0,0,0,0.958
2843,DISABLED,30,0,0,0,0,0,1.141
2844,DISABLED,30,0,0,0,0,0,0.841
2845,DISABLED,30,0,0,0,0,0,1.200
2846,DISABLED,30,0,0,0,0,0,0.873
2847,DISABLED,30,0,0,0,0,0,0.880
2848,DISABLED,30,0,0,0,0,0,0.717
2849,DISABLED,30,0,0,0,0,0,0.746
2850,DISABLED,30,0,0,0,0,0,0.748
2851,DISABLED,30,0,0,0,0,0,0.904
2852,DISABLED,30,0,0,0,0,0,1.002
2853,DISABLED,30,0,0,0,0,0,0.849
2854,DISABLED,30,0,0,0,0,0,0.872
2855,DISABLED,30,0,0,0,0,0,0.803
2856,DISABLED,30,0,0,0,0,0,0.894
2857,DISABLED,30,0,0,0,0,0,0.530
2858,DISABLED,30,0,0,0,0,0,0.607
2859,DISABLED,30,0,0,0,0,0,0.872
2860,DISABLED,30,0,0,0,0,0,0.771
2861,DISABLED,30,0,0,0,0,0,1.122
2862,DISABLED,30,0,0,0,0,0,0.669
2863,DISABLED,30,0,0,0,0,0,0.912
2864,DISABLED,30,0,0,0,0,0,0.842
2865,DISABLED,30,0,0,0,0,0,0.934
2866,DISABLED,30,0,0,0,0,0,0.697
2867,DISABLED,30,0,0,0,0,0,0.826
2868,DISABLED,30,0,0,0,0,0,0.911
2869,DISABLED,30,0,0,0,0,0,0.935
2870,DISABLED,30,0,0,0,0,0,0.820
2871,DISABLED,30,0,0,0,0,0,0.694
2872,DISABLED,30,0,0,0,0,0,0.943
2873,DISABLED,30,0,0,0,0,0,0.834
2874,DISABLED,30,0,0,0,0,0,0.717
2875,DISABLED,30,0,0,0,0,0,0.833
2876,DISABLED,30,0,0,0,0,0,1.141
2877,DISABLED,30,0,0,0,0,0,0.888
2878,DISABLED,30,0,0,0,0,0,0.878
2879,DISABLED,30,0,0,0,0,0,0.685
2880,DISABLED,30,0,0,0,0,0,0.771
2881,DISABLED,30,0,0,0,0,0,0.865
2882,DISABLED,30,0,0,0,0,0,0.973
2883,DISABLED,30,0,0,0,0,0,0.872
2884,DISABLED,30,0,0,0,0,0,0.849
2885,DISABLED,30,0,0,0,0,0,0.771
2886,DISABLED,30,0,0,0,0,0,0.881
2887,DISABLED,30,0,0,0,0,0,0.506
2888,DISABLED,30,0,0,0,0,0,0.594
2889,DISABLED,30,0,0,0,0,0,0.929
2890,DISABLED,30,0,0,0,0,0,0.767
2891,DISABLED,30,0,0,0,0,0,0.799
2892,DISABLED,30,0,0,0,0,0,0.693
2893,DISABLED,30,0,0,0,0,0,0.903
2894,DISABLED,30,0,0,0,0,0,0.787
2895,DISABLED,30,0,0,0,0,0,0.904
2896,DISABLED,30,0,0,0,0,0,1.301
2897,DISABLED,30,0,0,0,0,0,0.701
2898,DISABLED,30,0,0,0,0,0,0.880
2899,DISABLED,30,0,0,0,0,0,0.950
2900,DISABLED,30,0,0,0,0,0,0.818
2901,DISABLED,30,0,0,0,0,0,0.709
2902,DISABLED,30,0,0,0,0,0,0.927
2903,DISABLED,30,0,0,0,0,0,0.717
2904,DISABLED,30,0,0,0,0,0,0.802
2905,DISABLED,30,0,0,0,0,0,1.184
2906,DISABLED,30,0,0,0,0,0,0.873
2907,DISABLED,30,0,0,0,0,0,0.863
2908,DISABLED,30,0,0,0,0,0,0.716
2909,DISABLED,30,0,0,0,0,0,0.902
2910,DISABLED,30,0,0,0,0,0,0.755
2911,DISABLED,30,0,0,0,0,0,0.772
2912,DISABLED,30,0,0,0,0,0,0.950
2913,DISABLED,30,0,0,0,0,0,0.857
2914,DISABLED,30,0,0,0,0,0,0.881
2915,DISABLED,30,0,0,0,0,0,0.739
2916,DISABLED,30,0,0,0,0,0,0.880
2917,DISABLED,30,0,0,0,0,0,0.515
2918,DISABLED,30,0,0,0,0,0,0.615
2919,DISABLED,30,0,0,0,0,0,0.857
2920,DISABLED,30,0,0,0,0,0,0.794
2921,DISABLED,30,0,0,0,0,0,0.771
2922,DISABLED,30,0,0,0,0,0,0.686
2923,DISABLED,30,0,0,0,0,0,0.894
2924,DISABLED,30,0,0,0,0,0,0.798
2925,DISABLED,30,0,0,0,0,0,0.892
2926,DISABLED,30,0,0,0,0,0,0.657
2927,DISABLED,30,0,0,0,0,0,0.865
2928,DISABLED,30,0,0,0,0,0,0.917
2929,DISABLED,30,0,0,0,0,0,0.941
2930,DISABLED,30,0,0,0,0,0,0.684
2931,DISABLED,30,0,0,0,0,0,0.686
2932,DISABLED,30,0,0,0,0,0,1.016
2933,DISABLED,30,0,0,0,0,0,0.846
2934,DISABLED,30,0,0,0,0,0,0.700
2935,DISABLED,30,0,0,0,0,0,0.833
2936,DISABLED,30,0,0,0,0,0,0.841
2937,DISABLED,30,0,0,0,0,0,0.771
2938,DISABLED,30,0,0,0,0,0,0.826
2939,DISABLED,30,0,0,0,0,0,1.367
2940,DISABLED,30,0,0,0,0,0,0.728
2941,DISABLED,30,0,0,0,0,0,0.747
2942,DISABLED,30,0,0,0,0,0,0.943
2943,DISABLED,30,0,0,0,0,0,0.903
2944,DISABLED,30,0,0,0,0,0,0.880
2945,DISABLED,30,0,0,0,0,0,0.723
2946,DISABLED,30,0,0,0,0,0,0.927
2947,DISABLED,30,0,0,0,0,0,0.545
2948,DISABLED,30,0,0,0,0,0,1.090
2949,DISABLED,30,0,0,0,0,0,0.896
2950,DISABLED,30,0,0,0,0,0,0.770
2951,DISABLED,30,0,0,0,0,0,1.314
2952,DISABLED,30,0,0,0,0,0,0.674
2953,DISABLED,30,0,0,0,0,0,0.903
2954,DISABLED,30,0,0,0,0,0,0.795
2955,DISABLED,30,0,0,0,0,0,0.895
2956,DISABLED,30,0,0,0,0,0,0.696
2957,DISABLED,30,0,0,0,0,0,0.858
2958,DISABLED,30,0,0,0,0,0,0.889
2959,DISABLED,30,0,0,0,0,0,0.902
2960,DISABLED,30,0,0,0,0,0,1.262
2961,DISABLED,30,0,0,0,0,0,0.967
2962,DISABLED,30,0,0,0,0,0,0.692
2963,DISABLED,30,0,0,0,0,0,0.713
2964,DISABLED,30,0,0,0,0,0,0.821
2965,DISABLED,30,0,0,0,0,0,0.841
2966,DISABLED,30,0,0,0,0,0,0.850
2967,DISABLED,30,0,0,0,0,0,0.903
2968,DISABLED,30,0,0,0,0,0,0.744
2969,DISABLED,30,0,0,0,0,0,1.367
2970,DISABLED,30,0,0,0,0,0,0.740
2971,DISABLED,30,0,0,0,0,0,0.725
2972,DISABLED,30,0,0,0,0,0,1.005
2973,DISABLED,30,0,0,0,0,0,0.947
2974,DISABLED,30,0,0,0,0,0,0.879
2975,DISABLED,30,0,0,0,0,0,0.739
2976,DISABLED,30,0,0,0,0,0,1.442
2977,DISABLED,30,0,0,0,0,0,0.532
2978,DISABLED,30,0,0,0,0,0,0.577
2979,DISABLED,30,0,0,0,0,0,0.884
2980,DISABLED,30,0,0,0,0,0,1.819
2981,DISABLED,30,0,0,0,0,0,1.786
2982,DISABLED,30,0,0,0,0,0,0.686
2983,DISABLED,30,0,0,0,0,0,0.895
2984,DISABLED,30,0,0,0,0,0,0.791
2985,DISABLED,30,0,0,0,0,0,1.443
2986,DISABLED,30,0,0,0,0,0,0.669
2987,DISABLED,30,0,0,0,0,0,0.853
2988,DISABLED,30,0,0,0,0,0,0.888
2989,DISABLED,30,0,0,0,0,0,1.456
2990,DISABLED,30,0,0,0,0,0,0.833
2991,DISABLED,30,0,0,0,0,0,1.389
2992,DISABLED,30,0,0,0,0,0,0.701
2993,DISABLED,30,0,0,0,0,0,0.701
2994,DISABLED,30,0,0,0,0,0,0.806
2995,DISABLED,30,0,0,0,0,0,0.865
2996,DISABLED,30,0,0,0,0,0,0.709
2997,DISABLED,30,0,0,0,0,0,0.896
2998,DISABLED,30,0,0,0,0,0,0.857
2999,DISABLED,30,0,0,0,0,0,0.763
3000,DISABLED,30,0,0,0,0,0,0.880
3001,DISABLED,30,0,0,0,0,0,0.755
3002,DISABLED,30,0,0,0,0,0,0.976
3003,DISABLED,30,0,0,0,0,0,1.430
3004,DISABLED,30,0,0,0,0,0,0.892
3005,DISABLED,30,0,0,0,0,0,0.753
3006,DISABLED,30,0,0,0,0,0,0.896
3007,DISABLED,30,0,0,0,0,0,0.514
3008,DISABLED,30,0,0,0,0,0,0.591
3009,DISABLED,30,0,0,0,0,0,0.911
3010,DISABLED,30,0,0,0,0,0,0.787
3011,DISABLED,30,0,0,0,0,0,0.794
3012,DISABLED,30,0,0,0,0,0,0.674
3013,DISABLED,30,0,0,0,0,0,1.400
3014,DISABLED,30,0,0,0,0,0,0.772
3015,DISABLED,30,0,0,0,0,0,0.927
3016,DISABLED,30,0,0,0,0,0,0.693
3017,DISABLED,30,0,0,0,0,0,0.837
3018,DISABLED,30,0,0,0,0,0,1.385
3019,DISABLED,30,0,0,0,0,0,0.899
3020,DISABLED,30,0,0,0,0,0,0.829
3021,DISABLED,30,0,0,0,0,0,1.211
3022,DISABLED,30,0,0,0,0,0,1.971
3023,DISABLED,30,0,0,0,0,0,1.200
3024,DISABLED,30,0,0,0,0,0,0.814
3025,DISABLED,30,0,0,0,0,0,0.806
3026,DISABLED,30,0,0,0,0,0,0.908
3027,DISABLED,30,0,0,0,0,0,1.403
3028,DISABLED,30,0,0,0,0,0,0.875
3029,DISABLED,30,0,0,0,0,0,0.732
3030,DISABLED,30,0,0,0,0,0,0.728
3031,DISABLED,30,0,0,0,0,0,0.763
3032,DISABLED,30,0,0,0,0,0,0.981
3033,DISABLED,30,0,0,0,0,0,1.347
3034,DISABLED,30,0,0,0,0,0,0.881
3035,DISABLED,30,0,0,0,0,0,1.114
3036,DISABLED,30,0,0,0,0,0,1.399
3037,DISABLED,30,0,0,0,0,0,0.499
3038,DISABLED,30,0,0,0,0,0,0.593
3039,DISABLED,30,0,0,0,0,0,0.779
3040,DISABLED,30,0,0,0,0,0,0.903
3041,DISABLED,30,0,0,0,0,0,0.802
3042,DISABLED,30,0,0,0,0,0,0.670
3043,DISABLED,30,0,0,0,0,0,0.896
3044,DISABLED,30,0,0,0,0,0,1.347
3045,DISABLED,30,0,0,0,0,0,1.387
3046,DISABLED,30,0,0,0,0,0,0.693
3047,DISABLED,30,0,0,0,0,0,1.336
3048,DISABLED,30,0,0,0,0,0,0.949
3049,DISABLED,30,0,0,0,0,0,1.473
3050,DISABLED,30,0,0,0,0,0,1.394
3051,DISABLED,30,0,0,0,0,0,0.935
3052,DISABLED,30,0,0,0,0,0,1.254
3053,DISABLED,30,0,0,0,0,0,0.670
3054,DISABLED,30,0,0,0,0,0,0.818
3055,DISABLED,30,0,0,0,0,0,0.837
3056,DISABLED,30,0,0,0,0,0,0.852
3057,DISABLED,30,0,0,0,0,0,0.786
3058,DISABLED,30,0,0,0,0,0,1.379
3059,DISABLED,30,0,0,0,0,0,0.727
3060,DISABLED,30,0,0,0,0,0,0.904
3061,DISABLED,30,0,0,0,0,0,0.748
3062,DISABLED,30,0,0,0,0,0,0.950
3063,DISABLED,30,0,0,0,0,0,1.406
3064,DISABLED,30,0,0,0,0,0,0.872
3065,DISABLED,30,0,0,0,0,0,1.324
3066,DISABLED,30,0,0,0,0,0,0.868
3067,DISABLED,30,0,0,0,0,0,1.031
3068,DISABLED,30,0,0,0,0,0,0.615
3069,DISABLED,30,0,0,0,0,0,0.930
3070,DISABLED,30,0,0,0,0,0,1.292
3071,DISABLED,30,0,0,0,0,0,0.768
3072,DISABLED,30,0,0,0,0,0,2.034
3073,DISABLED,30,0,0,0,0,0,0.661
3074,DISABLED,30,0,0,0,0,0,0.779
3075,DISABLED,30,0,0,0,0,0,1.418
3076,DISABLED,30,0,0,0,0,0,0.662
3077,DISABLED,30,0,0,0,0,0,1.376
3078,DISABLED,30,0,0,0,0,0,0.966
3079,DISABLED,30,0,0,0,0,0,0.903
3080,DISABLED,30,0,0,0,0,0,0.819
3081,DISABLED,30,0,0,0,0,0,0.940
3082,DISABLED,30,0,0,0,0,0,0.739
3083,DISABLED,30,0,0,0,0,0,0.670
3084,DISABLED,30,0,0,0,0,0,0.861
3085,DISABLED,30,0,0,0,0,0,0.860
3086,DISABLED,30,0,0,0,0,0,0.849
3087,DISABLED,30,0,0,0,0,0,0.756
3088,DISABLED,30,0,0,0,0,0,0.842
3089,DISABLED,30,0,0,0,0,0,0.740
3090,DISABLED,30,0,0,0,0,0,2.416
3091,DISABLED,30,0,0,0,0,0,1.776
3092,DISABLED,30,0,0,0,0,0,0.965
3093,DISABLED,30,0,0,0,0,0,1.434
3094,DISABLED,30,0,0,0,0,0,1.382
3095,DISABLED,30,0,0,0,0,0,0.741
3096,DISABLED,30,0,0,0,0,0,0.904
3097,DISABLED,30,0,0,0,0,0,0.512
3098,DISABLED,30,0,0,0,0,0,0.615
3099,DISABLED,30,0,0,0,0,0,1.410
3100,DISABLED,30,0,0,0,0,0,1.317
3101,DISABLED,30,0,0,0,0,0,0.787
3102,DISABLED,30,0,0,0,0,0,0.662
3103,DISABLED,30,0,0,0,0,0,0.935
3104,DISABLED,30,0,0,0,0,0,0.803
3105,DISABLED,30,0,0,0,0,0,1.947
3106,DISABLED,30,0,0,0,0,0,0.646
3107,DISABLED,30,0,0,0,0,0,0.856
3108,DISABLED,30,0,0,0,0,0,0.927
3109,DISABLED,30,0,0,0,0,0,1.441
3110,DISABLED,30,0,0,0,0,0,0.802
3111,DISABLED,30,0,0,0,0,0,1.278
3112,DISABLED,30,0,0,0,0,0,0.935
3113,DISABLED,30,0,0,0,0,0,0.833
3114,DISABLED,30,0,0,0,0,0,0.841
3115,DISABLED,30,0,0,0,0,0,1.226
3116,DISABLED,30,0,0,0,0,0,0.717
3117,DISABLED,30,0,0,0,0,0,0.865
3118,DISABLED,30,0,0,0,0,0,0.869
3119,DISABLED,30,0,0,0,0,0,1.399
3120,DISABLED,30,0,0,0,0,0,1.309
3121,DISABLED,30,0,0,0,0,0,0.739
3122,DISABLED,30,0,0,0,0,0,0.958
3123,DISABLED,30,0,0,0,0,0,0.871
3124,DISABLED,30,0,0,0,0,0,0.903
3125,DISABLED,30,0,0,0,0,0,0.772
3126,DISABLED,30,0,0,0,0,0,0.899
3127,DISABLED,30,0,0,0,0,0,0.483
3128,DISABLED,30,0,0,0,0,0,0.589
3129,DISABLED,30,0,0,0,0,0,1.352
3130,DISABLED,30,0,0,0,0,0,1.387
3131,DISABLED,30,0,0,0,0,0,18.027
3132,DISABLED,30,0,0,0,0,0,1.165
3133,DISABLED,30,0,0,0,0,0,0.919
3134,DISABLED,30,0,0,0,0,0,0.796
3135,DISABLED,30,0,0,0,0,0,1.394
3136,DISABLED,30,0,0,0,0,0,1.306
3137,DISABLED,30,0,0,0,0,0,1.113
3138,DISABLED,30,0,0,0,0,0,1.256
3139,DISABLED,30,0,0,0,0,0,0.919
3140,DISABLED,30,0,0,0,0,0,0.787
3141,DISABLED,30,0,0,0,0,0,0.708
3142,DISABLED,30,0,0,0,0,0,0.935
3143,DISABLED,30,0,0,0,0,0,0.840
3144,DISABLED,30,0,0,0,0,0,1.117
3145,DISABLED,30,0,0,0,0,0,0.888
3146,DISABLED,30,0,0,0,0,0,0.716
3147,DISABLED,30,0,0,0,0,0,1.320
3148,DISABLED,30,0,0,0,0,0,0.834
3149,DISABLED,30,0,0,0,0,0,0.895
3150,DISABLED,30,0,0,0,0,0,1.088
3151,DISABLED,30,0,0,0,0,0,0.724
3152,DISABLED,30,0,0,0,0,0,0.974
3153,DISABLED,30,0,0,0,0,0,0.888
3154,DISABLED,30,0,0,0,0,0,0.872
3155,DISABLED,30,0,0,0,0,0,0.740
3156,DISABLED,30,0,0,0,0,0,0.992
3157,DISABLED,30,0,0,0,0,0,0.514
3158,DISABLED,30,0,0,0,0,0,0.600
3159,DISABLED,30,0,0,0,0,0,0.911
3160,DISABLED,30,0,0,0,0,0,0.764
3161,DISABLED,30,0,0,0,0,0,0.834
3162,DISABLED,30,0,0,0,0,0,0.685
3163,DISABLED,30,0,0,0,0,0,0.888
3164,DISABLED,30,0,0,0,0,0,0.873
3165,DISABLED,30,0,0,0,0,0,0.950
3166,DISABLED,30,0,0,0,0,0,0.615
3167,DISABLED,30,0,0,0,0,0,0.953
3168,DISABLED,30,0,0,0,0,0,0.943
3169,DISABLED,30,0,0,0,0,0,1.276
3170,DISABLED,30,0,0,0,0,0,0.833
3171,DISABLED,30,0,0,0,0,0,0.919
3172,DISABLED,30,0,0,0,0,0,0.709
3173,DISABLED,30,0,0,0,0,0,0.702
3174,DISABLED,30,0,0,0,0,0,0.802
3175,DISABLED,30,0,0,0,0,0,1.220
3176,DISABLED,30,0,0,0,0,0,0.693
3177,DISABLED,30,0,0,0,0,0,0.920
3178,DISABLED,30,0,0,0,0,0,1.251
3179,DISABLED,30,0,0,0,0,0,0.826
3180,DISABLED,30,0,0,0,0,0,0.862
3181,DISABLED,30,0,0,0,0,0,0.756
3182,DISABLED,30,0,0,0,0,0,0.954
3183,DISABLED,30,0,0,0,0,0,1.300
3184,DISABLED,30,0,0,0,0,0,0.891
3185,DISABLED,30,0,0,0,0,0,0.752
3186,DISABLED,30,0,0,0,0,0,0.896
3187,DISABLED,30,0,0,0,0,0,0.532
3188,DISABLED,30,0,0,0,0,0,0.576
3189,DISABLED,30,0,0,0,0,0,0.872
3190,DISABLED,30,0,0,0,0,0,0.783
3191,DISABLED,30,0,0,0,0,0,0.810
3192,DISABLED,30,0,0,0,0,0,0.880
3193,DISABLED,30,0,0,0,0,0,0.662
3194,DISABLED,30,0,0,0,0,0,0.787
3195,DISABLED,30,0,0,0,0,0,0.896
3196,DISABLED,30,0,0,0,0,0,0.665
3197,DISABLED,30,0,0,0,0,0,1.385
3198,DISABLED,30,0,0,0,0,0,1.278
3199,DISABLED,30,0,0,0,0,0,0.917
3200,DISABLED,30,0,0,0,0,0,0.825
3201,DISABLED,30,0,0,0,0,0,0.696
3202,DISABLED,30,0,0,0,0,0,0.943
3203,DISABLED,30,0,0,0,0,0,0.857
3204,DISABLED,30,0,0,0,0,0,0.740
3205,DISABLED,30,0,0,0,0,0,0.834
3206,DISABLED,30,0,0,0,0,0,0.732
3207,DISABLED,30,0,0,0,0,0,1.390
3208,DISABLED,30,0,0,0,0,0,0.864
3209,DISABLED,30,0,0,0,0,0,0.880
3210,DISABLED,30,0,0,0,0,0,0.732
3211,DISABLED,30,0,0,0,0,0,0.741
3212,DISABLED,30,0,0,0,0,0,0.950
3213,DISABLED,30,0,0,0,0,0,1.394
3214,DISABLED,30,0,0,0,0,0,0.889
3215,DISABLED,30,0,0,0,0,0,0.756
3216,DISABLED,30,0,0,0,0,0,0.887
3217,DISABLED,30,0,0,0,0,0,0.507
3218,DISABLED,30,0,0,0,0,0,0.599
3219,DISABLED,30,0,0,0,0,0,0.911
3220,DISABLED,30,0,0,0,0,0,0.779
3221,DISABLED,30,0,0,0,0,0,0.786
3222,DISABLED,30,0,0,0,0,0,0.701
3223,DISABLED,30,0,0,0,0,0,0.865
3224,DISABLED,30,0,0,0,0,0,0.794
3225,DISABLED,30,0,0,0,0,0,0.900
3226,DISABLED,30,0,0,0,0,0,0.686
3227,DISABLED,30,0,0,0,0,0,0.818
3228,DISABLED,30,0,0,0,0,0,0.927
3229,DISABLED,30,0,0,0,0,0,0.914
3230,DISABLED,30,0,0,0,0,0,0.702
3231,DISABLED,30,0,0,0,0,0,0.725
3232,DISABLED,30,0,0,0,0,0,0.947
3233,DISABLED,30,0,0,0,0,0,0.833
3234,DISABLED,30,0,0,0,0,0,1.246
3235,DISABLED,30,0,0,0,0,0,0.839
3236,DISABLED,30,0,0,0,0,0,0.837
3237,DISABLED,30,0,0,0,0,0,1.232
3238,DISABLED,30,0,0,0,0,0,1.917
3239,DISABLED,30,0,0,0,0,0,0.719
3240,DISABLED,30,0,0,0,0,0,0.721
3241,DISABLED,30,0,0,0,0,0,0.818
3242,DISABLED,30,0,0,0,0,0,0.965
3243,DISABLED,30,0,0,0,0,0,0.896
3244,DISABLED,30,0,0,0,0,0,0.884
3245,DISABLED,30,0,0,0,0,0,0.759
3246,DISABLED,30,0,0,0,0,0,0.927
3247,DISABLED,30,0,0,0,0,0,0.483
3248,DISABLED,30,0,0,0,0,0,0.589
3249,DISABLED,30,0,0,0,0,0,0.883
3250,DISABLED,30,0,0,0,0,0,0.791
3251,DISABLED,30,0,0,0,0,0,0.783
3252,DISABLED,30,0,0,0,0,0,0.677
3253,DISABLED,30,0,0,0,0,0,0.888
3254,DISABLED,30,0,0,0,0,0,0.797
3255,DISABLED,30,0,0,0,0,0,0.903
3256,DISABLED,30,0,0,0,0,0,0.677
3257,DISABLED,30,0,0,0,0,0,0.841
3258,DISABLED,30,0,0,0,0,0,0.922
3259,DISABLED,30,0,0,0,0,0,0.896
3260,DISABLED,30,0,0,0,0,0,0.830
3261,DISABLED,30,0,0,0,0,0,1.207
3262,DISABLED,30,0,0,0,0,0,0.959
3263,DISABLED,30,0,0,0,0,0,0.717
3264,DISABLED,30,0,0,0,0,0,0.838
3265,DISABLED,30,0,0,0,0,0,1.328
3266,DISABLED,30,0,0,0,0,0,0.875
3267,DISABLED,30,0,0,0,0,0,0.723
3268,DISABLED,30,0,0,0,0,0,0.911
3269,DISABLED,30,0,0,0,0,0,0.848
3270,DISABLED,30,0,0,0,0,0,1.234
3271,DISABLED,30,0,0,0,0,0,0.736
3272,DISABLED,30,0,0,0,0,0,0.966
3273,DISABLED,30,0,0,0,0,0,1.397
3274,DISABLED,30,0,0,0,0,0,1.942
3275,DISABLED,30,0,0,0,0,0,0.783
3276,DISABLED,30,0,0,0,0,0,1.363
3277,DISABLED,30,0,0,0,0,0,0.500
3278,DISABLED,30,0,0,0,0,0,0.624
3279,DISABLED,30,0,0,0,0,0,0.864
3280,DISABLED,30,0,0,0,0,0,0.790
3281,DISABLED,30,0,0,0,0,0,0.805
3282,DISABLED,30,0,0,0,0,0,1.215
3283,DISABLED,30,0,0,0,0,0,0.911
3284,DISABLED,30,0,0,0,0,0,0.778
3285,DISABLED,30,0,0,0,0,0,0.946
3286,DISABLED,30,0,0,0,0,0,1.680
3287,DISABLED,30,0,0,0,0,0,0.886
3288,DISABLED,30,0,0,0,0,0,0.904
3289,DISABLED,30,0,0,0,0,0,0.927
3290,DISABLED,30,0,0,0,0,0,1.332
3291,DISABLED,30,0,0,0,0,0,0.967
3292,DISABLED,30,0,0,0,0,0,0.748
3293,DISABLED,30,0,0,0,0,0,0.802
3294,DISABLED,30,0,0,0,0,0,0.810
3295,DISABLED,30,0,0,0,0,0,0.724
3296,DISABLED,30,0,0,0,0,0,0.849
3297,DISABLED,30,0,0,0,0,0,0.771
3298,DISABLED,30,0,0,0,0,0,0.764
3299,DISABLED,30,0,0,0,0,0,0.844
3300,DISABLED,30,0,0,0,0,0,1.346
3301,DISABLED,30,0,0,0,0,0,0.787
3302,DISABLED,30,0,0,0,0,0,0.962
3303,DISABLED,30,0,0,0,0,0,0.857
3304,DISABLED,30,0,0,0,0,0,0.889
3305,DISABLED,30,0,0,0,0,0,1.284
3306,DISABLED,30,0,0,0,0,0,0.864
3307,DISABLED,30,0,0,0,0,0,1.060
3308,DISABLED,30,0,0,0,0,0,1.134
3309,DISABLED,30,0,0,0,0,0,1.432
3310,DISABLED,30,0,0,0,0,0,0.740
3311,DISABLED,30,0,0,0,0,0,0.799
3312,DISABLED,30,0,0,0,0,0,1.441
3313,DISABLED,30,0,0,0,0,0,0.638
3314,DISABLED,30,0,0,0,0,0,0.778
3315,DISABLED,30,0,0,0,0,0,0.908
3316,DISABLED,30,0,0,0,0,0,1.218
3317,DISABLED,30,0,0,0,0,0,0.818
3318,DISABLED,30,0,0,0,0,0,0.912
3319,DISABLED,30,0,0,0,0,0,1.443
3320,DISABLED,30,0,0,0,0,0,0.786
3321,DISABLED,30,0,0,0,0,0,0.697
3322,DISABLED,30,0,0,0,0,0,1.488
3323,DISABLED,30,0,0,0,0,0,0.818
3324,DISABLED,30,0,0,0,0,0,0.716
3325,DISABLED,30,0,0,0,0,0,0.830
3326,DISABLED,30,0,0,0,0,0,1.418
3327,DISABLED,30,0,0,0,0,0,0.747
3328,DISABLED,30,0,0,0,0,0,0.841
3329,DISABLED,30,0,0,0,0,0,1.291
3330,DISABLED,30,0,0,0,0,0,1.262
3331,DISABLED,30,0,0,0,0,0,0.754
3332,DISABLED,30,0,0,0,0,0,0.973
3333,DISABLED,30,0,0,0,0,0,0.881
3334,DISABLED,30,0,0,0,0,0,0.880
3335,DISABLED,30,0,0,0,0,0,0.751
3336,DISABLED,30,0,0,0,0,0,1.402
3337,DISABLED,30,0,0,0,0,0,0.498
3338,DISABLED,30,0,0,0,0,0,0.608
3339,DISABLED,30,0,0,0,0,0,0.927
3340,DISABLED,30,0,0,0,0,0,1.823
3341,DISABLED,30,0,0,0,0,0,0.779
3342,DISABLED,30,0,0,0,0,0,1.231
3343,DISABLED,30,0,0,0,0,0,0.923
3344,DISABLED,30,0,0,0,0,0,1.321
3345,DISABLED,30,0,0,0,0,0,0.919
3346,DISABLED,30,0,0,0,0,0,0.802
3347,DISABLED,30,0,0,0,0,0,1.177
3348,DISABLED,30,0,0,0,0,0,1.448
3349,DISABLED,30,0,0,0,0,0,1.464
3350,DISABLED,30,0,0,0,0,0,0.803
3351,DISABLED,30,0,0,0,0,0,1.444
3352,DISABLED,30,0,0,0,0,0,0.724
3353,DISABLED,30,0,0,0,0,0,0.786
3354,DISABLED,30,0,0,0,0,0,1.416
3355,DISABLED,30,0,0,0,0,0,0.685
3356,DISABLED,30,0,0,0,0,0,0.837
3357,DISABLED,30,0,0,0,0,0,1.309
3358,DISABLED,30,0,0,0,0,0,0.729
3359,DISABLED,30,0,0,0,0,0,1.918
3360,DISABLED,30,0,0,0,0,0,1.408
3361,DISABLED,30,0,0,0,0,0,1.238
3362,DISABLED,30,0,0,0,0,0,0.938
3363,DISABLED,30,0,0,0,0,0,0.878
3364,DISABLED,30,0,0,0,0,0,1.409
3365,DISABLED,30,0,0,0,0,0,0.763
3366,DISABLED,30,0,0,0,0,0,0.884
3367,DISABLED,30,0,0,0,0,0,0.521
3368,DISABLED,30,0,0,0,0,0,0.577
3369,DISABLED,30,0,0,0,0,0,0.880
3370,DISABLED,30,0,0,0,0,0,0.771
3371,DISABLED,30,0,0,0,0,0,0.787
3372,DISABLED,30,0,0,0,0,0,0.662
3373,DISABLED,30,0,0,0,0,0,0.918
3374,DISABLED,30,0,0,0,0,0,0.779
3375,DISABLED,30,0,0,0,0,0,0.912
3376,DISABLED,30,0,0,0,0,0,0.670
3377,DISABLED,30,0,0,0,0,0,0.853
3378,DISABLED,30,0,0,0,0,0,1.474
3379,DISABLED,30,0,0,0,0,0,0.887
3380,DISABLED,30,0,0,0,0,0,0.842
3381,DISABLED,30,0,0,0,0,0,1.993
3382,DISABLED,30,0,0,0,0,0,0.709
3383,DISABLED,30,0,0,0,0,0,1.254
3384,DISABLED,30,0,0,0,0,0,0.833
3385,DISABLED,30,0,0,0,0,0,0.896
3386,DISABLED,30,0,0,0,0,0,0.699
3387,DISABLED,30,0,0,0,0,0,0.904
3388,DISABLED,30,0,0,0,0,0,0.857
3389,DISABLED,30,0,0,0,0,0,1.752
3390,DISABLED,30,0,0,0,0,0,0.864
3391,DISABLED,30,0,0,0,0,0,0.733
3392,DISABLED,30,0,0,0,0,0,1.522
3393,DISABLED,30,0,0,0,0,0,0.852
3394,DISABLED,30,0,0,0,0,0,0.908
3395,DISABLED,30,0,0,0,0,0,0.708
3396,DISABLED,30,0,0,0,0,0,0.867
3397,DISABLED,30,0,0,0,0,0,0.521
3398,DISABLED,30,0,0,0,0,0,0.645
3399,DISABLED,30,0,0,0,0,0,0.770
3400,DISABLED,30,0,0,0,0,0,1.417
3401,DISABLED,30,0,0,0,0,0,0.787
3402,DISABLED,30,0,0,0,0,0,0.662
3403,DISABLED,30,0,0,0,0,0,1.421
3404,DISABLED,30,0,0,0,0,0,0.748
3405,DISABLED,30,0,0,0,0,0,1.441
3406,DISABLED,30,0,0,0,0,0,0.655
3407,DISABLED,30,0,0,0,0,0,0.824
3408,DISABLED,30,0,0,0,0,0,1.448
3409,DISABLED,30,0,0,0,0,0,0.946
3410,DISABLED,30,0,0,0,0,0,0.810
3411,DISABLED,30,0,0,0,0,0,0.957
3412,DISABLED,30,0,0,0,0,0,0.685
3413,DISABLED,30,0,0,0,0,0,1.363
3414,DISABLED,30,0,0,0,0,0,1.743
3415,DISABLED,30,0,0,0,0,0,1.413
3416,DISABLED,30,0,0,0,0,0,1.268
3417,DISABLED,30,0,0,0,0,0,1.403
3418,DISABLED,30,0,0,0,0,0,1.403
3419,DISABLED,30,0,0,0,0,0,0.717
3420,DISABLED,30,0,0,0,0,0,0.744
3421,DISABLED,30,0,0,0,0,0,0.879
3422,DISABLED,30,0,0,0,0,0,1.433
3423,DISABLED,30,0,0,0,0,0,0.880
3424,DISABLED,30,0,0,0,0,0,1.410
3425,DISABLED,30,0,0,0,0,0,0.739
3426,DISABLED,30,0,0,0,0,0,0.905
3427,DISABLED,30,0,0,0,0,0,0.516
3428,DISABLED,30,0,0,0,0,0,0.595
3429,DISABLED,30,0,0,0,0,0,1.956
3430,DISABLED,30,0,0,0,0,0,0.764
3431,DISABLED,30,0,0,1,0,0,5.761
3432,DISABLED,30,0,0,0,0,0,13.072
3433,DISABLED,30,0,0,0,0,0,1.328
3434,DISABLED,30,0,0,0,0,0,1.231
3435,DISABLED,30,0,0,0,0,0,0.905
3436,DISABLED,30,0,0,0,0,0,0.811
3437,DISABLED,30,0,0,0,0,0,1.203
3438,DISABLED,30,0,0,0,0,0,0.960
3439,DISABLED,30,0,0,0,0,0,0.929
3440,DISABLED,30,0,0,0,0,0,1.218
3441,DISABLED,30,0,0,0,0,0,0.687
3442,DISABLED,30,0,0,0,0,0,0.952
3443,DISABLED,30,0,0,0,0,0,0.695
3444,DISABLED,30,0,0,0,0,0,0.835
3445,DISABLED,30,0,0,0,0,0,0.843
3446,DISABLED,30,0,0,0,0,0,0.929
3447,DISABLED,30,0,0,0,0,0,1.184
3448,DISABLED,30,0,0,0,0,0,0.858
3449,DISABLED,30,0,0,0,0,0,0.734
3450,DISABLED,30,0,0,0,0,0,0.890
3451,DISABLED,30,0,0,0,0,0,0.726
3452,DISABLED,30,0,0,0,0,0,0.952
3453,DISABLED,30,0,0,0,0,0,0.889
3454,DISABLED,30,0,0,0,0,0,0.897
3455,DISABLED,30,0,0,0,0,0,0.773
3456,DISABLED,30,0,0,0,0,0,0.913
3457,DISABLED,30,0,0,0,0,0,0.504
3458,DISABLED,30,0,0,0,0,0,0.585
3459,DISABLED,30,0,0,0,0,0,0.866
3460,DISABLED,30,0,0,0,0,0,0.788
3461,DISABLED,30,0,0,0,0,0,0.804
3462,DISABLED,30,0,0,0,0,0,1.328
3463,DISABLED,30,0,0,0,0,0,0.640
3464,DISABLED,30,0,0,0,0,0,0.781
3465,DISABLED,30,0,0,0,0,0,1.447
3466,DISABLED,30,0,0,0,0,0,1.099
3467,DISABLED,30,0,0,0,0,0,0.890
3468,DISABLED,30,0,0,0,0,0,1.226
3469,DISABLED,30,0,0,0,0,0,0.905
3470,DISABLED,30,0,0,0,0,0,0.827
3471,DISABLED,30,0,0,0,0,0,0.999
3472,DISABLED,30,0,0,0,0,0,0.952
3473,DISABLED,30,0,0,0,0,0,0.726
3474,DISABLED,30,0,0,0,0,0,0.833
3475,DISABLED,30,0,0,0,0,0,0.851
3476,DISABLED,30,0,0,0,0,0,0.710
3477,DISABLED,30,0,0,0,0,0,0.734
3478,DISABLED,30,0,0,0,0,0,0.829
3479,DISABLED,30,0,0,0,0,0,0.866
3480,DISABLED,30,0,0,0,0,0,1.062
3481,DISABLED,30,0,0,0,0,0,0.866
3482,DISABLED,30,0,0,0,0,0,0.968
3483,DISABLED,30,0,0,0,0,0,0.859
3484,DISABLED,30,0,0,0,0,0,0.867
3485,DISABLED,30,0,0,0,0,0,1.259
3486,DISABLED,30,0,0,0,0,0,0.859
3487,DISABLED,30,0,0,0,0,0,0.530
3488,DISABLED,30,0,0,0,0,0,0.663
3489,DISABLED,30,0,0,0,0,0,0.882
3490,DISABLED,30,0,0,0,0,0,0.780
3491,DISABLED,30,0,0,0,0,0,0.788
3492,DISABLED,30,0,0,0,0,0,0.667
3493,DISABLED,30,0,0,0,0,0,0.867
3494,DISABLED,30,0,0,0,0,0,0.812
3495,DISABLED,30,0,0,0,0,0,0.898
3496,DISABLED,30,0,0,0,0,0,0.655
3497,DISABLED,30,0,0,0,0,0,0.859
3498,DISABLED,30,0,0,0,0,0,1.289
3499,DISABLED,30,0,0,0,0,0,0.913
3500,DISABLED,30,0,0,0,0,0,1.337
3501,DISABLED,30,0,0,0,0,0,0.687
3502,DISABLED,30,0,0,0,0,0,0.937
3503,DISABLED,30,0,0,0,0,0,0.734
3504,DISABLED,30,0,0,0,0,0,0.820
3505,DISABLED,30,0,0,0,0,0,0.804
3506,DISABLED,30,0,0,0,0,0,0.726
3507,DISABLED,30,0,0,0,0,0,0.866
3508,DISABLED,30,0,0,0,0,0,0.890
3509,DISABLED,30,0,0,0,0,0,0.851
3510,DISABLED,30,0,0,0,0,0,0.710
3511,DISABLED,30,0,0,0,0,0,0.749
3512,DISABLED,30,0,0,0,0,0,0.984
3513,DISABLED,30,0,0,0,0,0,0.867
3514,DISABLED,30,0,0,0,0,0,1.409
3515,DISABLED,30,0,0,0,0,0,0.765
3516,DISABLED,30,0,0,0,0,0,0.906
3517,DISABLED,30,0,0,0,0,0,0.499
3518,DISABLED,30,0,0,0,0,0,0.585
3519,DISABLED,30,0,0,0,0,0,1.470
3520,DISABLED,30,0,0,0,0,0,1.259
3521,DISABLED,30,0,0,0,0,0,0.788
3522,DISABLED,30,0,0,0,0,0,0.671
3523,DISABLED,30,0,0,0,0,0,0.872
3524,DISABLED,30,0,0,0,0,0,0.827
3525,DISABLED,30,0,0,0,0,0,0.913
3526,DISABLED,30,0,0,0,0,0,0.670
3527,DISABLED,30,0,0,0,0,0,1.392
3528,DISABLED,30,0,0,0,0,0,0.894
3529,DISABLED,30,0,0,0,0,0,0.921
3530,DISABLED,30,0,0,0,0,0,0.788
3531,DISABLED,30,0,0,0,0,0,0.839
3532,DISABLED,30,0,0,0,0,0,0.718
3533,DISABLED,30,0,0,0,0,0,0.701
3534,DISABLED,30,0,0,0,0,0,1.376
3535,DISABLED,30,0,0,0,0,0,0.796
3536,DISABLED,30,0,0,0,0,0,1.392
3537,DISABLED,30,0,0,0,0,0,0.734
3538,DISABLED,30,0,0,0,0,0,1.400
3539,DISABLED,30,0,0,0,0,0,0.718
3540,DISABLED,30,0,0,0,0,0,0.757
3541,DISABLED,30,0,0,0,0,0,0.867
3542,DISABLED,30,0,0,0,0,0,0.968
3543,DISABLED,30,0,0,0,0,0,0.882
3544,DISABLED,30,0,0,0,0,0,0.906
3545,DISABLED,30,0,0,0,0,0,0.757
3546,DISABLED,30,0,0,0,0,0,0.886
3547,DISABLED,30,0,0,0,0,0,0.499
3548,DISABLED,30,0,0,0,0,0,0.593
3549,DISABLED,30,0,0,0,0,0,0.900
3550,DISABLED,30,0,0,0,0,0,0.752
3551,DISABLED,30,0,0,0,0,0,0.827
3552,DISABLED,30,0,0,0,0,0,0.648
3553,DISABLED,30,0,0,0,0,0,0.927
3554,DISABLED,30,0,0,0,0,0,0.796
3555,DISABLED,30,0,0,0,0,0,0.961
3556,DISABLED,30,0,0,0,0,0,0.637
3557,DISABLED,30,0,0,0,0,0,0.843
3558,DISABLED,30,0,0,0,0,0,0.882
3559,DISABLED,30,0,0,0,0,0,0.910
3560,DISABLED,30,0,0,0,0,0,1.361
3561,DISABLED,30,0,0,0,0,0,0.913
3562,DISABLED,30,0,0,0,0,0,0.738
3563,DISABLED,30,0,0,0,0,0,0.680
3564,DISABLED,30,0,0,0,0,0,0.811
3565,DISABLED,30,0,0,0,0,0,0.812
3566,DISABLED,30,0,0,0,0,0,0.843
3567,DISABLED,30,0,0,0,0,0,0.765
3568,DISABLED,30,0,0,0,0,0,0.732
3569,DISABLED,30,0,0,0,0,0,0.843
3570,DISABLED,30,0,0,0,0,0,0.867
3571,DISABLED,30,0,0,0,0,0,1.244
3572,DISABLED,30,0,0,0,0,0,0.988
3573,DISABLED,30,0,0,0,0,0,0.890
3574,DISABLED,30,0,0,0,0,0,1.384
3575,DISABLED,30,0,0,0,0,0,0.757
3576,DISABLED,30,0,0,0,0,0,0.882
3577,DISABLED,30,0,0,0,0,0,0.515
3578,DISABLED,30,0,0,0,0,0,0.609
3579,DISABLED,30,0,0,0,0,0,0.788
3580,DISABLED,30,0,0,0,0,0,1.412
3581,DISABLED,30,0,0,0,0,0,0.781
3582,DISABLED,30,0,0,0,0,0,0.640
3583,DISABLED,30,0,0,0,0,0,0.882
3584,DISABLED,30,0,0,0,0,0,0.788
3585,DISABLED,30,0,0,0,0,0,1.392
3586,DISABLED,30,0,0,0,0,0,0.812
3587,DISABLED,30,0,0,0,0,0,0.702
3588,DISABLED,30,0,0,0,0,0,0.914
3589,DISABLED,30,0,0,0,0,0,0.952
3590,DISABLED,30,0,0,0,0,0,0.812
3591,DISABLED,30,0,0,0,0,0,0.926
3592,DISABLED,30,0,0,0,0,0,1.259
3593,DISABLED,30,0,0,0,0,0,0.710
3594,DISABLED,30,0,0,0,0,0,0.835
3595,DISABLED,30,0,0,0,0,0,0.843
3596,DISABLED,30,0,0,0,0,0,0.721
3597,DISABLED,30,0,0,0,0,0,0.773
3598,DISABLED,30,0,0,0,0,0,0.827
3599,DISABLED,30,0,0,0,0,0,0.851
3600,DISABLED,30,0,0,0,0,0,0.739
3601,DISABLED,30,0,0,0,0,0,0.914
3602,DISABLED,30,0,0,0,0,0,0.972
3603,DISABLED,30,0,0,0,0,0,0.859
3604,DISABLED,30,0,0,0,0,0,0.906
3605,DISABLED,30,0,0,0,0,0,0.737
3606,DISABLED,30,0,0,0,0,0,0.898
3607,DISABLED,30,0,0,0,0,0,0.522
3608,DISABLED,30,0,0,0,0,0,0.593
3609,DISABLED,30,0,0,0,0,0,1.283
3610,DISABLED,30,0,0,0,0,0,1.392
3611,DISABLED,30,0,0,0,0,0,1.298
3612,DISABLED,30,0,0,0,0,0,0.671
3613,DISABLED,30,0,0,0,0,0,0.898
3614,DISABLED,30,0,0,0,0,0,2.440
3615,DISABLED,30,0,0,0,0,0,1.455
3616,DISABLED,30,0,0,0,0,0,0.640
3617,DISABLED,30,0,0,0,0,0,0.830
3618,DISABLED,30,0,0,0,0,0,0.913
3619,DISABLED,30,0,0,0,0,0,1.392
3620,DISABLED,30,0,0,0,0,0,0.820
3621,DISABLED,30,0,0,0,0,0,1.495
3622,DISABLED,30,0,0,0,0,0,0.734
3623,DISABLED,30,0,0,0,0,0,0.694
3624,DISABLED,30,0,0,0,0,0,0.882
3625,DISABLED,30,0,0,0,0,0,0.827
3626,DISABLED,30,0,0,0,0,0,0.679
3627,DISABLED,30,0,0,0,0,0,0.890
3628,DISABLED,30,0,0,0,0,0,0.850
3629,DISABLED,30,0,0,0,0,0,0.710
3630,DISABLED,30,0,0,0,0,0,0.757
3631,DISABLED,30,0,0,0,0,0,0.863
3632,DISABLED,30,0,0,0,0,0,0.937
3633,DISABLED,30,0,0,0,0,0,1.426
3634,DISABLED,30,0,0,0,0,0,0.882
3635,DISABLED,30,0,0,0,0,0,0.757
3636,DISABLED,30,0,0,0,0,0,0.937
3637,DISABLED,30,0,0,0,0,0,0.491
3638,DISABLED,30,0,0,0,0,0,0.624
3639,DISABLED,30,0,0,0,0,0,0.864
3640,DISABLED,30,0,0,0,0,0,0.765
3641,DISABLED,30,0,0,0,0,0,0.773
3642,DISABLED,30,0,0,0,0,0,0.646
3643,DISABLED,30,0,0,0,0,0,0.921
3644,DISABLED,30,0,0,0,0,0,0.788
3645,DISABLED,30,0,0,0,0,0,0.910
3646,DISABLED,30,0,0,0,0,0,0.655
3647,DISABLED,30,0,0,0,0,0,0.827
3648,DISABLED,30,0,0,0,0,0,0.921
3649,DISABLED,30,0,0,0,0,0,0.906
3650,DISABLED,30,0,0,0,0,0,0.827
3651,DISABLED,30,0,0,0,0,0,0.663
3652,DISABLED,30,0,0,0,0,0,1.000
3653,DISABLED,30,0,0,0,0,0,0.695
3654,DISABLED,30,0,0,0,0,0,1.353
3655,DISABLED,30,0,0,0,0,0,0.843
3656,DISABLED,30,0,0,0,0,0,0.890
3657,DISABLED,30,0,0,0,0,0,0.734
3658,DISABLED,30,0,0,0,0,0,0.843
3659,DISABLED,30,0,0,0,0,0,0.687
3660,DISABLED,30,0,0,0,0,0,0.741
3661,DISABLED,30,0,0,0,0,0,1.369
3662,DISABLED,30,0,0,0,0,0,0.989
3663,DISABLED,30,0,0,0,0,0,0.835
3664,DISABLED,30,0,0,0,0,0,0.874
3665,DISABLED,30,0,0,0,0,0,0.773
3666,DISABLED,30,0,0,0,0,0,0.874
3667,DISABLED,30,0,0,0,0,0,0.499
3668,DISABLED,30,0,0,0,0,0,0.624
3669,DISABLED,30,0,0,0,0,0,0.906
3670,DISABLED,30,0,0,0,0,0,0.749
3671,DISABLED,30,0,0,0,0,0,0.796
3672,DISABLED,30,0,0,0,0,0,0.655
3673,DISABLED,30,0,0,0,0,0,1.455
3674,DISABLED,30,0,0,0,0,0,0.784
3675,DISABLED,30,0,0,0,0,0,0.914
3676,DISABLED,30,0,0,0,0,0,1.189
3677,DISABLED,30,0,0,0,0,0,0.929
3678,DISABLED,30,0,0,0,0,0,0.827
3679,DISABLED,30,0,0,0,0,0,0.913
3680,DISABLED,30,0,0,0,0,0,0.796
3681,DISABLED,30,0,0,0,0,0,0.695
3682,DISABLED,30,0,0,0,0,0,0.940
3683,DISABLED,30,0,0,0,0,0,0.702
3684,DISABLED,30,0,0,0,0,0,0.827
3685,DISABLED,30,0,0,0,0,0,1.383
3686,DISABLED,30,0,0,0,0,0,0.702
3687,DISABLED,30,0,0,0,0,0,0.845
3688,DISABLED,30,0,0,0,0,0,0.882
3689,DISABLED,30,0,0,0,0,0,0.710
3690,DISABLED,30,0,0,0,0,0,0.741
3691,DISABLED,30,0,0,0,0,0,0.867
3692,DISABLED,30,0,0,0,0,0,1.510
3693,DISABLED,30,0,0,0,0,0,0.871
3694,DISABLED,30,0,0,0,0,0,0.890
3695,DISABLED,30,0,0,0,0,0,0.757
3696,DISABLED,30,0,0,0,0,0,0.898
3697,DISABLED,30,0,0,0,0,0,0.496
3698,DISABLED,30,0,0,0,0,0,0.593
3699,DISABLED,30,0,0,0,0,0,0.890
3700,DISABLED,30,0,0,0,0,0,0.781
3701,DISABLED,30,0,0,0,0,0,0.788
3702,DISABLED,30,0,0,0,0,0,0.679
3703,DISABLED,30,0,0,0,0,0,0.882
3704,DISABLED,30,0,0,0,0,0,0.796
3705,DISABLED,30,0,0,0,0,0,1.424
3706,DISABLED,30,0,0,0,0,0,1.200
3707,DISABLED,30,0,0,0,0,0,0.835
3708,DISABLED,30,0,0,0,0,0,0.920
3709,DISABLED,30,0,0,0,0,0,0.882
3710,DISABLED,30,0,0,0,0,0,0.820
3711,DISABLED,30,0,0,0,0,0,0.921
3712,DISABLED,30,0,0,0,0,0,0.718
3713,DISABLED,30,0,0,0,0,0,0.827
3714,DISABLED,30,0,0,0,0,0,0.695
3715,DISABLED,30,0,0,0,0,0,0.835
3716,DISABLED,30,0,0,0,0,0,0.842
3717,DISABLED,30,0,0,0,0,0,0.741
3718,DISABLED,30,0,0,0,0,0,0.718
3719,DISABLED,30,0,0,0,0,0,0.863
3720,DISABLED,30,0,0,0,0,0,0.741
3721,DISABLED,30,0,0,0,0,0,0.874
3722,DISABLED,30,0,0,0,0,0,1.494
3723,DISABLED,30,0,0,0,0,0,0.843
3724,DISABLED,30,0,0,0,0,0,1.432
3725,DISABLED,30,0,0,0,0,0,0.749
3726,DISABLED,30,0,0,0,0,0,0.890
3727,DISABLED,30,0,0,0,0,0,0.491
3728,DISABLED,30,0,0,0,0,0,1.150
3729,DISABLED,30,0,0,0,0,0,1.439
3730,DISABLED,30,0,0,0,0,0,0.788
3731,DISABLED,30,0,0,0,0,0,17.766
3732,DISABLED,30,0,0,0,0,0,1.176
3733,DISABLED,30,0,0,0,0,0,0.929
3734,DISABLED,30,0,0,0,0,0,1.203
3735,DISABLED,30,0,0,0,0,0,1.359
3736,DISABLED,30,0,0,0,0,0,0.749
3737,DISABLED,30,0,0,0,0,0,1.258
3738,DISABLED,30,0,0,0,0,0,1.350
3739,DISABLED,30,0,0,0,0,0,0.922
3740,DISABLED,30,0,0,0,0,0,0.788
3741,DISABLED,30,0,0,0,0,0,0.929
3742,DISABLED,30,0,0,0,0,0,0.734
3743,DISABLED,30,0,0,0,0,0,0.796
3744,DISABLED,30,0,0,0,0,0,1.211
3745,DISABLED,30,0,0,0,0,0,0.812
3746,DISABLED,30,0,0,0,0,0,0.929
3747,DISABLED,30,0,0,0,0,0,0.955
3748,DISABLED,30,0,0,0,0,0,0.679
3749,DISABLED,30,0,0,0,0,0,0.741
3750,DISABLED,30,0,0,0,0,0,0.874
3751,DISABLED,30,0,0,0,0,0,1.179
3752,DISABLED,30,0,0,0,0,0,0.968
3753,DISABLED,30,0,0,0,0,0,0.890
3754,DISABLED,30,0,0,0,0,0,0.867
3755,DISABLED,30,0,0,0,0,0,0.741
3756,DISABLED,30,0,0,0,0,0,1.250
3757,DISABLED,30,0,0,0,0,0,0.491
3758,DISABLED,30,0,0,0,0,0,0.593
3759,DISABLED,30,0,0,0,0,0,0.898
3760,DISABLED,30,0,0,0,0,0,0.784
3761,DISABLED,30,0,0,0,0,0,0.812
3762,DISABLED,30,0,0,0,0,0,0.741
3763,DISABLED,30,0,0,0,0,0,0.937
3764,DISABLED,30,0,0,0,0,0,0.773
3765,DISABLED,30,0,0,0,0,0,0.890
3766,DISABLED,30,0,0,0,0,0,0.827
3767,DISABLED,30,0,0,0,0,0,0.718
3768,DISABLED,30,0,0,0,0,0,0.890
3769,DISABLED,30,0,0,0,0,0,0.913
3770,DISABLED,30,0,0,0,0,0,1.173
3771,DISABLED,30,0,0,0,0,0,0.898
3772,DISABLED,30,0,0,0,0,0,0.726
3773,DISABLED,30,0,0,0,0,0,0.679
3774,DISABLED,30,0,0,0,0,0,0.820
3775,DISABLED,30,0,0,0,0,0,0.820
3776,DISABLED,30,0,0,0,0,0,0.812
3777,DISABLED,30,0,0,0,0,0,0.726
3778,DISABLED,30,0,0,0,0,0,0.734
3779,DISABLED,30,0,0,0,0,0,0.835
3780,DISABLED,30,0,0,0,0,0,0.883
3781,DISABLED,30,0,0,0,0,0,0.765
3782,DISABLED,30,0,0,0,0,0,0.937
3783,DISABLED,30,0,0,0,0,0,0.873
3784,DISABLED,30,0,0,0,0,0,0.890
3785,DISABLED,30,0,0,0,0,0,0.765
3786,DISABLED,30,0,0,0,0,0,0.882
3787,DISABLED,30,0,0,0,0,0,0.499
3788,DISABLED,30,0,0,0,0,0,0.616
3789,DISABLED,30,0,0,0,0,0,0.749
3790,DISABLED,30,0,0,0,0,0,0.914
3791,DISABLED,30,0,0,0,0,0,1.101
3792,DISABLED,30,0,0,0,0,0,0.914
3793,DISABLED,30,0,0,0,0,0,1.023
3794,DISABLED,30,0,0,0,0,0,0.765
3795,DISABLED,30,0,0,0,0,0,0.906
3796,DISABLED,30,0,0,0,0,0,0.671
3797,DISABLED,30,0,0,0,0,0,0.827
3798,DISABLED,30,0,0,0,0,0,0.890
3799,DISABLED,30,0,0,0,0,0,0.937
3800,DISABLED,30,0,0,0,0,0,0.796
3801,DISABLED,30,0,0,0,0,0,0.702
3802,DISABLED,30,0,0,0,0,0,0.953
3803,DISABLED,30,0,0,0,0,0,0.702
3804,DISABLED,30,0,0,0,0,0,0.820
3805,DISABLED,30,0,0,0,0,0,0.810
3806,DISABLED,30,0,0,0,0,0,0.718
3807,DISABLED,30,0,0,0,0,0,0.867
3808,DISABLED,30,0,0,0,0,0,0.710
3809,DISABLED,30,0,0,0,0,0,0.859
3810,DISABLED,30,0,0,0,0,0,0.741
3811,DISABLED,30,0,0,0,0,0,0.882
3812,DISABLED,30,0,0,0,0,0,0.960
3813,DISABLED,30,0,0,0,0,0,0.851
3814,DISABLED,30,0,0,0,0,0,0.874
3815,DISABLED,30,0,0,0,0,0,0.749
3816,DISABLED,30,0,0,0,0,0,0.876
3817,DISABLED,30,0,0,0,0,0,0.530
3818,DISABLED,30,0,0,0,0,0,0.597
3819,DISABLED,30,0,0,0,0,0,0.898
3820,DISABLED,30,0,0,0,0,0,1.304
3821,DISABLED,30,0,0,0,0,0,0.765
3822,DISABLED,30,0,0,0,0,0,1.007
3823,DISABLED,30,0,0,0,0,0,0.890
3824,DISABLED,30,0,0,0,0,0,0.757
3825,DISABLED,30,0,0,0,0,0,0.898
3826,DISABLED,30,0,0,0,0,0,0.812
3827,DISABLED,30,0,0,0,0,0,0.695
3828,DISABLED,30,0,0,0,0,0,0.913
3829,DISABLED,30,0,0,0,0,0,0.929
3830,DISABLED,30,0,0,0,0,0,1.264
3831,DISABLED,30,0,0,0,0,0,0.960
3832,DISABLED,30,0,0,0,0,0,0.728
3833,DISABLED,30,0,0,0,0,0,0.805
3834,DISABLED,30,0,0,0,0,0,0.718
3835,DISABLED,30,0,0,0,0,0,0.820
3836,DISABLED,30,0,0,0,0,0,0.803
3837,DISABLED,30,0,0,0,0,0,0.896
3838,DISABLED,30,0,0,0,0,0,0.843
3839,DISABLED,30,0,0,0,0,0,0.726
3840,DISABLED,30,0,0,0,0,0,1.311
3841,DISABLED,30,0,0,0,0,0,1.186
3842,DISABLED,30,0,0,0,0,0,0.960
3843,DISABLED,30,0,0,0,0,0,0.872
3844,DISABLED,30,0,0,0,0,0,0.882
3845,DISABLED,30,0,0,0,0,0,1.164
3846,DISABLED,30,0,0,0,0,0,0.898
3847,DISABLED,30,0,0,0,0,0,0.483
3848,DISABLED,30,0,0,0,0,0,0.640
3849,DISABLED,30,0,0,0,0,0,0.882
3850,DISABLED,30,0,0,0,0,0,0.773
3851,DISABLED,30,0,0,0,0,0,0.778
3852,DISABLED,30,0,0,0,0,0,0.663
3853,DISABLED,30,0,0,0,0,0,0.898
3854,DISABLED,30,0,0,0,0,0,0.765
3855,DISABLED,30,0,0,0,0,0,0.890
3856,DISABLED,30,0,0,0,0,0,0.850
3857,DISABLED,30,0,0,0,0,0,0.679
3858,DISABLED,30,0,0,0,0,0,0.889
3859,DISABLED,30,0,0,0,0,0,0.939
3860,DISABLED,30,0,0,0,0,0,0.812
3861,DISABLED,30,0,0,0,0,0,0.671
3862,DISABLED,30,0,0,0,0,0,0.953
3863,DISABLED,30,0,0,0,0,0,0.796
3864,DISABLED,30,0,0,0,0,0,0.718
3865,DISABLED,30,0,0,0,0,0,0.843
3866,DISABLED,30,0,0,0,0,0,0.835
3867,DISABLED,30,0,0,0,0,0,0.754
3868,DISABLED,30,0,0,0,0,0,0.890
3869,DISABLED,30,0,0,0,0,0,0.843
3870,DISABLED,30,0,0,0,0,0,0.687
3871,DISABLED,30,0,0,0,0,0,1.275
3872,DISABLED,30,0,0,0,0,0,0.929
3873,DISABLED,30,0,0,0,0,0,0.882
3874,DISABLED,30,0,0,0,0,0,0.867
3875,DISABLED,30,0,0,0,0,0,0.780
3876,DISABLED,30,0,0,0,0,0,0.898
3877,DISABLED,30,0,0,0,0,0,0.499
3878,DISABLED,30,0,0,0,0,0,0.601
3879,DISABLED,30,0,0,0,0,0,1.241
3880,DISABLED,30,0,0,0,0,0,0.788
3881,DISABLED,30,0,0,0,0,0,0.773
3882,DISABLED,30,0,0,0,0,0,0.929
3883,DISABLED,30,0,0,0,0,0,0.671
3884,DISABLED,30,0,0,0,0,0,0.788
3885,DISABLED,30,0,0,0,0,0,0.898
3886,DISABLED,30,0,0,0,0,0,0.640
3887,DISABLED,30,0,0,0,0,0,0.820
3888,DISABLED,30,0,0,0,0,0,0.929
3889,DISABLED,30,0,0,0,0,0,0.890
3890,DISABLED,30,0,0,0,0,0,0.807
3891,DISABLED,30,0,0,0,0,0,1.236
3892,DISABLED,30,0,0,0,0,0,0.945
3893,DISABLED,30,0,0,0,0,0,0.726
3894,DISABLED,30,0,0,0,0,0,0.859
3895,DISABLED,30,0,0,0,0,0,0.820
3896,DISABLED,30,0,0,0,0,0,0.827
3897,DISABLED,30,0,0,0,0,0,0.755
3898,DISABLED,30,0,0,0,0,0,0.726
3899,DISABLED,30,0,0,0,0,0,0.860
3900,DISABLED,30,0,0,0,0,0,1.373
3901,DISABLED,30,0,0,0,0,0,0.765
3902,DISABLED,30,0,0,0,0,0,0.929
3903,DISABLED,30,0,0,0,0,0,0.874
3904,DISABLED,30,0,0,0,0,0,0.874
3905,DISABLED,30,0,0,0,0,0,0.757
3906,DISABLED,30,0,0,0,0,0,0.859
3907,DISABLED,30,0,0,0,0,0,0.491
3908,DISABLED,30,0,0,0,0,0,0.624
3909,DISABLED,30,0,0,0,0,0,0.882
3910,DISABLED,30,0,0,0,0,0,0.765
3911,DISABLED,30,0,0,0,0,0,0.796
3912,DISABLED,30,0,0,0,0,0,0.671
3913,DISABLED,30,0,0,0,0,0,0.918
3914,DISABLED,30,0,0,0,0,0,0.812
3915,DISABLED,30,0,0,0,0,0,0.898
3916,DISABLED,30,0,0,0,0,0,0.630
3917,DISABLED,30,0,0,0,0,0,0.859
3918,DISABLED,30,0,0,0,0,0,0.874
3919,DISABLED,30,0,0,0,0,0,0.921
3920,DISABLED,30,0,0,0,0,0,0.820
3921,DISABLED,30,0,0,0,0,0,0.874
3922,DISABLED,30,0,0,0,0,0,0.741
3923,DISABLED,30,0,0,0,0,0,0.702
3924,DISABLED,30,0,0,0,0,0,1.353
3925,DISABLED,30,0,0,0,0,0,0.834
3926,DISABLED,30,0,0,0,0,0,0.820
3927,DISABLED,30,0,0,0,0,0,1.399
3928,DISABLED,30,0,0,0,0,0,0.710
3929,DISABLED,30,0,0,0,0,0,0.686
3930,DISABLED,30,0,0,0,0,0,0.773
3931,DISABLED,30,0,0,0,0,0,0.867
3932,DISABLED,30,0,0,0,0,0,0.968
3933,DISABLED,30,0,0,0,0,0,0.867
3934,DISABLED,30,0,0,0,0,0,0.851
3935,DISABLED,30,0,0,0,0,0,0.765
3936,DISABLED,30,0,0,0,0,0,0.853
3937,DISABLED,30,0,0,0,0,0,0.522
3938,DISABLED,30,0,0,0,0,0,0.601
3939,DISABLED,30,0,0,0,0,0,1.424
3940,DISABLED,30,0,0,0,0,0,0.765
3941,DISABLED,30,0,0,0,0,0,0.765
3942,DISABLED,30,0,0,0,0,0,0.663
3943,DISABLED,30,0,0,0,0,0,0.874
3944,DISABLED,30,0,0,0,0,0,0.780
3945,DISABLED,30,0,0,0,0,0,0.921
3946,DISABLED,30,0,0,0,0,0,0.648
3947,DISABLED,30,0,0,0,0,0,0.820
3948,DISABLED,30,0,0,0,0,0,0.866
3949,DISABLED,30,0,0,0,0,0,0.921
3950,DISABLED,30,0,0,0,0,0,0.835
3951,DISABLED,30,0,0,0,0,0,0.710
3952,DISABLED,30,0,0,0,0,0,0.951
3953,DISABLED,30,0,0,0,0,0,0.802
3954,DISABLED,30,0,0,0,0,0,0.726
3955,DISABLED,30,0,0,0,0,0,0.851
3956,DISABLED,30,0,0,0,0,0,0.708
3957,DISABLED,30,0,0,0,0,0,1.397
3958,DISABLED,30,0,0,0,0,0,0.882
3959,DISABLED,30,0,0,0,0,0,0.835
3960,DISABLED,30,0,0,0,0,0,0.710
3961,DISABLED,30,0,0,0,0,0,0.718
3962,DISABLED,30,0,0,0,0,0,0.976
3963,DISABLED,30,0,0,0,0,0,0.835
3964,DISABLED,30,0,0,0,0,0,0.882
3965,DISABLED,30,0,0,0,0,0,0.734
3966,DISABLED,30,0,0,0,0,0,0.882
3967,DISABLED,30,0,0,0,0,0,0.530
3968,DISABLED,30,0,0,0,0,0,0.616
3969,DISABLED,30,0,0,0,0,0,0.851
3970,DISABLED,30,0,0,0,0,0,0.801
3971,DISABLED,30,0,0,0,0,0,0.773
3972,DISABLED,30,0,0,0,0,0,0.671
3973,DISABLED,30,0,0,0,0,0,0.882
3974,DISABLED,30,0,0,0,0,0,0.796
3975,DISABLED,30,0,0,0,0,0,0.953
3976,DISABLED,30,0,0,0,0,0,0.663
3977,DISABLED,30,0,0,0,0,0,0.843
3978,DISABLED,30,0,0,0,0,0,0.858
3979,DISABLED,30,0,0,0,0,0,0.934
3980,DISABLED,30,0,0,0,0,0,0.804
3981,DISABLED,30,0,0,0,0,0,0.670
3982,DISABLED,30,0,0,0,0,0,0.953
3983,DISABLED,30,0,0,0,0,0,0.695
3984,DISABLED,30,0,0,0,0,0,0.827
3985,DISABLED,30,0,0,0,0,0,0.835
3986,DISABLED,30,0,0,0,0,0,0.796
3987,DISABLED,30,0,0,0,0,0,0.727
3988,DISABLED,30,0,0,0,0,0,0.741
3989,DISABLED,30,0,0,0,0,0,0.851
3990,DISABLED,30,0,0,0,0,0,0.862
3991,DISABLED,30,0,0,0,0,0,0.710
3992,DISABLED,30,0,0,0,0,0,0.960
3993,DISABLED,30,0,0,0,0,0,0.882
3994,DISABLED,30,0,0,0,0,0,0.890
3995,DISABLED,30,0,0,0,0,0,0.781
3996,DISABLED,30,0,0,0,0,0,0.859
3997,DISABLED,30,0,0,0,0,0,0.507
3998,DISABLED,30,0,0,0,0,0,0.593
3999,DISABLED,30,0,0,0,0,0,0.859
4000,DISABLED,30,0,0,0,0,0,0.741
4001,DISABLED,30,0,0,0,0,0,0.812
4002,DISABLED,30,0,0,0,0,0,0.671
4003,DISABLED,30,0,0,0,0,0,0.874
4004,DISABLED,30,0,0,0,0,0,0.786
4005,DISABLED,30,0,0,0,0,0,0.898
4006,DISABLED,30,0,0,0,0,0,0.668
4007,DISABLED,30,0,0,0,0,0,0.835
4008,DISABLED,30,0,0,0,0,0,0.890
4009,DISABLED,30,0,0,0,0,0,0.890
4010,DISABLED,30,0,0,0,0,0,0.820
4011,DISABLED,30,0,0,0,0,0,0.687
4012,DISABLED,30,0,0,0,0,0,0.960
4013,DISABLED,30,0,0,0,0,0,0.702
4014,DISABLED,30,0,0,0,0,0,0.820
4015,DISABLED,30,0,0,0,0,0,0.812
4016,DISABLED,30,0,0,0,0,0,1.244
4017,DISABLED,30,0,0,0,0,0,0.906
4018,DISABLED,30,0,0,0,0,0,0.843
4019,DISABLED,30,0,0,0,0,0,0.812
4020,DISABLED,30,0,0,0,0,0,0.733
4021,DISABLED,30,0,0,0,0,0,0.757
4022,DISABLED,30,0,0,0,0,0,0.929
4023,DISABLED,30,0,0,0,0,0,0.835
4024,DISABLED,30,0,0,0,0,0,0.887
4025,DISABLED,30,0,0,0,0,0,0.749
4026,DISABLED,30,0,0,0,0,0,1.468
4027,DISABLED,30,0,0,0,0,0,0.483
4028,DISABLED,30,0,0,0,0,0,0.608
4029,DISABLED,30,0,0,0,0,0,1.455
4030,DISABLED,30,0,0,0,0,0,0.757
4031,DISABLED,30,0,0,0,0,0,17.912
4032,DISABLED,30,0,0,0,0,0,1.148
4033,DISABLED,30,0,0,0,0,0,0.995
4034,DISABLED,30,0,0,0,0,0,1.234
4035,DISABLED,30,0,0,0,0,0,1.381
4036,DISABLED,30,0,0,0,0,0,0.671
4037,DISABLED,30,0,0,0,0,0,0.931
4038,DISABLED,30,0,0,0,0,0,1.398
4039,DISABLED,30,0,0,0,0,0,1.304
4040,DISABLED,30,0,0,0,0,0,0.804
4041,DISABLED,30,0,0,0,0,0,1.258
4042,DISABLED,30,0,0,0,0,0,0.827
4043,DISABLED,30,0,0,0,0,0,1.140
4044,DISABLED,30,0,0,0,0,0,1.203
4045,DISABLED,30,0,0,0,0,0,1.273
4046,DISABLED,30,0,0,0,0,0,0.827
4047,DISABLED,30,0,0,0,0,0,0.741
4048,DISABLED,30,0,0,0,0,0,0.858
4049,DISABLED,30,0,0,0,0,0,0.757
4050,DISABLED,30,0,0,0,0,0,0.882
4051,DISABLED,30,0,0,0,0,0,0.740
4052,DISABLED,30,0,0,0,0,0,1.310
4053,DISABLED,30,0,0,0,0,0,0.835
4054,DISABLED,30,0,0,0,0,0,0.874
4055,DISABLED,30,0,0,0,0,0,1.134
4056,DISABLED,30,0,0,0,0,0,0.859
4057,DISABLED,30,0,0,0,0,0,0.491
4058,DISABLED,30,0,0,0,0,0,0.601
4059,DISABLED,30,0,0,0,0,0,0.874
4060,DISABLED,30,0,0,0,0,0,0.788
4061,DISABLED,30,0,0,0,0,0,0.780
4062,DISABLED,30,0,0,0,0,0,0.655
4063,DISABLED,30,0,0,0,0,0,0.898
4064,DISABLED,30,0,0,0,0,0,0.781
4065,DISABLED,30,0,0,0,0,0,0.898
4066,DISABLED,30,0,0,0,0,0,0.778
4067,DISABLED,30,0,0,0,0,0,0.679
4068,DISABLED,30,0,0,0,0,0,0.914
4069,DISABLED,30,0,0,0,0,0,0.961
4070,DISABLED,30,0,0,0,0,0,0.843
4071,DISABLED,30,0,0,0,0,0,0.889
4072,DISABLED,30,0,0,0,0,0,0.727
4073,DISABLED,30,0,0,0,0,0,0.812
4074,DISABLED,30,0,0,0,0,0,0.695
4075,DISABLED,30,0,0,0,0,0,0.827
4076,DISABLED,30,0,0,0,0,0,0.898
4077,DISABLED,30,0,0,0,0,0,0.773
4078,DISABLED,30,0,0,0,0,0,0.835
4079,DISABLED,30,0,0,0,0,0,0.812
4080,DISABLED,30,0,0,0,0,0,1.203
4081,DISABLED,30,0,0,0,0,0,0.757
4082,DISABLED,30,0,0,0,0,0,0.960
4083,DISABLED,30,0,0,0,0,0,0.882
4084,DISABLED,30,0,0,0,0,0,0.867
4085,DISABLED,30,0,0,0,0,0,0.757
4086,DISABLED,30,0,0,0,0,0,0.466
4087,DISABLED,30,0,0,0,0,0,0.624
4088,DISABLED,30,0,0,0,0,0,0.893
4089,DISABLED,30,0,0,0,0,0,0.882
4090,DISABLED,30,0,0,0,0,0,0.890
4091,DISABLED,30,0,0,0,0,0,0.765
4092,DISABLED,30,0,0,0,0,0,0.819
4093,DISABLED,30,0,0,0,0,0,0.874
4094,DISABLED,30,0,0,0,0,0,0.790
4095,DISABLED,30,0,0,0,0,0,0.687
4096,DISABLED,30,0,0,0,0,0,0.898
4097,DISABLED,30,0,0,0,0,0,0.835
4098,DISABLED,30,0,0,0,0,0,0.669
4099,DISABLED,30,0,0,0,0,0,1.148
4100,DISABLED,30,0,0,0,0,0,0.687
4101,DISABLED,30,0,0,0,0,0,0.671
4102,DISABLED,30,0,0,0,0,0,0.945
4103,DISABLED,30,0,0,0,0,0,0.851
4104,DISABLED,30,0,0,0,0,0,0.820
4105,DISABLED,30,0,0,0,0,0,0.929
4106,DISABLED,30,0,0,0,0,0,0.718
4107,DISABLED,30,0,0,0,0,0,0.765
4108,DISABLED,30,0,0,0,0,0,0.846
4109,DISABLED,30,0,0,0,0,0,0.835
4110,DISABLED,30,0,0,0,0,0,1.101
4111,DISABLED,30,0,0,0,0,0,0.884
4112,DISABLED,30,0,0,0,0,0,0.960
4113,DISABLED,30,0,0,0,0,0,0.741
4114,DISABLED,30,0,0,0,0,0,0.851
4115,DISABLED,30,0,0,0,0,0,0.890
4116,DISABLED,30,0,0,0,0,0,0.476
4117,DISABLED,30,0,0,0,0,0,0.632
4118,DISABLED,30,0,0,0,0,0,0.859
4119,DISABLED,30,0,0,0,0,0,1.101
4120,DISABLED,30,0,0,0,0,0,0.773
4121,DISABLED,30,0,0,0,0,0,0.898
4122,DISABLED,30,0,0,0,0,0,0.874
4123,DISABLED,30,0,0,0,0,0,0.804
4124,DISABLED,30,0,0,0,0,0,0.632
4125,DISABLED,30,0,0,0,0,0,0.765
4126,DISABLED,30,0,0,0,0,0,0.679
4127,DISABLED,30,0,0,0,0,0,0.913
4128,DISABLED,30,0,0,0,0,0,0.921
4129,DISABLED,30,0,0,0,0,0,0.796
4130,DISABLED,30,0,0,0,0,0,0.571
4131,DISABLED,30,0,0,0,0,0,0.929
4132,DISABLED,30,0,0,0,0,0,0.695
4133,DISABLED,30,0,0,0,0,0,0.827
4134,DISABLED,30,0,0,0,0,0,0.812
4135,DISABLED,30,0,0,0,0,0,0.835
4136,DISABLED,30,0,0,0,0,0,0.719
4137,DISABLED,30,0,0,0,0,0,0.763
4138,DISABLED,30,0,0,0,0,0,0.874
4139,DISABLED,30,0,0,0,0,0,0.873
4140,DISABLED,30,0,0,0,0,0,0.726
4141,DISABLED,30,0,0,0,0,0,0.898
4142,DISABLED,30,0,0,0,0,0,0.921
4143,DISABLED,30,0,0,0,0,0,0.874
4144,DISABLED,30,0,0,0,0,0,0.738
4145,DISABLED,30,0,0,0,0,0,0.921
4146,DISABLED,30,0,0,0,0,0,0.475
4147,DISABLED,30,0,0,0,0,0,0.601
4148,DISABLED,30,0,0,0,0,0,0.921
4149,DISABLED,30,0,0,0,0,0,0.754
4150,DISABLED,30,0,0,0,0,0,0.788
4151,DISABLED,30,0,0,0,0,0,0.655
4152,DISABLED,30,0,0,0,0,0,0.913
4153,DISABLED,30,0,0,0,0,0,0.788
4154,DISABLED,30,0,0,0,0,0,0.890
4155,DISABLED,30,0,0,0,0,0,0.671
4156,DISABLED,30,0,0,0,0,0,0.804
4157,DISABLED,30,0,0,0,0,0,0.929
4158,DISABLED,30,0,0,0,0,0,0.897
4159,DISABLED,30,0,0,0,0,0,0.827
4160,DISABLED,30,0,0,0,0,0,0.655
4161,DISABLED,30,0,0,0,0,0,0.928
4162,DISABLED,30,0,0,0,0,0,0.741
4163,DISABLED,30,0,0,0,0,0,0.813
4164,DISABLED,30,0,0,0,0,0,0.812
4165,DISABLED,30,0,0,0,0,0,0.835
4166,DISABLED,30,0,0,0,0,0,0.710
4167,DISABLED,30,0,0,0,0,0,0.906
4168,DISABLED,30,0,0,0,0,0,0.714
4169,DISABLED,30,0,0,0,0,0,0.821
4170,DISABLED,30,0,0,0,0,0,0.749
4171,DISABLED,30,0,0,0,0,0,0.889
4172,DISABLED,30,0,0,0,0,0,0.934
4173,DISABLED,30,0,0,0,0,0,0.874
4174,DISABLED,30,0,0,0,0,0,0.757
4175,DISABLED,30,0,0,0,0,0,0.859
4176,DISABLED,30,0,0,0,0,0,0.460
4177,DISABLED,30,0,0,0,0,0,0.663
4178,DISABLED,30,0,0,0,0,0,0.834
4179,DISABLED,30,0,0,0,0,0,0.773
4180,DISABLED,30,0,0,0,0,0,0.788
4181,DISABLED,30,0,0,0,0,0,0.639
4182,DISABLED,30,0,0,0,0,0,0.913
4183,DISABLED,30,0,0,0,0,0,0.793
4184,DISABLED,30,0,0,0,0,0,0.929
4185,DISABLED,30,0,0,0,0,0,1.220
4186,DISABLED,30,0,0,0,0,0,0.804
4187,DISABLED,30,0,0,0,0,0,0.937
4188,DISABLED,30,0,0,0,0,0,0.921
4189,DISABLED,30,0,0,0,0,0,0.797
4190,DISABLED,30,0,0,0,0,0,0.701
4191,DISABLED,30,0,0,0,0,0,0.898
4192,DISABLED,30,0,0,0,0,0,0.874
4193,DISABLED,30,0,0,0,0,0,0.679
4194,DISABLED,30,0,0,0,0,0,0.851
4195,DISABLED,30,0,0,0,0,0,0.695
4196,DISABLED,30,0,0,0,0,0,0.702
4197,DISABLED,30,0,0,0,0,0,0.859
4198,DISABLED,30,0,0,0,0,0,0.866
4199,DISABLED,30,0,0,0,0,0,0.886
4200,DISABLED,30,0,0,0,0,0,0.738
4201,DISABLED,30,0,0,0,0,0,0.929
4202,DISABLED,30,0,0,0,0,0,0.859
4203,DISABLED,30,0,0,0,0,0,0.898
4204,DISABLED,30,0,0,0,0,0,0.749
4205,DISABLED,30,0,0,0,0,0,1.234
4206,DISABLED,30,0,0,0,0,0,0.476
4207,DISABLED,30,0,0,0,0,0,0.616
4208,DISABLED,30,0,0,0,0,0,0.874
4209,DISABLED,30,0,0,0,0,0,0.749
4210,DISABLED,30,0,0,0,0,0,0.773
4211,DISABLED,30,0,0,0,0,0,1.197
4212,DISABLED,30,0,0,0,0,0,0.906
4213,DISABLED,30,0,0,0,0,0,0.788
4214,DISABLED,30,0,0,0,0,0,0.912
4215,DISABLED,30,0,0,0,0,0,0.663
4216,DISABLED,30,0,0,0,0,0,0.804
4217,DISABLED,30,0,0,0,0,0,0.937
4218,DISABLED,30,0,0,0,0,0,0.937
4219,DISABLED,30,0,0,0,0,0,0.787
4220,DISABLED,30,0,0,0,0,0,0.648
4221,DISABLED,30,0,0,0,0,0,0.937
4222,DISABLED,30,0,0,0,0,0,0.870
4223,DISABLED,30,0,0,0,0,0,0.702
4224,DISABLED,30,0,0,0,0,0,0.804
4225,DISABLED,30,0,0,0,0,0,0.701
4226,DISABLED,30,0,0,0,0,0,0.835
4227,DISABLED,30,0,0,0,0,0,0.749
4228,DISABLED,30,0,0,0,0,0,0.882
4229,DISABLED,30,0,0,0,0,0,0.859
4230,DISABLED,30,0,0,0,0,0,0.765
4231,DISABLED,30,0,0,0,0,0,0.898
4232,DISABLED,30,0,0,0,0,0,0.890
4233,DISABLED,30,0,0,0,0,0,0.851
4234,DISABLED,30,0,0,0,0,0,0.804
4235,DISABLED,30,0,0,0,0,0,0.851
4236,DISABLED,30,0,0,0,0,0,0.483
4237,DISABLED,30,0,0,0,0,0,0.622
4238,DISABLED,30,0,0,0,0,0,0.890
4239,DISABLED,30,0,0,0,0,0,0.741
4240,DISABLED,30,0,0,0,0,0,0.796
4241,DISABLED,30,0,0,0,0,0,0.632
4242,DISABLED,30,0,0,0,0,0,0.914
4243,DISABLED,30,0,0,0,0,0,0.786
4244,DISABLED,30,0,0,0,0,0,0.898
4245,DISABLED,30,0,0,0,0,0,0.796
4246,DISABLED,30,0,0,0,0,0,0.640
4247,DISABLED,30,0,0,0,0,0,0.921
4248,DISABLED,30,0,0,0,0,0,0.921
4249,DISABLED,30,0,0,0,0,0,0.812
4250,DISABLED,30,0,0,0,0,0,0.906
4251,DISABLED,30,0,0,0,0,0,0.663
4252,DISABLED,30,0,0,0,0,0,0.867
4253,DISABLED,30,0,0,0,0,0,0.655
4254,DISABLED,30,0,0,0,0,0,0.843
4255,DISABLED,30,0,0,0,0,0,0.824
4256,DISABLED,30,0,0,0,0,0,0.693
4257,DISABLED,30,0,0,0,0,0,0.859
4258,DISABLED,30,0,0,0,0,0,0.710
4259,DISABLED,30,0,0,0,0,0,0.882
4260,DISABLED,30,0,0,0,0,0,0.718
4261,DISABLED,30,0,0,0,0,0,0.874
4262,DISABLED,30,0,0,0,0,0,0.914
4263,DISABLED,30,0,0,0,0,0,0.864
4264,DISABLED,30,0,0,0,0,0,0.734
4265,DISABLED,30,0,0,0,0,0,0.874
4266,DISABLED,30,0,0,0,0,0,0.484
4267,DISABLED,30,0,0,0,0,0,0.601
4268,DISABLED,30,0,0,0,0,0,0.773
4269,DISABLED,30,0,0,0,0,0,0.898
4270,DISABLED,30,0,0,0,0,0,0.734
4271,DISABLED,30,0,0,0,0,0,0.632
4272,DISABLED,30,0,0,0,0,0,0.906
4273,DISABLED,30,0,0,0,0,0,1.358
4274,DISABLED,30,0,0,0,0,0,0.890
4275,DISABLED,30,0,0,0,0,0,1.351
4276,DISABLED,30,0,0,0,0,0,0.632
4277,DISABLED,30,0,0,0,0,0,0.937
4278,DISABLED,30,0,0,0,0,0,0.929
4279,DISABLED,30,0,0,0,0,0,0.820
4280,DISABLED,30,0,0,0,0,0,0.671
4281,DISABLED,30,0,0,0,0,0,0.921
4282,DISABLED,30,0,0,0,0,0,0.716
4283,DISABLED,30,0,0,0,0,0,0.835
4284,DISABLED,30,0,0,0,0,0,0.882
4285,DISABLED,30,0,0,0,0,0,0.702
4286,DISABLED,30,0,0,0,0,0,0.843
4287,DISABLED,30,0,0,0,0,0,0.890
4288,DISABLED,30,0,0,0,0,0,0.866
4289,DISABLED,30,0,0,0,0,0,0.710
4290,DISABLED,30,0,0,0,0,0,0.749
4291,DISABLED,30,0,0,0,0,0,0.914
4292,DISABLED,30,0,0,0,0,0,0.914
4293,DISABLED,30,0,0,0,0,0,0.860
4294,DISABLED,30,0,0,0,0,0,0.788
4295,DISABLED,30,0,0,0,0,0,0.851
4296,DISABLED,30,0,0,0,0,0,0.452
4297,DISABLED,30,0,0,0,0,0,0.648
4298,DISABLED,30,0,0,0,0,0,0.890
4299,DISABLED,30,0,0,0,0,0,0.741
4300,DISABLED,30,0,0,0,0,0,0.781
4301,DISABLED,30,0,0,0,0,0,0.631
4302,DISABLED,30,0,0,0,0,0,0.913
4303,DISABLED,30,0,0,0,0,0,0.804
4304,DISABLED,30,0,0,0,0,0,0.882
4305,DISABLED,30,0,0,0,0,0,0.655
4306,DISABLED,30,0,0,0,0,0,0.795
4307,DISABLED,30,0,0,0,0,0,0.937
4308,DISABLED,30,0,0,0,0,0,0.898
4309,DISABLED,30,0,0,0,0,0,0.843
4310,DISABLED,30,0,0,0,0,0,0.898
4311,DISABLED,30,0,0,0,0,0,0.686
4312,DISABLED,30,0,0,0,0,0,0.757
4313,DISABLED,30,0,0,0,0,0,0.781
4314,DISABLED,30,0,0,0,0,0,0.867
4315,DISABLED,30,0,0,0,0,0,0.851
4316,DISABLED,30,0,0,0,0,0,0.734
4317,DISABLED,30,0,0,0,0,0,0.859
4318,DISABLED,30,0,0,0,0,0,0.717
4319,DISABLED,30,0,0,0,0,0,0.859
4320,DISABLED,30,0,0,0,0,0,0.718
4321,DISABLED,30,0,0,0,0,0,0.929
4322,DISABLED,30,0,0,0,0,0,0.866
4323,DISABLED,30,0,0,0,0,0,0.867
4324,DISABLED,30,0,0,0,0,0,0.734
4325,DISABLED,30,0,0,0,0,0,0.898
4326,DISABLED,30,0,0,0,0,0,0.452
4327,DISABLED,30,0,0,0,0,0,0.632
4328,DISABLED,30,0,0,0,0,0,0.913
4329,DISABLED,30,0,0,0,0,0,0.734
4330,DISABLED,30,0,0,0,0,0,0.781
4331,DISABLED,30,0,0,0,0,0,17.647
4332,DISABLED,30,0,0,0,0,0,0.965
4333,DISABLED,30,0,0,0,0,0,1.258
4334,DISABLED,30,0,0,0,0,0,1.320
4335,DISABLED,30,0,0,0,0,0,0.632
4336,DISABLED,30,0,0,0,0,0,0.788
4337,DISABLED,30,0,0,0,0,0,0.921
4338,DISABLED,30,0,0,0,0,0,0.914
4339,DISABLED,30,0,0,0,0,0,0.804
4340,DISABLED,30,0,0,0,0,0,1.035
4341,DISABLED,30,0,0,0,0,0,0.976
4342,DISABLED,30,0,0,0,0,0,0.843
4343,DISABLED,30,0,0,0,0,0,0.781
4344,DISABLED,30,0,0,0,0,0,1.289
4345,DISABLED,30,0,0,0,0,0,0.741
4346,DISABLED,30,0,0,0,0,0,0.827
4347,DISABLED,30,0,0,0,0,0,0.943
4348,DISABLED,30,0,0,0,0,0,0.741
4349,DISABLED,30,0,0,0,0,0,0.804
4350,DISABLED,30,0,0,0,0,0,0.968
4351,DISABLED,30,0,0,0,0,0,0.890
4352,DISABLED,30,0,0,0,0,0,0.882
4353,DISABLED,30,0,0,0,0,0,0.895
4354,DISABLED,30,0,0,0,0,0,0.773
4355,DISABLED,30,0,0,0,0,0,0.859
4356,DISABLED,30,0,0,0,0,0,0.460
4357,DISABLED,30,0,0,0,0,0,0.632
4358,DISABLED,30,0,0,0,0,0,1.180
4359,DISABLED,30,0,0,0,0,0,0.897
4360,DISABLED,30,0,0,0,0,0,1.156
4361,DISABLED,30,0,0,0,0,0,0.960
4362,DISABLED,30,0,0,0,0,0,0.929
4363,DISABLED,30,0,0,0,0,0,0.796
4364,DISABLED,30,0,0,0,0,0,1.242
4365,DISABLED,30,0,0,0,0,0,0.624
4366,DISABLED,30,0,0,0,0,0,0.812
4367,DISABLED,30,0,0,0,0,0,0.945
4368,DISABLED,30,0,0,0,0,0,0.913
4369,DISABLED,30,0,0,0,0,0,0.820
4370,DISABLED,30,0,0,0,0,0,0.663
4371,DISABLED,30,0,0,0,0,0,0.890
4372,DISABLED,30,0,0,0,0,0,0.726
4373,DISABLED,30,0,0,0,0,0,0.835
4374,DISABLED,30,0,0,0,0,0,0.827
4375,DISABLED,30,0,0,0,0,0,0.710
4376,DISABLED,30,0,0,0,0,0,0.743
4377,DISABLED,30,0,0,0,0,0,0.859
4378,DISABLED,30,0,0,0,0,0,0.835
4379,DISABLED,30,0,0,0,0,0,0.726
4380,DISABLED,30,0,0,0,0,0,0.851
4381,DISABLED,30,0,0,0,0,0,0.968
4382,DISABLED,30,0,0,0,0,0,0.898
4383,DISABLED,30,0,0,0,0,0,0.859
4384,DISABLED,30,0,0,0,0,0,1.101
4385,DISABLED,30,0,0,0,0,0,0.874
4386,DISABLED,30,0,0,0,0,0,0.483
4387,DISABLED,30,0,0,0,0,0,0.601
4388,DISABLED,30,0,0,0,0,0,1.320
4389,DISABLED,30,0,0,0,0,0,0.781
4390,DISABLED,30,0,0,0,0,0,0.767
4391,DISABLED,30,0,0,0,0,0,0.624
4392,DISABLED,30,0,0,0,0,0,1.015
4393,DISABLED,30,0,0,0,0,0,0.788
4394,DISABLED,30,0,0,0,0,0,0.874
4395,DISABLED,30,0,0,0,0,0,0.671
4396,DISABLED,30,0,0,0,0,0,1.156
4397,DISABLED,30,0,0,0,0,0,0.937
4398,DISABLED,30,0,0,0,0,0,0.906
4399,DISABLED,30,0,0,0,0,0,0.812
4400,DISABLED,30,0,0,0,0,0,0.670
4401,DISABLED,30,0,0,0,0,0,0.921
4402,DISABLED,30,0,0,0,0,0,0.850
4403,DISABLED,30,0,0,0,0,0,0.671
4404,DISABLED,30,0,0,0,0,0,0.827
4405,DISABLED,30,0,0,0,0,0,1.125
4406,DISABLED,30,0,0,0,0,0,0.859
4407,DISABLED,30,0,0,0,0,0,0.741
4408,DISABLED,30,0,0,0,0,0,0.867
4409,DISABLED,30,0,0,0,0,0,0.835
4410,DISABLED,30,0,0,0,0,0,0.756
4411,DISABLED,30,0,0,0,0,0,1.226
4412,DISABLED,30,0,0,0,0,0,0.906
4413,DISABLED,30,0,0,0,0,0,0.923
4414,DISABLED,30,0,0,0,0,0,0.773
4415,DISABLED,30,0,0,0,0,0,0.882
4416,DISABLED,30,0,0,0,0,0,0.436
4417,DISABLED,30,0,0,0,0,0,0.624
4418,DISABLED,30,0,0,0,0,0,0.890
4419,DISABLED,30,0,0,0,0,0,0.749
4420,DISABLED,30,0,0,0,0,0,0.781
4421,DISABLED,30,0,0,0,0,0,0.632
4422,DISABLED,30,0,0,0,0,0,0.921
4423,DISABLED,30,0,0,0,0,0,0.804
4424,DISABLED,30,0,0,0,0,0,0.890
4425,DISABLED,30,0,0,0,0,0,0.678
4426,DISABLED,30,0,0,0,0,0,0.809
4427,DISABLED,30,0,0,0,0,0,0.926
4428,DISABLED,30,0,0,0,0,0,0.906
4429,DISABLED,30,0,0,0,0,0,0.819
4430,DISABLED,30,0,0,0,0,0,0.833
4431,DISABLED,30,0,0,0,0,0,0.675
4432,DISABLED,30,0,0,0,0,0,0.702
4433,DISABLED,30,0,0,0,0,0,0.812
4434,DISABLED,30,0,0,0,0,0,0.882
4435,DISABLED,30,0,0,0,0,0,0.859
4436,DISABLED,30,0,0,0,0,0,0.671
4437,DISABLED,30,0,0,0,0,0,0.882
4438,DISABLED,30,0,0,0,0,0,0.859
4439,DISABLED,30,0,0,0,0,0,0.741
4440,DISABLED,30,0,0,0,0,0,0.726
4441,DISABLED,30,0,0,0,0,0,0.929
4442,DISABLED,30,0,0,0,0,0,0.882
4443,DISABLED,30,0,0,0,0,0,0.855
4444,DISABLED,30,0,0,0,0,0,0.765
4445,DISABLED,30,0,0,0,0,0,0.866
4446,DISABLED,30,0,0,0,0,0,0.476
4447,DISABLED,30,0,0,0,0,0,0.632
4448,DISABLED,30,0,0,0,0,0,0.913
4449,DISABLED,30,0,0,0,0,0,0.741
4450,DISABLED,30,0,0,0,0,0,0.812
4451,DISABLED,30,0,0,0,0,0,0.632
4452,DISABLED,30,0,0,0,0,0,0.945
4453,DISABLED,30,0,0,0,0,0,0.796
4454,DISABLED,30,0,0,0,0,0,0.874
4455,DISABLED,30,0,0,0,0,0,0.671
4456,DISABLED,30,0,0,0,0,0,0.835
4457,DISABLED,30,0,0,0,0,0,0.937
4458,DISABLED,30,0,0,0,0,0,0.898
4459,DISABLED,30,0,0,0,0,0,0.804
4460,DISABLED,30,0,0,0,0,0,0.663
4461,DISABLED,30,0,0,0,0,0,0.945
4462,DISABLED,30,0,0,0,0,0,0.710
4463,DISABLED,30,0,0,0,0,0,0.804
4464,DISABLED,30,0,0,0,0,0,0.820
4465,DISABLED,30,0,0,0,0,0,0.688
4466,DISABLED,30,0,0,0,0,0,0.843
4467,DISABLED,30,0,0,0,0,0,0.890
4468,DISABLED,30,0,0,0,0,0,0.749
4469,DISABLED,30,0,0,0,0,0,0.851
4470,DISABLED,30,0,0,0,0,0,0.726
4471,DISABLED,30,0,0,0,0,0,0.906
4472,DISABLED,30,0,0,0,0,0,0.906
4473,DISABLED,30,0,0,0,0,0,0.867
4474,DISABLED,30,0,0,0,0,0,0.745
4475,DISABLED,30,0,0,0,0,0,0.903
4476,DISABLED,30,0,0,0,0,0,0.460
4477,DISABLED,30,0,0,0,0,0,0.624
4478,DISABLED,30,0,0,0,0,0,0.867
4479,DISABLED,30,0,0,0,0,0,0.757
4480,DISABLED,30,0,0,0,0,0,0.788
4481,DISABLED,30,0,0,0,0,0,0.630
4482,DISABLED,30,0,0,0,0,0,0.953
4483,DISABLED,30,0,0,0,0,0,0.765
4484,DISABLED,30,0,0,0,0,0,0.906
4485,DISABLED,30,0,0,0,0,0,0.655
4486,DISABLED,30,0,0,0,0,0,0.812
4487,DISABLED,30,0,0,0,0,0,0.921
4488,DISABLED,30,0,0,0,0,0,0.919
4489,DISABLED,30,0,0,0,0,0,0.780
4490,DISABLED,30,0,0,0,0,0,0.671
4491,DISABLED,30,0,0,0,0,0,0.913
4492,DISABLED,30,0,0,0,0,0,0.859
4493,DISABLED,30,0,0,0,0,0,0.671
4494,DISABLED,30,0,0,0,0,0,0.827
4495,DISABLED,30,0,0,0,0,0,0.687
4496,DISABLED,30,0,0,0,0,0,0.835
4497,DISABLED,30,0,0,0,0,0,0.843
4498,DISABLED,30,0,0,0,0,0,0.711
4499,DISABLED,30,0,0,0,0,0,0.882
4500,DISABLED,30,0,0,0,0,0,0.718
4501,DISABLED,30,0,0,0,0,0,0.914
4502,DISABLED,30,0,0,0,0,0,0.872
4503,DISABLED,30,0,0,0,0,0,0.874
4504,DISABLED,30,0,0,0,0,0,0.764
4505,DISABLED,30,0,0,0,0,0,0.866
4506,DISABLED,30,0,0,0,0,0,0.491
4507,DISABLED,30,0,0,0,0,0,0.601
4508,DISABLED,30,0,0,0,0,0,0.882
4509,DISABLED,30,0,0,0,0,0,0.772
4510,DISABLED,30,0,0,0,0,0,0.773
4511,DISABLED,30,0,0,0,0,0,0.629
4512,DISABLED,30,0,0,0,0,0,0.889
4513,DISABLED,30,0,0,0,0,0,0.796
4514,DISABLED,30,0,0,0,0,0,0.882
4515,DISABLED,30,0,0,0,0,0,0.630
4516,DISABLED,30,0,0,0,0,0,0.811
4517,DISABLED,30,0,0,0,0,0,0.929
4518,DISABLED,30,0,0,0,0,0,0.898
4519,DISABLED,30,0,0,0,0,0,0.812
4520,DISABLED,30,0,0,0,0,0,0.687
4521,DISABLED,30,0,0,0,0,0,0.906
4522,DISABLED,30,0,0,0,0,0,0.718
4523,DISABLED,30,0,0,0,0,0,0.820
4524,DISABLED,30,0,0,0,0,0,0.812
4525,DISABLED,30,0,0,0,0,0,0.851
4526,DISABLED,30,0,0,0,0,0,0.702
4527,DISABLED,30,0,0,0,0,0,0.867
4528,DISABLED,30,0,0,0,0,0,0.734
4529,DISABLED,30,0,0,0,0,0,0.734
4530,DISABLED,30,0,0,0,0,0,0.866
4531,DISABLED,30,0,0,0,0,0,0.898
4532,DISABLED,30,0,0,0,0,0,0.921
4533,DISABLED,30,0,0,0,0,0,0.866
4534,DISABLED,30,0,0,0,0,0,0.764
4535,DISABLED,30,0,0,0,0,0,0.874
4536,DISABLED,30,0,0,0,0,0,0.460
4537,DISABLED,30,0,0,0,0,0,0.648
4538,DISABLED,30,0,0,0,0,0,0.757
4539,DISABLED,30,0,0,0,0,0,0.640
4540,DISABLED,30,0,0,0,0,0,0.452
4541,DISABLED,30,0,0,0,0,0,0.577
4542,DISABLED,30,0,0,0,0,0,0.491
4543,DISABLED,30,0,0,0,0,0,0.460
4544,DISABLED,30,0,0,0,0,0,0.616
4545,DISABLED,30,0,0,0,0,0,0.476
4546,DISABLED,30,0,0,0,0,0,0.569
4547,DISABLED,30,0,0,0,0,0,0.507
4548,DISABLED,30,0,0,0,0,0,0.460
4549,DISABLED,30,0,0,0,0,0,0.460
4550,DISABLED,30,0,0,0,0,0,0.499
4551,DISABLED,30,0,0,0,0,0,0.460
4552,DISABLED,30,0,0,0,0,0,0.507
4553,DISABLED,30,0,0,0,0,0,0.468
4554,DISABLED,30,0,0,0,0,0,0.476
4555,DISABLED,30,0,0,0,0,0,0.463
4556,DISABLED,30,0,0,0,0,0,0.483
4557,DISABLED,30,0,0,0,0,0,0.611
4558,DISABLED,30,0,0,0,0,0,0.476
4559,DISABLED,30,0,0,0,0,0,0.476
4560,DISABLED,30,0,0,0,0,0,0.468
4561,DISABLED,30,0,0,0,0,0,0.444
4562,DISABLED,30,0,0,0,0,0,0.515
4563,DISABLED,30,0,0,0,0,0,0.476
4564,DISABLED,30,0,0,0,0,0,0.585
4565,DISABLED,30,0,0,0,0,0,0.476
4566,DISABLED,30,0,0,0,0,0,0.491
4567,DISABLED,30,0,0,0,0,0,0.473
4568,DISABLED,30,0,0,0,0,0,0.468
4569,DISABLED,30,0,0,0,0,0,0.476
4570,DISABLED,30,0,0,0,0,0,0.483
4571,DISABLED,30,0,0,0,0,0,0.452
4572,DISABLED,30,0,0,0,0,0,0.545
4573,DISABLED,30,0,0,0,0,0,0.452
4574,DISABLED,30,0,0,0,0,0,0.483
4575,DISABLED,30,0,0,0,0,0,0.452
4576,DISABLED,30,0,0,0,0,0,0.601
4577,DISABLED,30,0,0,0,0,0,0.522
4578,DISABLED,30,0,0,0,0,0,0.475
4579,DISABLED,30,0,0,0,0,0,0.468
4580,DISABLED,30,0,0,0,0,0,0.483
4581,DISABLED,30,0,0,0,0,0,0.466
4582,DISABLED,30,0,0,0,0,0,0.500
4583,DISABLED,30,0,0,0,0,0,0.467
4584,DISABLED,30,0,0,0,0,0,0.473
4585,DISABLED,30,0,0,0,0,0,0.491
4586,DISABLED,30,0,0,0,0,0,0.452
4587,DISABLED,30,0,0,0,0,0,0.522
4588,DISABLED,30,0,0,0,0,0,0.468
4589,DISABLED,30,0,0,0,0,0,0.452
4590,DISABLED,30,0,0,0,0,0,0.459
4591,DISABLED,30,0,0,0,0,0,0.483
4592,DISABLED,30,0,0,0,0,0,0.485
4593,DISABLED,30,0,0,0,0,0,0.593
4594,DISABLED,30,0,0,0,0,0,0.468
4595,DISABLED,30,0,0,0,0,0,0.483
4596,DISABLED,30,0,0,0,0,0,0.460
4597,DISABLED,30,0,0,0,0,0,0.499
4598,DISABLED,30,0,0,0,0,0,0.468
4599,DISABLED,30,0,0,0,0,0,0.476
4600,DISABLED,30,0,0,0,0,0,0.483
4601,DISABLED,30,0,0,0,0,0,0.452
4602,DISABLED,30,0,0,0,0,0,0.507
4603,DISABLED,30,0,0,0,0,0,0.460
4604,DISABLED,30,0,0,0,0,0,0.460
4605,DISABLED,30,0,0,0,0,0,0.577
4606,DISABLED,30,0,0,0,0,0,0.476
4607,DISABLED,30,0,0,0,0,0,0.515
4608,DISABLED,30,0,0,0,0,0,0.452
4609,DISABLED,30,0,0,0,0,0,0.468
4610,DISABLED,30,0,0,0,0,0,0.460
4611,DISABLED,30,0,0,0,0,0,0.460
4612,DISABLED,30,0,0,0,0,0,0.644
4613,DISABLED,30,0,0,0,0,0,0.452
4614,DISABLED,30,0,0,0,0,0,0.476
4615,DISABLED,30,0,0,0,0,0,0.577
4616,DISABLED,30,0,0,0,0,0,0.468
4617,DISABLED,30,0,0,0,0,0,0.504
4618,DISABLED,30,0,0,0,0,0,0.468
4619,DISABLED,30,0,0,0,0,0,0.452
4620,DISABLED,30,0,0,0,0,0,0.468
4621,DISABLED,30,0,0,0,0,0,0.468
4622,DISABLED,30,0,0,0,0,0,0.611
4623,DISABLED,30,0,0,0,0,0,0.468
4624,DISABLED,30,0,0,0,0,0,0.476
4625,DISABLED,30,0,0,0,0,0,0.468
4626,DISABLED,30,0,0,0,0,0,0.468
4627,DISABLED,30,0,0,0,0,0,0.499
4628,DISABLED,30,0,0,0,0,0,0.593
4629,DISABLED,30,0,0,0,0,0,0.460
4630,DISABLED,30,0,0,0,0,0,0.491
4631,DISABLED,30,0,0,0,0,0,17.522
4632,DISABLED,30,0,0,0,0,0,0.569
4633,DISABLED,30,0,0,0,0,0,0.499
4634,DISABLED,30,0,0,0,0,0,0.882
4635,DISABLED,30,0,0,0,0,0,0.905
4636,DISABLED,30,0,0,0,0,0,0.467
4637,DISABLED,30,0,0,0,0,0,0.553
4638,DISABLED,30,0,0,0,0,0,0.938
4639,DISABLED,30,0,0,0,0,0,0.526
4640,DISABLED,30,0,0,0,0,0,0.875
4641,DISABLED,30,0,0,0,0,0,0.530
4642,DISABLED,30,0,0,0,0,0,0.546
4643,DISABLED,30,0,0,0,0,0,0.467
4644,DISABLED,30,0,0,0,0,0,0.468
4645,DISABLED,30,0,0,0,0,0,0.804
4646,DISABLED,30,0,0,0,0,0,0.476
4647,DISABLED,30,0,0,0,0,0,0.514
4648,DISABLED,30,0,0,0,0,0,0.665
4649,DISABLED,30,0,0,0,0,0,0.460
4650,DISABLED,30,0,0,0,0,0,0.912
4651,DISABLED,30,0,0,0,0,0,0.931
4652,DISABLED,30,0,0,0,0,0,0.499
4653,DISABLED,30,0,0,0,0,0,0.561
4654,DISABLED,30,0,0,0,0,0,0.452
4655,DISABLED,30,0,0,0,0,0,0.485
4656,DISABLED,30,0,0,0,0,0,0.813
4657,DISABLED,30,0,0,0,0,0,0.843
4658,DISABLED,30,0,0,0,0,0,0.481
4659,DISABLED,30,0,0,0,0,0,0.444
4660,DISABLED,30,0,0,0,0,0,0.483
4661,DISABLED,30,0,0,0,0,0,0.483
4662,DISABLED,30,0,0,0,0,0,0.527
4663,DISABLED,30,0,0,0,0,0,0.444
4664,DISABLED,30,0,0,0,0,0,0.616
4665,DISABLED,30,0,0,0,0,0,0.475
4666,DISABLED,30,0,0,0,0,0,0.820
4667,DISABLED,30,0,0,0,0,0,0.515
4668,DISABLED,30,0,0,0,0,0,0.452
4669,DISABLED,30,0,0,0,0,0,0.460
4670,DISABLED,30,0,0,0,0,0,0.469
4671,DISABLED,30,0,0,0,0,0,0.476
4672,DISABLED,30,0,0,0,0,0,0.499
4673,DISABLED,30,0,0,0,0,0,0.468
4674,DISABLED,30,0,0,0,0,0,0.483
4675,DISABLED,30,0,0,0,0,0,0.460
4676,DISABLED,30,0,0,0,0,0,0.499
4677,DISABLED,30,0,0,0,0,0,0.607
4678,DISABLED,30,0,0,0,0,0,0.460
4679,DISABLED,30,0,0,0,0,0,0.452
4680,DISABLED,30,0,0,0,0,0,0.476
4681,DISABLED,30,0,0,0,0,0,0.460
4682,DISABLED,30,0,0,0,0,0,0.499
4683,DISABLED,30,0,0,0,0,0,0.472
4684,DISABLED,30,0,0,0,0,0,0.491
4685,DISABLED,30,0,0,0,0,0,0.569
4686,DISABLED,30,0,0,0,0,0,0.476
4687,DISABLED,30,0,0,0,0,0,0.499
4688,DISABLED,30,0,0,0,0,0,0.577
4689,DISABLED,30,0,0,0,0,0,0.476
4690,DISABLED,30,0,0,0,0,0,0.444
4691,DISABLED,30,0,0,0,0,0,0.499
4692,DISABLED,30,0,0,0,0,0,0.476
4693,DISABLED,30,0,0,0,0,0,0.812
4694,DISABLED,30,0,0,0,0,0,1.007
4695,DISABLED,30,0,0,0,0,0,0.906
4696,DISABLED,30,0,0,0,0,0,0.953
4697,DISABLED,30,0,0,0,0,0,1.028
4698,DISABLED,30,0,0,0,0,0,0.945
4699,DISABLED,30,0,0,0,0,0,0.966
4700,DISABLED,30,0,0,0,0,0,0.956
4701,DISABLED,30,0,0,0,0,0,1.422
4702,DISABLED,30,0,0,0,0,0,0.929
4703,DISABLED,30,0,0,0,0,0,0.953
4704,DISABLED,30,0,0,0,0,0,0.976
4705,DISABLED,30,0,0,0,0,0,0.938
4706,DISABLED,30,0,0,0,0,0,0.991
4707,DISABLED,30,0,0,0,0,0,0.968
4708,DISABLED,30,0,0,0,0,0,1.031
4709,DISABLED,30,0,0,0,0,0,0.999
4710,DISABLED,30,0,0,0,0,0,0.968
4711,DISABLED,30,0,0,0,0,0,1.455
4712,DISABLED,30,0,0,0,0,0,0.992
4713,DISABLED,30,0,0,0,0,0,0.921
4714,DISABLED,30,0,0,0,0,0,1.002
4715,DISABLED,30,0,0,0,0,0,0.945
4716,DISABLED,30,0,0,0,0,0,0.976
4717,DISABLED,30,0,0,0,0,0,1.007
4718,DISABLED,30,0,0,0,0,0,0.937
4719,DISABLED,30,0,0,0,0,0,0.968
4720,DISABLED,30,0,0,0,0,0,0.968
4721,DISABLED,30,0,0,0,0,0,1.320
4722,DISABLED,30,0,0,0,0,0,0.997
4723,DISABLED,30,0,0,0,0,0,0.953
4724,DISABLED,30,0,0,0,0,0,1.367
4725,DISABLED,30,0,0,0,0,0,1.000
4726,DISABLED,30,0,0,0,0,0,0.953
4727,DISABLED,30,0,0,0,0,0,1.000
4728,DISABLED,30,0,0,0,0,0,1.007
4729,DISABLED,30,0,0,0,0,0,0.945
4730,DISABLED,30,0,0,0,0,0,0.836
4731,DISABLED,30,0,0,0,0,0,0.968
4732,DISABLED,30,0,0,0,0,0,0.992
4733,DISABLED,30,0,0,0,0,0,0.945
4734,DISABLED,30,0,0,0,0,0,0.973
4735,DISABLED,30,0,0,0,0,0,0.937
4736,DISABLED,30,0,0,0,0,0,0.992
4737,DISABLED,30,0,0,0,0,0,1.007
4738,DISABLED,30,0,0,0,0,0,0.968
4739,DISABLED,30,0,0,0,0,0,0.937
4740,DISABLED,30,0,0,0,0,0,0.937
4741,DISABLED,30,0,0,0,0,0,0.937
4742,DISABLED,30,0,0,0,0,0,0.995
4743,DISABLED,30,0,0,0,0,0,0.953
4744,DISABLED,30,0,0,0,0,0,0.976
4745,DISABLED,30,0,0,0,0,0,0.929
4746,DISABLED,30,0,0,0,0,0,0.977
4747,DISABLED,30,0,0,0,0,0,0.993
4748,DISABLED,30,0,0,0,0,0,0.953
4749,DISABLED,30,0,0,0,0,0,0.983
4750,DISABLED,30,0,0,0,0,0,0.906
4751,DISABLED,30,0,0,0,0,0,0.960
4752,DISABLED,30,0,0,0,0,0,1.007
4753,DISABLED,30,0,0,0,0,0,0.929
4754,DISABLED,30,0,0,0,0,0,0.968
4755,DISABLED,30,0,0,0,0,0,0.974
4756,DISABLED,30,0,0,0,0,0,0.992
4757,DISABLED,30,0,0,0,0,0,0.968
4758,DISABLED,30,0,0,0,0,0,0.929
4759,DISABLED,30,0,0,0,0,0,0.976
4760,DISABLED,30,0,0,0,0,0,0.945
4761,DISABLED,30,0,0,0,0,0,0.961
4762,DISABLED,30,0,0,0,0,0,0.968
4763,DISABLED,30,0,0,0,0,0,0.966
4764,DISABLED,30,0,0,0,0,0,0.960
4765,DISABLED,30,0,0,0,0,0,0.976
4766,DISABLED,30,0,0,0,0,0,0.952
4767,DISABLED,30,0,0,0,0,0,0.999
4768,DISABLED,30,0,0,0,0,0,0.937
4769,DISABLED,30,0,0,0,0,0,0.929
4770,DISABLED,30,0,0,0,0,0,0.984
4771,DISABLED,30,0,0,0,0,0,0.984
4772,DISABLED,30,0,0,0,0,0,0.992
4773,DISABLED,30,0,0,0,0,0,0.968
4774,DISABLED,30,0,0,0,0,0,0.960
4775,DISABLED,30,0,0,0,0,0,0.945
4776,DISABLED,30,0,0,0,0,0,0.999
4777,DISABLED,30,0,0,0,0,0,0.953
4778,DISABLED,30,0,0,0,0,0,0.960
4779,DISABLED,30,0,0,0,0,0,0.949
4780,DISABLED,30,0,0,0,0,0,0.962
4781,DISABLED,30,0,0,0,0,0,0.929
4782,DISABLED,30,0,0,0,0,0,0.999
4783,DISABLED,30,0,0,0,0,0,0.913
4784,DISABLED,30,0,0,0,0,0,1.000
4785,DISABLED,30,0,0,0,0,0,0.968
4786,DISABLED,30,0,0,0,0,0,0.929
4787,DISABLED,30,0,0,0,0,0,1.006
4788,DISABLED,30,0,0,0,0,0,0.945
4789,DISABLED,30,0,0,0,0,0,0.976
4790,DISABLED,30,0,0,0,0,0,0.960
4791,DISABLED,30,0,0,0,0,0,0.937
4792,DISABLED,30,0,0,0,0,0,1.007
4793,DISABLED,30,0,0,0,0,0,0.953
4794,DISABLED,30,0,0,0,0,0,1.000
4795,DISABLED,30,0,0,0,0,0,0.937
4796,DISABLED,30,0,0,0,0,0,0.960
4797,DISABLED,30,0,0,0,0,0,0.992
4798,DISABLED,30,0,0,0,0,0,0.937
4799,DISABLED,30,0,0,0,0,0,0.960
4800,DISABLED,30,0,0,0,0,0,0.968
4801,DISABLED,30,0,0,0,0,0,0.976
4802,DISABLED,30,0,0,0,0,0,0.983
4803,DISABLED,30,0,0,0,0,0,0.943
4804,DISABLED,30,0,0,0,0,0,0.976
4805,DISABLED,30,0,0,0,0,0,0.968
4806,DISABLED,30,0,0,0,0,0,0.929
4807,DISABLED,30,0,0,0,0,0,1.014
4808,DISABLED,30,0,0,0,0,0,0.952
4809,DISABLED,30,0,0,0,0,0,0.958
4810,DISABLED,30,0,0,0,0,0,0.976
4811,DISABLED,30,0,0,0,0,0,0.937
4812,DISABLED,30,0,0,0,0,0,0.983
4813,DISABLED,30,0,0,0,0,0,0.952
4814,DISABLED,30,0,0,0,0,0,0.945
4815,DISABLED,30,0,0,0,0,0,0.960
4816,DISABLED,30,0,0,0,0,0,0.945
4817,DISABLED,30,0,0,0,0,0,1.031
4818,DISABLED,30,0,0,0,0,0,0.929
4819,DISABLED,30,0,0,0,0,0,0.963
4820,DISABLED,30,0,0,0,0,0,0.999
4821,DISABLED,30,0,0,0,0,0,0.898
4822,DISABLED,30,0,0,0,0,0,0.968
4823,DISABLED,30,0,0,0,0,0,0.913
4824,DISABLED,30,0,0,0,0,0,0.937
4825,DISABLED,30,0,0,0,0,0,0.976
4826,DISABLED,30,0,0,0,0,0,0.920
4827,DISABLED,30,0,0,0,0,0,1.383
4828,DISABLED,30,0,0,0,0,0,0.925
4829,DISABLED,30,0,0,0,0,0,0.890
4830,DISABLED,30,0,0,0,0,0,0.929
4831,DISABLED,30,0,0,0,0,0,0.913
4832,DISABLED,30,0,0,0,0,0,0.914
4833,DISABLED,30,0,0,0,0,0,0.921
4834,DISABLED,30,0,0,0,0,0,1.993
4835,DISABLED,30,0,0,0,0,0,1.165
4836,DISABLED,30,0,0,0,0,0,0.476
4837,DISABLED,30,0,0,0,0,0,0.468
4838,DISABLED,30,0,0,0,0,0,0.585
4839,DISABLED,30,0,0,0,0,0,0.648
4840,DISABLED,30,0,0,0,0,0,0.468
4841,DISABLED,30,0,0,0,0,0,0.648
4842,DISABLED,30,0,0,0,0,0,0.655
4843,DISABLED,30,0,0,0,0,0,0.562
4844,DISABLED,30,0,0,0,0,0,0.597
4845,DISABLED,30,0,0,0,0,0,0.623
4846,DISABLED,30,0,0,0,0,0,0.530
4847,DISABLED,30,0,0,0,0,0,0.632
4848,DISABLED,30,0,0,0,0,0,0.601
4849,DISABLED,30,0,0,0,0,0,0.475
4850,DISABLED,30,0,0,0,0,0,0.593
4851,DISABLED,30,0,0,0,0,0,0.569
4852,DISABLED,30,0,0,0,0,0,0.632
4853,DISABLED,30,0,0,0,0,0,0.601
4854,DISABLED,30,0,0,0,0,0,0.577
4855,DISABLED,30,0,0,0,0,0,0.452
4856,DISABLED,30,0,0,0,0,0,0.608
4857,DISABLED,30,0,0,0,0,0,0.616
4858,DISABLED,30,0,0,0,0,0,0.609
4859,DISABLED,30,0,0,0,0,0,0.569
4860,DISABLED,30,0,0,0,0,0,0.637
4861,DISABLED,30,0,0,0,0,0,0.600
4862,DISABLED,30,0,0,0,0,0,0.615
4863,DISABLED,30,0,0,0,0,0,0.593
4864,DISABLED,30,0,0,0,0,0,0.571
4865,DISABLED,30,0,0,0,0,0,0.593
4866,DISABLED,30,0,0,0,0,0,0.575
4867,DISABLED,30,0,0,0,0,0,0.655
4868,DISABLED,30,0,0,0,0,0,1.681
4869,DISABLED,30,0,0,0,0,0,0.593
4870,DISABLED,30,0,0,0,0,0,0.593
4871,DISABLED,30,0,0,0,0,0,0.554
4872,DISABLED,30,0,0,0,0,0,0.671
4873,DISABLED,30,0,0,0,0,0,0.596
4874,DISABLED,30,0,0,0,0,0,0.569
4875,DISABLED,30,0,0,0,0,0,0.561
4876,DISABLED,30,0,0,0,0,0,0.585
4877,DISABLED,30,0,0,0,0,0,0.639
4878,DISABLED,30,0,0,0,0,0,0.593
4879,DISABLED,30,0,0,0,0,0,0.585
4880,DISABLED,30,0,0,0,0,0,0.577
4881,DISABLED,30,0,0,0,0,0,0.577
4882,DISABLED,30,0,0,0,0,0,0.491
4883,DISABLED,30,0,0,0,0,0,0.624
4884,DISABLED,30,0,0,0,0,0,0.562
4885,DISABLED,30,0,0,0,0,0,1.673
4886,DISABLED,30,0,0,0,0,0,0.585
4887,DISABLED,30,0,0,0,0,0,0.632
4888,DISABLED,30,0,0,0,0,0,0.609
4889,DISABLED,30,0,0,0,0,0,0.663
4890,DISABLED,30,0,0,0,0,0,0.561
4891,DISABLED,30,0,0,0,0,0,0.593
4892,DISABLED,30,0,0,0,0,0,0.609
4893,DISABLED,30,0,0,0,0,0,0.574
4894,DISABLED,30,0,0,0,0,0,0.477
4895,DISABLED,30,0,0,0,0,0,0.476
4896,DISABLED,30,0,0,0,0,0,0.593
4897,DISABLED,30,0,0,0,0,0,0.608
4898,DISABLED,30,0,0,0,0,0,0.632
4899,DISABLED,30,0,0,0,0,0,0.577
4900,DISABLED,30,0,0,0,0,0,0.640
4901,DISABLED,30,0,0,0,0,0,0.593
4902,DISABLED,30,0,0,0,0,0,0.616
4903,DISABLED,30,0,0,0,0,0,0.608
4904,DISABLED,30,0,0,0,0,0,0.436
4905,DISABLED,30,0,0,0,0,0,0.640
4906,DISABLED,30,0,0,0,0,0,0.577
4907,DISABLED,30,0,0,0,0,0,0.632
4908,DISABLED,30,0,0,0,0,0,0.616
4909,DISABLED,30,0,0,0,0,0,0.670
4910,DISABLED,30,0,0,0,0,0,0.460
4911,DISABLED,30,0,0,0,0,0,0.452
4912,DISABLED,30,0,0,0,0,0,0.593
4913,DISABLED,30,0,0,0,0,0,0.554
4914,DISABLED,30,0,0,0,0,0,0.609
4915,DISABLED,30,0,0,0,0,0,0.574
4916,DISABLED,30,0,0,0,0,0,0.616
4917,DISABLED,30,0,0,0,0,0,0.679
4918,DISABLED,30,0,0,0,0,0,0.687
4919,DISABLED,30,0,0,0,0,0,0.562
4920,DISABLED,30,0,0,0,0,0,0.601
4921,DISABLED,30,0,0,0,0,0,0.601
4922,DISABLED,30,0,0,0,0,0,0.702
4923,DISABLED,30,0,0,0,0,0,1.669
4924,DISABLED,30,0,0,0,0,0,0.593
4925,DISABLED,30,0,0,0,0,0,0.593
4926,DISABLED,30,0,0,0,0,0,0.608
4927,DISABLED,30,0,0,0,0,0,0.609
4928,DISABLED,30,0,0,0,0,0,0.569
4929,DISABLED,30,0,0,0,0,0,0.577
4930,DISABLED,30,0,0,0,0,0,0.601
4931,DISABLED,30,0,0,0,0,0,24.524
4932,DISABLED,30,0,0,0,0,0,1.140
4933,DISABLED,30,0,0,0,0,0,0.616
4934,DISABLED,30,0,0,0,0,0,0.577
4935,DISABLED,30,0,0,0,0,0,0.999
4936,DISABLED,30,0,0,0,0,0,0.671
4937,DISABLED,30,0,0,0,0,0,0.655
4938,DISABLED,30,0,0,0,0,0,0.585
4939,DISABLED,30,0,0,0,0,0,0.663
4940,DISABLED,30,0,0,0,0,0,0.922
4941,DISABLED,30,0,0,0,0,0,0.796
4942,DISABLED,30,0,0,0,0,0,0.632
4943,DISABLED,30,0,0,0,0,0,0.667
4944,DISABLED,30,0,0,0,0,0,0.999
4945,DISABLED,30,0,0,0,0,0,0.601
4946,DISABLED,30,0,0,0,0,0,0.593
4947,DISABLED,30,0,0,0,0,0,0.640
4948,DISABLED,30,0,0,0,0,0,0.585
4949,DISABLED,30,0,0,0,0,0,0.562
4950,DISABLED,30,0,0,0,0,0,0.601
4951,DISABLED,30,0,0,0,0,0,0.601
4952,DISABLED,30,0,0,0,0,0,0.612
4953,DISABLED,30,0,0,0,0,0,0.609
4954,DISABLED,30,0,0,0,0,0,0.601
4955,DISABLED,30,0,0,0,0,0,0.577
4956,DISABLED,30,0,0,0,0,0,0.562
4957,DISABLED,30,0,0,0,0,0,0.702
4958,DISABLED,30,0,0,0,0,0,0.609
4959,DISABLED,30,0,0,0,0,0,0.632
4960,DISABLED,30,0,0,0,0,0,0.649
4961,DISABLED,30,0,0,0,0,0,0.607
4962,DISABLED,30,0,0,0,0,0,0.624
4963,DISABLED,30,0,0,0,0,0,0.648
4964,DISABLED,30,0,0,0,0,0,0.616
4965,DISABLED,30,0,0,0,0,0,0.585
4966,DISABLED,30,0,0,0,0,0,0.585
4967,DISABLED,30,0,0,0,0,0,1.054
4968,DISABLED,30,0,0,0,0,0,0.577
4969,DISABLED,30,0,0,0,0,0,0.630
4970,DISABLED,30,0,0,0,0,0,0.595
4971,DISABLED,30,0,0,0,0,0,0.593
4972,DISABLED,30,0,0,0,0,0,0.670
4973,DISABLED,30,0,0,0,0,0,0.663
4974,DISABLED,30,0,0,0,0,0,0.555
4975,DISABLED,30,0,0,0,0,0,0.593
4976,DISABLED,30,0,0,0,0,0,0.597
4977,DISABLED,30,0,0,0,0,0,0.953
4978,DISABLED,30,0,0,0,0,0,0.577
4979,DISABLED,30,0,0,0,0,0,0.608
4980,DISABLED,30,0,0,0,0,0,0.624
4981,DISABLED,30,0,0,0,0,0,0.991
4982,DISABLED,30,0,0,0,0,0,0.616
4983,DISABLED,30,0,0,0,0,0,0.624
4984,DISABLED,30,0,0,0,0,0,0.678
4985,DISABLED,30,0,0,0,0,0,0.475
4986,DISABLED,30,0,0,0,0,0,0.593
4987,DISABLED,30,0,0,0,0,0,0.620
4988,DISABLED,30,0,0,0,0,0,0.562
4989,DISABLED,30,0,0,0,0,0,0.593
4990,DISABLED,30,0,0,0,0,0,0.624
4991,DISABLED,30,0,0,0,0,0,0.671
4992,DISABLED,30,0,0,0,0,0,1.015
4993,DISABLED,30,0,0,0,0,0,0.640
4994,DISABLED,30,0,0,0,0,0,0.583
4995,DISABLED,30,0,0,0,0,0,0.663
4996,DISABLED,30,0,0,0,0,0,0.585
4997,DISABLED,30,0,0,0,0,0,0.944
4998,DISABLED,30,0,0,0,0,0,0.576
4999,DISABLED,30,0,0,0,0,0,0.781
5000,DISABLED,30,0,0,0,0,0,0.632
5001,DISABLED,30,0,0,0,0,0,0.712
5002,DISABLED,30,0,0,0,0,0,0.755
5003,DISABLED,30,0,0,0,0,0,0.599
5004,DISABLED,30,0,0,0,0,0,0.715
5005,DISABLED,30,0,0,0,0,0,0.717
5006,DISABLED,30,0,0,0,0,0,0.693
5007,DISABLED,30,0,0,0,0,0,0.601
5008,DISABLED,30,0,0,0,0,0,0.693
5009,DISABLED,30,0,0,0,0,0,0.703
5010,DISABLED,30,0,0,0,0,0,0.677
5011,DISABLED,30,0,0,0,0,0,0.632
5012,DISABLED,30,0,0,0,0,0,0.648
5013,DISABLED,30,0,0,0,0,0,0.693
5014,DISABLED,30,0,0,0,0,0,0.554
5015,DISABLED,30,0,0,0,0,0,0.717
5016,DISABLED,30,0,0,0,0,0,0.548
5017,DISABLED,30,0,0,0,0,0,0.609
5018,DISABLED,30,0,0,0,0,0,0.693
5019,DISABLED,30,0,0,0,0,0,0.709
5020,DISABLED,30,0,0,0,0,0,0.694
5021,DISABLED,30,0,0,0,0,0,0.724
5022,DISABLED,30,0,0,0,0,0,0.589
5023,DISABLED,30,0,0,0,0,0,0.709
5024,DISABLED,30,0,0,0,0,0,0.685
5025,DISABLED,30,0,0,0,0,0,0.693
5026,DISABLED,30,0,0,0,0,0,0.632
5027,DISABLED,30,0,0,0,0,0,0.624
5028,DISABLED,30,0,0,0,0,0,0.562
5029,DISABLED,30,0,0,0,0,0,0.693
5030,DISABLED,30,0,0,0,0,0,0.536
5031,DISABLED,30,0,0,0,0,0,0.554
5032,DISABLED,30,0,0,0,0,0,0.609
5033,DISABLED,30,0,0,0,0,0,0.701
5034,DISABLED,30,0,0,0,0,0,0.703
5035,DISABLED,30,0,0,0,0,0,0.701
5036,DISABLED,30,0,0,0,0,0,0.709
5037,DISABLED,30,0,0,0,0,0,0.585
5038,DISABLED,30,0,0,0,0,0,0.701
5039,DISABLED,30,0,0,0,0,0,0.685
5040,DISABLED,30,0,0,0,0,0,0.711
5041,DISABLED,30,0,0,0,0,0,0.648
5042,DISABLED,30,0,0,0,0,0,0.640
5043,DISABLED,30,0,0,0,0,0,0.546
5044,DISABLED,30,0,0,0,0,0,0.677
5045,DISABLED,30,0,0,0,0,0,0.693
5046,DISABLED,30,0,0,0,0,0,0.556
5047,DISABLED,30,0,0,0,0,0,0.597
5048,DISABLED,30,0,0,0,0,0,0.569
5049,DISABLED,30,0,0,0,0,0,0.693
5050,DISABLED,30,0,0,0,0,0,0.693
5051,DISABLED,30,0,0,0,0,0,0.717
5052,DISABLED,30,0,0,0,0,0,0.601
5053,DISABLED,30,0,0,0,0,0,0.701
5054,DISABLED,30,0,0,0,0,0,0.693
5055,DISABLED,30,0,0,0,0,0,0.693
5056,DISABLED,30,0,0,0,0,0,0.632
5057,DISABLED,30,0,0,0,0,0,0.632
5058,DISABLED,30,0,0,0,0,0,0.554
5059,DISABLED,30,0,0,0,0,0,0.693
5060,DISABLED,30,0,0,0,0,0,0.719
5061,DISABLED,30,0,0,0,0,0,0.562
5062,DISABLED,30,0,0,0,0,0,0.616
5063,DISABLED,30,0,0,0,0,0,0.569
5064,DISABLED,30,0,0,0,0,0,0.701
5065,DISABLED,30,0,0,0,0,0,0.693
5066,DISABLED,30,0,0,0,0,0,0.701
5067,DISABLED,30,0,0,0,0,0,0.593
5068,DISABLED,30,0,0,0,0,0,0.693
5069,DISABLED,30,0,0,0,0,0,0.577
5070,DISABLED,30,0,0,0,0,0,0.554
5071,DISABLED,30,0,0,0,0,0,0.624
5072,DISABLED,30,0,0,0,0,0,0.609
5073,DISABLED,30,0,0,0,0,0,0.569
5074,DISABLED,30,0,0,0,0,0,0.696
5075,DISABLED,30,0,0,0,0,0,0.706
5076,DISABLED,30,0,0,0,0,0,0.569
5077,DISABLED,30,0,0,0,0,0,0.849
5078,DISABLED,30,0,0,0,0,0,0.810
5079,DISABLED,30,0,0,0,0,0,0.803
5080,DISABLED,30,0,0,0,0,0,0.787
5081,DISABLED,30,0,0,0,0,0,0.821
5082,DISABLED,30,0,0,0,0,0,0.803
5083,DISABLED,30,0,0,0,0,0,0.763
5084,DISABLED,30,0,0,0,0,0,0.803
5085,DISABLED,30,0,0,0,0,0,0.787
5086,DISABLED,30,0,0,0,0,0,0.794
5087,DISABLED,30,0,0,0,0,0,0.814
5088,DISABLED,30,0,0,0,0,0,0.795
5089,DISABLED,30,0,0,0,0,0,0.778
5090,DISABLED,30,0,0,0,0,0,0.741
5091,DISABLED,30,0,0,0,0,0,0.795
5092,DISABLED,30,0,0,0,0,0,0.810
5093,DISABLED,30,0,0,0,0,0,1.217
5094,DISABLED,30,0,0,0,0,0,0.763
5095,DISABLED,30,0,0,0,0,0,0.795
5096,DISABLED,30,0,0,0,0,0,0.779
5097,DISABLED,30,0,0,0,0,0,0.810
5098,DISABLED,30,0,0,0,0,0,0.818
5099,DISABLED,30,0,0,0,0,0,0.795
5100,DISABLED,30,0,0,0,0,0,0.756
5101,DISABLED,30,0,0,0,0,0,0.624
5102,DISABLED,30,0,0,0,0,0,0.787
5103,DISABLED,30,0,0,0,0,0,0.756
5104,DISABLED,30,0,0,0,0,0,0.782
5105,DISABLED,30,0,0,0,0,0,0.795
5106,DISABLED,30,0,0,0,0,0,0.778
5107,DISABLED,30,0,0,0,0,0,0.803
5108,DISABLED,30,0,0,0,0,0,0.763
5109,DISABLED,30,0,0,0,0,0,0.832
5110,DISABLED,30,0,0,0,0,0,0.787
5111,DISABLED,30,0,0,0,0,0,0.787
5112,DISABLED,30,0,0,0,0,0,0.834
5113,DISABLED,30,0,0,0,0,0,0.763
5114,DISABLED,30,0,0,0,0,0,0.756
5115,DISABLED,30,0,0,0,0,0,0.779
5116,DISABLED,30,0,0,0,0,0,0.779
5117,DISABLED,30,0,0,0,0,0,0.795
5118,DISABLED,30,0,0,0,0,0,0.779
5119,DISABLED,30,0,0,0,0,0,0.794
5120,DISABLED,30,0,0,0,0,0,0.771
5121,DISABLED,30,0,0,0,0,0,0.789
5122,DISABLED,30,0,0,0,0,0,0.866
5123,DISABLED,30,0,0,0,0,0,0.795
5124,DISABLED,30,0,0,0,0,0,0.763
5125,DISABLED,30,0,0,0,0,0,0.787
5126,DISABLED,30,0,0,0,0,0,0.803
5127,DISABLED,30,0,0,0,0,0,0.810
5128,DISABLED,30,0,0,0,0,0,0.771
5129,DISABLED,30,0,0,0,0,0,0.803
5130,DISABLED,30,0,0,0,0,0,0.779
5131,DISABLED,30,0,0,0,0,0,0.763
5132,DISABLED,30,0,0,0,0,0,0.810
5133,DISABLED,30,0,0,0,0,0,0.779
5134,DISABLED,30,0,0,0,0,0,0.826
5135,DISABLED,30,0,0,0,0,0,0.756
5136,DISABLED,30,0,0,0,0,0,0.593
5137,DISABLED,30,0,0,0,0,0,0.779
5138,DISABLED,30,0,0,0,0,0,0.748
5139,DISABLED,30,0,0,0,0,0,0.701
5140,DISABLED,30,0,0,0,0,0,0.685
5141,DISABLED,30,0,0,0,0,0,0.677
5142,DISABLED,30,0,0,0,0,0,1.291
5143,DISABLED,30,0,0,0,0,0,1.038
5144,DISABLED,30,0,0,0,0,0,0.982
5145,DISABLED,30,0,0,0,0,0,0.639
5146,DISABLED,30,0,0,0,0,0,1.053
5147,DISABLED,30,0,0,0,0,0,0.749
5148,DISABLED,30,0,0,0,0,0,0.609
5149,DISABLED,30,0,0,0,0,0,0.640
5150,DISABLED,30,0,0,0,0,0,0.632
5151,DISABLED,30,0,0,0,0,0,0.726
5152,DISABLED,30,0,0,0,0,0,0.679
5153,DISABLED,30,0,0,0,0,0,1.007
5154,DISABLED,30,0,0,0,0,0,0.973
5155,DISABLED,30,0,0,0,0,0,1.016
5156,DISABLED,30,0,0,0,0,0,0.624
5157,DISABLED,30,0,0,0,0,0,1.015
5158,DISABLED,30,0,0,0,0,0,0.601
5159,DISABLED,30,0,0,0,0,0,0.624
5160,DISABLED,30,0,0,0,0,0,0.630
5161,DISABLED,30,0,0,0,0,0,1.768
5162,DISABLED,30,0,0,0,0,0,0.601
5163,DISABLED,30,0,0,0,0,0,0.702
5164,DISABLED,30,0,0,0,0,0,0.648
5165,DISABLED,30,0,0,0,0,0,0.627
5166,DISABLED,30,0,0,0,0,0,0.998
5167,DISABLED,30,0,0,0,0,0,0.648
5168,DISABLED,30,0,0,0,0,0,1.063
5169,DISABLED,30,0,0,0,0,0,0.655
5170,DISABLED,30,0,0,0,0,0,0.640
5171,DISABLED,30,0,0,0,0,0,0.655
5172,DISABLED,30,0,0,0,0,0,0.718
5173,DISABLED,30,0,0,0,0,0,0.679
5174,DISABLED,30,0,0,0,0,0,1.035
5175,DISABLED,30,0,0,0,0,0,0.624
5176,DISABLED,30,0,0,0,0,0,0.655
5177,DISABLED,30,0,0,0,0,0,0.663
5178,DISABLED,30,0,0,0,0,0,0.640
5179,DISABLED,30,0,0,0,0,0,0.603
5180,DISABLED,30,0,0,0,0,0,0.647
5181,DISABLED,30,0,0,0,0,0,0.601
5182,DISABLED,30,0,0,0,0,0,0.671
5183,DISABLED,30,0,0,0,0,0,0.616
5184,DISABLED,30,0,0,0,0,0,0.630
