block_num,last_mode,tx_count,warm_hits,sched_us,g0,g1,g2,alloc_mb
1,DISABLED,1,0,0,0,0,0,34.526
2,DISABLED,1,0,0,0,0,0,17.894
3,DISABLED,1,0,0,0,0,0,0.531
4,DISABLED,1,0,0,0,0,0,8.661
5,DISABLED,1,0,0,0,0,0,8.963
6,DISABLED,1,0,0,0,0,0,0.557
7,DISABLED,1,0,0,0,0,0,0.310
8,DISABLED,1,0,0,0,0,0,0.987
9,DISABLED,1,0,0,0,0,0,0.343
10,DISABLED,1,0,0,0,0,0,0.222
11,DISABLED,1,0,0,0,0,0,0.216
12,DISABLED,1,0,0,0,0,0,0.252
13,DISABLED,1,0,0,0,0,0,0.209
14,DISABLED,1,0,0,0,0,0,0.225
15,DISABLED,1,0,0,0,0,0,0.210
16,DISABLED,1,0,0,0,0,0,0.230
17,DISABLED,1,0,0,0,0,0,0.270
18,DISABLED,1,0,0,0,0,0,0.351
19,DISABLED,1,0,0,0,0,0,0.231
20,DISABLED,1,0,0,0,0,0,0.261
21,DISABLED,1,0,0,0,0,0,0.573
22,DISABLED,1,0,0,0,0,0,0.708
23,DISABLED,1,0,0,0,0,0,0.941
24,DISABLED,1,0,0,0,0,0,0.714
25,DISABLED,1,0,0,0,0,0,0.800
26,DISABLED,1,0,0,0,0,0,0.551
27,DISABLED,1,0,0,0,0,0,0.109
28,DISABLED,1,0,0,0,0,0,0.070
29,DISABLED,1,0,0,0,0,0,0.125
30,DISABLED,1,0,0,0,0,0,0.062
31,DISABLED,1,0,0,0,0,0,0.070
32,DISABLED,1,0,0,0,0,0,0.085
33,DISABLED,1,0,0,0,0,0,0.062
34,DISABLED,1,0,0,0,0,0,0.055
35,DISABLED,1,0,0,0,0,0,0.054
36,DISABLED,1,0,0,0,0,0,0.149
37,DISABLED,1,0,0,0,0,0,0.430
38,DISABLED,1,0,0,0,0,0,0.070
39,DISABLED,1,0,0,0,0,0,0.062
40,DISABLED,1,0,0,0,0,0,0.062
41,DISABLED,1,0,0,0,0,0,0.070
42,DISABLED,1,0,0,0,0,0,0.086
43,DISABLED,1,0,0,0,0,0,0.070
44,DISABLED,1,0,0,0,0,0,0.062
45,DISABLED,1,0,0,0,0,0,0.054
46,DISABLED,1,0,0,0,0,0,0.109
47,DISABLED,1,0,0,0,0,0,0.171
48,DISABLED,1,0,0,0,0,0,0.062
49,DISABLED,1,0,0,0,0,0,0.063
50,DISABLED,1,0,0,0,0,0,0.054
51,DISABLED,1,0,0,0,0,0,0.070
52,DISABLED,1,0,0,0,0,0,0.086
53,DISABLED,1,0,0,0,0,0,0.063
54,DISABLED,1,0,0,0,0,0,0.092
55,DISABLED,1,0,0,0,0,0,0.063
56,DISABLED,1,0,0,0,0,0,0.070
57,DISABLED,1,0,0,0,0,0,0.094
58,DISABLED,1,0,0,0,0,0,0.062
59,DISABLED,1,0,0,0,0,0,0.062
60,DISABLED,1,0,0,0,0,0,0.063
61,DISABLED,1,0,0,0,0,0,0.054
62,DISABLED,1,0,0,0,0,0,0.125
63,DISABLED,1,0,0,0,0,0,0.054
64,DISABLED,1,0,0,0,0,0,0.063
65,DISABLED,1,0,0,0,0,0,0.078
66,DISABLED,1,0,0,0,0,0,0.055
67,DISABLED,1,0,0,0,0,0,0.121
68,DISABLED,1,0,0,0,0,0,0.163
69,DISABLED,1,0,0,0,0,0,0.070
70,DISABLED,1,0,0,0,0,0,0.089
71,DISABLED,1,0,0,0,0,0,0.062
72,DISABLED,1,0,0,0,0,0,0.086
73,DISABLED,1,0,0,0,0,0,0.066
74,DISABLED,1,0,0,0,0,0,0.078
75,DISABLED,1,0,0,0,0,0,0.078
76,DISABLED,1,0,0,0,0,0,0.070
77,DISABLED,1,0,0,0,0,0,0.085
78,DISABLED,1,0,0,0,0,0,0.062
79,DISABLED,1,0,0,0,0,0,0.063
80,DISABLED,1,0,0,0,0,0,0.078
81,DISABLED,1,0,0,0,0,0,0.063
82,DISABLED,1,0,0,0,0,0,0.086
83,DISABLED,1,0,0,0,0,0,0.133
84,DISABLED,1,0,0,0,0,0,0.070
85,DISABLED,1,0,0,0,0,0,0.063
86,DISABLED,1,0,0,0,0,0,0.062
87,DISABLED,1,0,0,0,0,0,0.109
88,DISABLED,1,0,0,0,0,0,0.054
89,DISABLED,1,0,0,0,0,0,0.195
90,DISABLED,1,0,0,0,0,0,0.070
91,DISABLED,1,0,0,0,0,0,0.086
92,DISABLED,1,0,0,0,0,0,0.086
93,DISABLED,1,0,0,0,0,0,0.062
94,DISABLED,1,0,0,0,0,0,0.078
95,DISABLED,1,0,0,0,0,0,0.055
96,DISABLED,1,0,0,0,0,0,0.070
97,DISABLED,1,0,0,0,0,0,0.102
98,DISABLED,1,0,0,0,0,0,0.062
99,DISABLED,1,0,0,0,0,0,0.062
100,DISABLED,1,0,0,0,0,0,0.062
101,DISABLED,1,0,0,0,0,0,0.070
102,DISABLED,1,0,0,0,0,0,0.000
103,DISABLED,1,0,0,0,0,0,0.013
104,DISABLED,1,0,0,0,0,0,0.062
105,DISABLED,1,0,0,0,0,0,0.070
106,DISABLED,1,0,0,0,0,0,0.054
107,DISABLED,1,0,0,0,0,0,0.086
108,DISABLED,1,0,0,0,0,0,0.063
109,DISABLED,1,0,0,0,0,0,0.062
110,DISABLED,1,0,0,0,0,0,0.171
111,DISABLED,1,0,0,0,0,0,0.117
112,DISABLED,1,0,0,0,0,0,0.093
113,DISABLED,1,0,0,0,0,0,0.054
114,DISABLED,1,0,0,0,0,0,0.062
115,DISABLED,1,0,0,0,0,0,0.078
116,DISABLED,1,0,0,0,0,0,0.054
117,DISABLED,1,0,0,0,0,0,0.117
118,DISABLED,1,0,0,0,0,0,0.070
119,DISABLED,1,0,0,0,0,0,0.000
120,DISABLED,1,0,0,0,0,0,0.069
121,DISABLED,1,0,0,0,0,0,0.055
122,DISABLED,1,0,0,0,0,0,0.094
123,DISABLED,1,0,0,0,0,0,0.070
124,DISABLED,1,0,0,0,0,0,0.063
125,DISABLED,1,0,0,0,0,0,0.070
126,DISABLED,1,0,0,0,0,0,0.055
127,DISABLED,1,0,0,0,0,0,0.086
128,DISABLED,1,0,0,0,0,0,0.077
129,DISABLED,1,0,0,0,0,0,0.055
130,DISABLED,1,0,0,0,0,0,0.070
131,DISABLED,1,0,0,0,0,0,0.117
132,DISABLED,1,0,0,0,0,0,0.164
133,DISABLED,1,0,0,0,0,0,0.070
134,DISABLED,1,0,0,0,0,0,0.062
135,DISABLED,1,0,0,0,0,0,0.069
136,DISABLED,1,0,0,0,0,0,0.054
137,DISABLED,1,0,0,0,0,0,0.094
138,DISABLED,1,0,0,0,0,0,0.063
139,DISABLED,1,0,0,0,0,0,0.062
140,DISABLED,1,0,0,0,0,0,0.062
141,DISABLED,1,0,0,0,0,0,0.063
142,DISABLED,1,0,0,0,0,0,0.093
143,DISABLED,1,0,0,0,0,0,0.062
144,DISABLED,1,0,0,0,0,0,0.094
145,DISABLED,1,0,0,0,0,0,0.086
146,DISABLED,1,0,0,0,0,0,0.055
147,DISABLED,1,0,0,0,0,0,0.093
148,DISABLED,1,0,0,0,0,0,0.070
149,DISABLED,1,0,0,0,0,0,0.062
150,DISABLED,1,0,0,0,0,0,0.078
151,DISABLED,1,0,0,0,0,0,0.070
152,DISABLED,1,0,0,0,0,0,0.125
153,DISABLED,1,0,0,0,0,0,0.171
154,DISABLED,1,0,0,0,0,0,0.062
155,DISABLED,1,0,0,0,0,0,0.062
156,DISABLED,1,0,0,0,0,0,0.062
157,DISABLED,1,0,0,0,0,0,0.093
158,DISABLED,1,0,0,0,0,0,0.070
159,DISABLED,1,0,0,0,0,0,0.063
160,DISABLED,1,0,0,0,0,0,0.062
161,DISABLED,1,0,0,0,0,0,0.062
162,DISABLED,1,0,0,0,0,0,0.094
163,DISABLED,1,0,0,0,0,0,0.062
164,DISABLED,1,0,0,0,0,0,0.063
165,DISABLED,1,0,0,0,0,0,0.078
166,DISABLED,1,0,0,0,0,0,0.062
167,DISABLED,1,0,0,0,0,0,0.094
168,DISABLED,1,0,0,0,0,0,0.063
169,DISABLED,1,0,0,0,0,0,0.062
170,DISABLED,1,0,0,0,0,0,0.062
171,DISABLED,1,0,0,0,0,0,0.078
172,DISABLED,1,0,0,0,0,0,0.093
173,DISABLED,1,0,0,0,0,0,0.074
174,DISABLED,1,0,0,0,0,0,0.171
175,DISABLED,1,0,0,0,0,0,0.070
176,DISABLED,1,0,0,0,0,0,0.070
177,DISABLED,1,0,0,0,0,0,0.086
178,DISABLED,1,0,0,0,0,0,0.062
179,DISABLED,1,0,0,0,0,0,0.078
180,DISABLED,1,0,0,0,0,0,0.060
181,DISABLED,1,0,0,0,0,0,0.066
182,DISABLED,1,0,0,0,0,0,0.094
183,DISABLED,1,0,0,0,0,0,0.062
184,DISABLED,1,0,0,0,0,0,0.101
185,DISABLED,1,0,0,0,0,0,0.062
186,DISABLED,1,0,0,0,0,0,0.062
187,DISABLED,1,0,0,0,0,0,0.093
188,DISABLED,1,0,0,0,0,0,0.109
189,DISABLED,1,0,0,0,0,0,0.063
190,DISABLED,1,0,0,0,0,0,0.070
191,DISABLED,1,0,0,0,0,0,0.054
192,DISABLED,1,0,0,0,0,0,0.098
193,DISABLED,1,0,0,0,0,0,0.063
194,DISABLED,1,0,0,0,0,0,0.070
195,DISABLED,1,0,0,0,0,0,0.171
196,DISABLED,1,0,0,0,0,0,0.101
197,DISABLED,1,0,0,0,0,0,0.094
198,DISABLED,1,0,0,0,0,0,0.070
199,DISABLED,1,0,0,0,0,0,0.062
200,DISABLED,1,0,0,0,0,0,0.070
201,DISABLED,1,0,0,0,0,0,0.062
202,DISABLED,1,0,0,0,0,0,0.086
203,DISABLED,1,0,0,0,0,0,0.063
204,DISABLED,1,0,0,0,0,0,0.070
205,DISABLED,1,0,0,0,0,0,0.070
206,DISABLED,1,0,0,0,0,0,0.062
207,DISABLED,1,0,0,0,0,0,0.086
208,DISABLED,1,0,0,0,0,0,0.070
209,DISABLED,1,0,0,0,0,0,0.055
210,DISABLED,1,0,0,0,0,0,0.078
211,DISABLED,1,0,0,0,0,0,0.070
212,DISABLED,1,0,0,0,0,0,0.093
213,DISABLED,1,0,0,0,0,0,0.070
214,DISABLED,1,0,0,0,0,0,0.063
215,DISABLED,1,0,0,0,0,0,0.070
216,DISABLED,1,0,0,0,0,0,0.133
217,DISABLED,1,0,0,0,0,0,0.202
218,DISABLED,1,0,0,0,0,0,0.063
219,DISABLED,1,0,0,0,0,0,0.062
220,DISABLED,1,0,0,0,0,0,0.070
221,DISABLED,1,0,0,0,0,0,0.063
222,DISABLED,1,0,0,0,0,0,0.093
223,DISABLED,1,0,0,0,0,0,0.062
224,DISABLED,1,0,0,0,0,0,0.078
225,DISABLED,1,0,0,0,0,0,0.070
226,DISABLED,1,0,0,0,0,0,0.062
227,DISABLED,1,0,0,0,0,0,0.086
228,DISABLED,1,0,0,0,0,0,0.070
229,DISABLED,1,0,0,0,0,0,0.086
230,DISABLED,1,0,0,0,0,0,0.063
231,DISABLED,1,0,0,0,0,0,0.078
232,DISABLED,1,0,0,0,0,0,0.093
233,DISABLED,1,0,0,0,0,0,0.054
234,DISABLED,1,0,0,0,0,0,0.062
235,DISABLED,1,0,0,0,0,0,0.077
236,DISABLED,1,0,0,0,0,0,0.047
237,DISABLED,1,0,0,0,0,0,0.141
238,DISABLED,1,0,0,0,0,0,0.155
239,DISABLED,1,0,0,0,0,0,0.070
240,DISABLED,1,0,0,0,0,0,0.062
241,DISABLED,1,0,0,0,0,0,0.063
242,DISABLED,1,0,0,0,0,0,0.086
243,DISABLED,1,0,0,0,0,0,0.070
244,DISABLED,1,0,0,0,0,0,0.062
245,DISABLED,1,0,0,0,0,0,0.062
246,DISABLED,1,0,0,0,0,0,0.078
247,DISABLED,1,0,0,0,0,0,0.093
248,DISABLED,1,0,0,0,0,0,0.070
249,DISABLED,1,0,0,0,0,0,0.117
250,DISABLED,1,0,0,0,0,0,0.054
251,DISABLED,1,0,0,0,0,0,0.070
252,DISABLED,1,0,0,0,0,0,0.086
253,DISABLED,1,0,0,0,0,0,0.078
254,DISABLED,1,0,0,0,0,0,0.101
255,DISABLED,1,0,0,0,0,0,0.070
256,DISABLED,1,0,0,0,0,0,0.109
257,DISABLED,1,0,0,0,0,0,0.125
258,DISABLED,1,0,0,0,0,0,0.094
259,DISABLED,1,0,0,0,0,0,0.171
260,DISABLED,1,0,0,0,0,0,0.078
261,DISABLED,1,0,0,0,0,0,0.062
262,DISABLED,1,0,0,0,0,0,0.101
263,DISABLED,1,0,0,0,0,0,0.054
264,DISABLED,1,0,0,0,0,0,0.062
265,DISABLED,1,0,0,0,0,0,0.078
266,DISABLED,1,0,0,0,0,0,0.062
267,DISABLED,1,0,0,0,0,0,0.101
268,DISABLED,1,0,0,0,0,0,0.070
269,DISABLED,1,0,0,0,0,0,0.062
270,DISABLED,1,0,0,0,0,0,0.063
271,DISABLED,1,0,0,0,0,0,0.062
272,DISABLED,1,0,0,0,0,0,0.109
273,DISABLED,1,0,0,0,0,0,0.055
274,DISABLED,1,0,0,0,0,0,0.070
275,DISABLED,1,0,0,0,0,0,0.063
276,DISABLED,1,0,0,0,0,0,0.054
277,DISABLED,1,0,0,0,0,0,0.101
278,DISABLED,1,0,0,0,0,0,0.066
279,DISABLED,1,0,0,0,0,0,0.074
280,DISABLED,1,0,0,0,0,0,0.167
281,DISABLED,1,0,0,0,0,0,0.109
282,DISABLED,1,0,0,0,0,0,0.094
283,DISABLED,1,0,0,0,0,0,0.078
284,DISABLED,1,0,0,0,0,0,0.062
285,DISABLED,1,0,0,0,0,0,0.062
286,DISABLED,1,0,0,0,0,0,0.070
287,DISABLED,1,0,0,0,0,0,0.093
288,DISABLED,1,0,0,0,0,0,0.062
289,DISABLED,1,0,0,0,0,0,0.062
290,DISABLED,1,0,0,0,0,0,0.063
291,DISABLED,1,0,0,0,0,0,0.078
292,DISABLED,1,0,0,0,0,0,0.085
293,DISABLED,1,0,0,0,0,0,0.063
294,DISABLED,1,0,0,0,0,0,0.070
295,DISABLED,1,0,0,0,0,0,0.062
296,DISABLED,1,0,0,0,0,0,0.063
297,DISABLED,1,0,0,0,0,0,0.094
298,DISABLED,1,0,0,0,0,0,0.125
299,DISABLED,1,0,0,0,0,0,0.062
300,DISABLED,1,0,0,0,0,0,0.070
301,DISABLED,1,0,0,0,0,0,0.419
302,DISABLED,1,0,0,0,0,0,1.403
303,DISABLED,1,0,0,0,0,0,0.780
304,DISABLED,1,0,0,0,0,0,0.654
305,DISABLED,1,0,0,0,0,0,0.647
306,DISABLED,1,0,0,0,0,0,1.117
307,DISABLED,1,0,0,0,0,0,1.156
308,DISABLED,1,0,0,0,0,0,0.687
309,DISABLED,1,0,0,0,0,0,0.772
310,DISABLED,1,0,0,0,0,0,1.137
311,DISABLED,1,0,0,0,0,0,0.710
312,DISABLED,1,0,0,0,0,0,1.181
313,DISABLED,1,0,0,0,0,0,1.267
314,DISABLED,1,0,0,0,0,0,1.106
315,DISABLED,1,0,0,0,0,0,0.769
316,DISABLED,1,0,0,0,0,0,0.766
317,DISABLED,1,0,0,0,0,0,1.166
318,DISABLED,1,0,0,0,0,0,0.869
319,DISABLED,1,0,0,0,0,0,0.893
320,DISABLED,1,0,0,0,0,0,0.881
321,DISABLED,1,0,0,0,0,0,0.927
322,DISABLED,1,0,0,0,0,0,0.896
323,DISABLED,1,0,0,0,0,0,1.223
324,DISABLED,1,0,0,0,0,0,0.904
325,DISABLED,1,0,0,0,0,0,0.970
326,DISABLED,1,0,0,0,0,0,0.974
327,DISABLED,1,0,0,0,0,0,0.958
328,DISABLED,1,0,0,0,0,0,0.942
329,DISABLED,1,0,0,0,0,0,0.926
330,DISABLED,1,0,0,0,0,0,0.966
331,DISABLED,1,0,0,0,0,0,0.982
332,DISABLED,1,0,0,0,0,0,1.021
333,DISABLED,1,0,0,0,0,0,1.438
334,DISABLED,1,0,0,0,0,0,0.988
335,DISABLED,1,0,0,0,0,0,1.434
336,DISABLED,1,0,0,0,0,0,1.106
337,DISABLED,1,0,0,0,0,0,1.099
338,DISABLED,1,0,0,0,0,0,1.143
339,DISABLED,1,0,0,0,0,0,1.044
340,DISABLED,1,0,0,0,0,0,1.200
341,DISABLED,1,0,0,0,0,0,1.013
342,DISABLED,1,0,0,0,0,0,1.220
343,DISABLED,1,0,0,0,0,0,1.156
344,DISABLED,1,0,0,0,0,0,1.130
345,DISABLED,1,0,0,0,0,0,1.476
346,DISABLED,1,0,0,0,0,0,1.176
347,DISABLED,1,0,0,0,0,0,1.508
348,DISABLED,1,0,0,0,0,0,1.190
349,DISABLED,1,0,0,0,0,0,1.169
350,DISABLED,1,0,0,0,0,0,1.184
351,DISABLED,1,0,0,0,0,0,1.235
352,DISABLED,1,0,0,0,0,0,1.208
353,DISABLED,1,0,0,0,0,0,1.245
354,DISABLED,1,0,0,0,0,0,1.278
355,DISABLED,1,0,0,0,0,0,1.294
356,DISABLED,1,0,0,0,0,0,1.270
357,DISABLED,1,0,0,0,0,0,1.324
358,DISABLED,1,0,0,0,0,0,1.324
359,DISABLED,1,0,0,0,0,0,1.332
360,DISABLED,1,0,0,0,0,0,1.332
361,DISABLED,1,0,0,0,0,0,1.354
362,DISABLED,1,0,0,0,0,0,1.364
363,DISABLED,1,0,0,0,0,0,1.464
364,DISABLED,1,0,0,0,0,0,1.387
365,DISABLED,1,0,0,0,0,0,1.496
366,DISABLED,1,0,0,0,0,0,1.455
367,DISABLED,1,0,0,0,0,0,1.394
368,DISABLED,1,0,0,0,0,0,1.465
369,DISABLED,1,0,0,0,0,0,1.393
370,DISABLED,1,0,0,0,0,0,1.359
371,DISABLED,1,0,0,0,0,0,1.527
372,DISABLED,1,0,0,0,0,0,1.546
373,DISABLED,1,0,0,0,0,0,1.539
374,DISABLED,1,0,0,0,0,0,1.534
375,DISABLED,1,0,0,0,0,0,1.552
376,DISABLED,1,0,0,0,0,0,1.481
377,DISABLED,1,0,0,0,0,0,1.613
378,DISABLED,1,0,0,0,0,0,1.612
379,DISABLED,1,0,0,0,0,0,1.591
380,DISABLED,1,0,0,0,0,0,1.592
381,DISABLED,1,0,0,0,0,0,1.569
382,DISABLED,1,0,0,0,0,0,1.613
383,DISABLED,1,0,0,0,0,0,1.600
384,DISABLED,1,0,0,0,0,0,1.643
385,DISABLED,1,0,0,0,0,0,1.633
386,DISABLED,1,0,0,0,0,0,2.134
387,DISABLED,1,0,0,0,0,0,1.683
388,DISABLED,1,0,0,0,0,0,1.643
389,DISABLED,1,0,0,0,0,0,1.698
390,DISABLED,1,0,0,0,0,0,1.730
391,DISABLED,1,0,0,0,0,0,1.689
392,DISABLED,1,0,0,0,0,0,1.826
393,DISABLED,1,0,0,0,0,0,1.799
394,DISABLED,1,0,0,0,0,0,1.689
395,DISABLED,1,0,0,0,0,0,1.884
396,DISABLED,1,0,0,0,0,0,1.798
397,DISABLED,1,0,0,0,0,0,1.901
398,DISABLED,1,0,0,0,0,0,1.917
399,DISABLED,1,0,0,0,0,0,1.898
400,DISABLED,1,0,0,0,0,0,1.747
401,DISABLED,1,0,0,0,0,0,1.868
402,DISABLED,1,0,0,0,0,0,1.932
403,DISABLED,1,0,0,0,0,0,1.852
404,DISABLED,1,0,0,0,0,0,1.889
405,DISABLED,1,0,0,0,0,0,1.922
406,DISABLED,1,0,0,0,0,0,1.865
407,DISABLED,1,0,0,0,0,0,1.939
408,DISABLED,1,0,0,0,0,0,1.978
409,DISABLED,1,0,0,0,0,0,2.376
410,DISABLED,1,0,0,0,0,0,1.908
411,DISABLED,1,0,0,0,0,0,1.931
412,DISABLED,1,0,0,0,0,0,1.962
413,DISABLED,1,0,0,0,0,0,1.963
414,DISABLED,1,0,0,0,0,0,2.017
415,DISABLED,1,0,0,0,0,0,2.066
416,DISABLED,1,0,0,0,0,0,1.993
417,DISABLED,1,0,0,0,0,0,2.119
418,DISABLED,1,0,0,0,0,0,1.963
419,DISABLED,1,0,0,0,0,0,2.047
420,DISABLED,1,0,0,0,0,0,2.082
421,DISABLED,1,0,0,0,0,0,2.033
422,DISABLED,1,0,0,0,0,0,2.126
423,DISABLED,1,0,0,0,0,0,2.076
424,DISABLED,1,0,0,0,0,0,2.051
425,DISABLED,1,0,0,0,0,0,2.149
426,DISABLED,1,0,0,0,0,0,2.142
427,DISABLED,1,0,0,0,0,0,2.185
428,DISABLED,1,0,0,0,0,0,2.488
429,DISABLED,1,0,0,0,0,0,3.106
430,DISABLED,1,0,0,0,0,0,2.671
431,DISABLED,1,0,0,0,0,0,2.679
432,DISABLED,1,0,0,0,0,0,2.274
433,DISABLED,1,0,0,0,0,0,2.197
434,DISABLED,1,0,0,0,0,0,2.290
435,DISABLED,1,0,0,0,0,0,2.332
436,DISABLED,1,0,0,0,0,0,2.574
437,DISABLED,1,0,0,0,0,0,2.395
438,DISABLED,1,0,0,0,0,0,2.311
439,DISABLED,1,0,0,0,0,0,2.859
440,DISABLED,1,0,0,0,0,0,2.372
441,DISABLED,1,0,0,0,0,0,2.755
442,DISABLED,1,0,0,0,0,0,2.780
443,DISABLED,1,0,0,0,0,0,2.697
444,DISABLED,1,0,0,0,0,0,2.351
445,DISABLED,1,0,0,0,0,0,2.682
446,DISABLED,1,0,0,0,0,0,2.431
447,DISABLED,1,0,0,0,0,0,2.400
448,DISABLED,1,0,0,0,0,0,2.278
449,DISABLED,1,0,0,0,0,0,2.777
450,DISABLED,1,0,0,0,0,0,2.429
451,DISABLED,1,0,0,0,0,0,2.406
452,DISABLED,1,0,0,0,0,0,2.437
453,DISABLED,1,0,0,0,0,0,2.510
454,DISABLED,1,0,0,0,0,0,2.392
455,DISABLED,1,0,0,0,0,0,2.896
456,DISABLED,1,0,0,0,0,0,2.376
457,DISABLED,1,0,0,0,0,0,2.588
458,DISABLED,1,0,0,0,0,0,2.555
459,DISABLED,1,0,0,0,0,0,2.672
460,DISABLED,1,0,0,0,0,0,2.477
461,DISABLED,1,0,0,0,0,0,2.567
462,DISABLED,1,0,0,0,0,0,2.570
463,DISABLED,1,0,0,0,0,0,2.628
464,DISABLED,1,0,0,0,0,0,2.601
465,DISABLED,1,0,0,0,0,0,2.546
466,DISABLED,1,0,0,0,0,0,2.553
467,DISABLED,1,0,0,0,0,0,2.619
468,DISABLED,1,0,0,0,0,0,2.643
469,DISABLED,1,0,0,0,0,0,2.577
470,DISABLED,1,0,0,0,0,0,2.498
471,DISABLED,1,0,0,0,0,0,3.014
472,DISABLED,1,0,0,0,0,0,2.826
473,DISABLED,1,0,0,0,0,0,2.733
474,DISABLED,1,0,0,0,0,0,2.780
475,DISABLED,1,0,0,0,0,0,2.639
476,DISABLED,1,0,0,0,0,0,2.811
477,DISABLED,1,0,0,0,0,0,2.670
478,DISABLED,1,0,0,0,0,0,2.741
479,DISABLED,1,0,0,0,0,0,2.803
480,DISABLED,1,0,0,0,0,0,2.787
481,DISABLED,1,0,0,0,0,0,2.889
482,DISABLED,1,0,0,0,0,0,2.860
483,DISABLED,1,0,0,0,0,0,3.450
484,DISABLED,1,0,0,0,0,0,2.842
485,DISABLED,1,0,0,0,0,0,2.696
486,DISABLED,1,0,0,0,0,0,2.733
487,DISABLED,1,0,0,0,0,0,2.755
488,DISABLED,1,0,0,0,0,0,2.896
489,DISABLED,1,0,0,0,0,0,2.795
490,DISABLED,1,0,0,0,0,0,2.771
491,DISABLED,1,0,0,0,0,0,2.792
492,DISABLED,1,0,0,0,0,0,2.871
493,DISABLED,1,0,0,0,0,0,2.875
494,DISABLED,1,0,0,0,0,0,2.794
495,DISABLED,1,0,0,0,0,0,2.920
496,DISABLED,1,0,0,0,0,0,2.793
497,DISABLED,1,0,0,0,0,0,2.807
498,DISABLED,1,0,0,0,0,0,2.926
499,DISABLED,1,0,0,0,0,0,3.030
500,DISABLED,1,0,0,0,0,0,2.986
501,DISABLED,1,0,0,0,0,0,2.949
502,DISABLED,1,0,0,0,0,0,2.851
503,DISABLED,1,0,0,0,0,0,2.997
504,DISABLED,1,0,0,0,0,0,2.869
505,DISABLED,1,0,0,0,0,0,3.401
506,DISABLED,1,0,0,0,0,0,2.798
507,DISABLED,1,0,0,0,0,0,3.036
508,DISABLED,1,0,0,0,0,0,2.922
509,DISABLED,1,0,0,0,0,0,2.922
510,DISABLED,1,0,0,0,0,0,3.151
511,DISABLED,1,0,0,0,0,0,2.931
512,DISABLED,1,0,0,0,0,0,2.974
513,DISABLED,1,0,0,0,0,0,3.363
514,DISABLED,1,0,0,0,0,0,3.106
515,DISABLED,1,0,0,2,1,1,2.972
516,DISABLED,1,0,0,0,0,0,3.087
517,DISABLED,1,0,0,0,0,0,3.137
518,DISABLED,1,0,0,0,0,0,3.008
519,DISABLED,1,0,0,0,0,0,3.092
520,DISABLED,1,0,0,0,0,0,3.236
521,DISABLED,1,0,0,0,0,0,3.061
522,DISABLED,1,0,0,0,0,0,3.158
523,DISABLED,1,0,0,0,0,0,3.025
524,DISABLED,1,0,0,0,0,0,3.038
525,DISABLED,1,0,0,0,0,0,3.195
526,DISABLED,1,0,0,0,0,0,3.242
527,DISABLED,1,0,0,0,0,0,3.086
528,DISABLED,1,0,0,0,0,0,2.898
529,DISABLED,1,0,0,0,0,0,3.112
530,DISABLED,1,0,0,0,0,0,3.329
531,DISABLED,1,0,0,0,0,0,3.024
532,DISABLED,1,0,0,0,0,0,3.247
533,DISABLED,1,0,0,0,0,0,3.047
534,DISABLED,1,0,0,0,0,0,3.350
535,DISABLED,1,0,0,0,0,0,3.287
536,DISABLED,1,0,0,0,0,0,3.321
537,DISABLED,1,0,0,0,0,0,3.292
538,DISABLED,1,0,0,0,0,0,3.185
539,DISABLED,1,0,0,0,0,0,3.199
540,DISABLED,1,0,0,0,0,0,3.525
541,DISABLED,1,0,0,0,0,0,3.931
542,DISABLED,1,0,0,0,0,0,3.519
543,DISABLED,1,0,0,0,0,0,3.223
544,DISABLED,1,0,0,0,0,0,3.808
545,DISABLED,1,0,0,0,0,0,3.450
546,DISABLED,1,0,0,0,0,0,3.496
547,DISABLED,1,0,0,0,0,0,3.450
548,DISABLED,1,0,0,0,0,0,3.404
549,DISABLED,1,0,0,0,0,0,3.396
550,DISABLED,1,0,0,0,0,0,3.740
551,DISABLED,1,0,0,0,0,0,3.864
552,DISABLED,1,0,0,0,0,0,3.634
553,DISABLED,1,0,0,0,0,0,3.531
554,DISABLED,1,0,0,0,0,0,3.671
555,DISABLED,1,0,0,0,0,0,3.367
556,DISABLED,1,0,0,0,0,0,3.657
557,DISABLED,1,0,0,0,0,0,3.808
558,DISABLED,1,0,0,0,0,0,3.454
559,DISABLED,1,0,0,0,0,0,3.625
560,DISABLED,1,0,0,0,0,0,3.641
561,DISABLED,1,0,0,0,0,0,3.584
562,DISABLED,1,0,0,0,0,0,3.511
563,DISABLED,1,0,0,0,0,0,3.578
564,DISABLED,1,0,0,0,0,0,3.725
565,DISABLED,1,0,0,0,0,0,3.646
566,DISABLED,1,0,0,0,0,0,3.662
567,DISABLED,1,0,0,0,0,0,3.730
568,DISABLED,1,0,0,0,0,0,3.473
569,DISABLED,1,0,0,0,0,0,3.722
570,DISABLED,1,0,0,0,0,0,3.393
571,DISABLED,1,0,0,0,0,0,3.817
572,DISABLED,1,0,0,0,0,0,3.942
573,DISABLED,1,0,0,0,0,0,3.684
574,DISABLED,1,0,0,0,0,0,3.709
575,DISABLED,1,0,0,0,0,0,3.570
576,DISABLED,1,0,0,0,0,0,3.737
577,DISABLED,1,0,0,0,0,0,3.777
578,DISABLED,1,0,0,0,0,0,3.707
579,DISABLED,1,0,0,0,0,0,3.958
580,DISABLED,1,0,0,0,0,0,3.514
581,DISABLED,1,0,0,0,0,0,3.768
582,DISABLED,1,0,0,0,0,0,3.843
583,DISABLED,1,0,0,0,0,0,3.740
584,DISABLED,1,0,0,0,0,0,3.930
585,DISABLED,1,0,0,0,0,0,3.930
586,DISABLED,1,0,0,0,0,0,3.751
587,DISABLED,1,0,0,0,0,0,3.961
588,DISABLED,1,0,0,0,0,0,3.712
589,DISABLED,1,0,0,0,0,0,3.931
590,DISABLED,1,0,0,0,0,0,3.897
591,DISABLED,1,0,0,0,0,0,3.869
592,DISABLED,1,0,0,0,0,0,3.865
593,DISABLED,1,0,0,0,0,0,3.830
594,DISABLED,1,0,0,0,0,0,3.800
595,DISABLED,1,0,0,0,0,0,3.816
596,DISABLED,1,0,0,0,0,0,3.909
597,DISABLED,1,0,0,0,0,0,3.923
598,DISABLED,1,0,0,0,0,0,3.988
599,DISABLED,1,0,0,0,0,0,4.019
600,DISABLED,1,0,0,0,0,0,3.763
601,DISABLED,1,0,0,0,0,0,3.923
602,DISABLED,1,0,0,0,0,0,4.331
603,DISABLED,1,0,0,0,0,0,4.135
604,DISABLED,1,0,0,0,0,0,3.962
605,DISABLED,1,0,0,0,0,0,3.780
606,DISABLED,1,0,0,0,0,0,4.099
607,DISABLED,1,0,0,0,0,0,4.036
608,DISABLED,1,0,0,0,0,0,4.241
609,DISABLED,1,0,0,0,0,0,4.155
610,DISABLED,1,0,0,0,0,0,3.865
611,DISABLED,1,0,0,0,0,0,4.092
612,DISABLED,1,0,0,0,0,0,4.117
613,DISABLED,1,0,0,0,0,0,4.238
614,DISABLED,1,0,0,0,0,0,4.257
615,DISABLED,1,0,0,0,0,0,3.993
616,DISABLED,1,0,0,0,0,0,4.305
617,DISABLED,1,0,0,0,0,0,4.270
618,DISABLED,1,0,0,0,0,0,4.122
619,DISABLED,1,0,0,0,0,0,4.226
620,DISABLED,1,0,0,0,0,0,4.327
621,DISABLED,1,0,0,0,0,0,4.102
622,DISABLED,1,0,0,0,0,0,4.350
623,DISABLED,1,0,0,0,0,0,4.409
624,DISABLED,1,0,0,0,0,0,4.360
625,DISABLED,1,0,0,0,0,0,4.221
626,DISABLED,1,0,0,0,0,0,4.336
627,DISABLED,1,0,0,0,0,0,4.143
628,DISABLED,1,0,0,0,0,0,4.861
629,DISABLED,1,0,0,0,0,0,4.273
630,DISABLED,1,0,0,0,0,0,4.079
631,DISABLED,1,0,0,0,0,0,3.922
632,DISABLED,1,0,0,0,0,0,4.223
633,DISABLED,1,0,0,0,0,0,4.478
634,DISABLED,1,0,0,0,0,0,4.397
635,DISABLED,1,0,0,0,0,0,4.289
636,DISABLED,1,0,0,0,0,0,3.973
637,DISABLED,1,0,0,0,0,0,4.670
638,DISABLED,1,0,0,0,0,0,4.334
639,DISABLED,1,0,0,0,0,0,4.516
640,DISABLED,1,0,0,0,0,0,4.395
641,DISABLED,1,0,0,0,0,0,4.065
642,DISABLED,1,0,0,0,0,0,4.553
643,DISABLED,1,0,0,0,0,0,4.345
644,DISABLED,1,0,0,0,0,0,4.298
645,DISABLED,1,0,0,0,0,0,4.278
646,DISABLED,1,0,0,0,0,0,4.247
647,DISABLED,1,0,0,0,0,0,4.489
648,DISABLED,1,0,0,0,0,0,4.216
649,DISABLED,1,0,0,0,0,0,4.092
650,DISABLED,1,0,0,0,0,0,4.164
651,DISABLED,1,0,0,0,0,0,4.281
652,DISABLED,1,0,0,0,0,0,4.646
653,DISABLED,1,0,0,0,0,0,4.551
654,DISABLED,1,0,0,0,0,0,4.283
655,DISABLED,1,0,0,0,0,0,4.322
656,DISABLED,1,0,0,0,0,0,4.593
657,DISABLED,1,0,0,0,0,0,4.532
658,DISABLED,1,0,0,0,0,0,4.666
659,DISABLED,1,0,0,0,0,0,4.214
660,DISABLED,1,0,0,0,0,0,4.456
661,DISABLED,1,0,0,0,0,0,4.618
662,DISABLED,1,0,0,0,0,0,4.602
663,DISABLED,1,0,0,0,0,0,4.763
664,DISABLED,1,0,0,0,0,0,4.342
665,DISABLED,1,0,0,0,0,0,4.501
666,DISABLED,1,0,0,0,0,0,4.443
667,DISABLED,1,0,0,0,0,0,4.574
668,DISABLED,1,0,0,0,0,0,4.411
669,DISABLED,1,0,0,0,0,0,4.331
670,DISABLED,1,0,0,0,0,0,4.524
671,DISABLED,1,0,0,0,0,0,4.885
672,DISABLED,1,0,0,0,0,0,4.672
673,DISABLED,1,0,0,0,0,0,4.692
674,DISABLED,1,0,0,0,0,0,4.384
675,DISABLED,1,0,0,0,0,0,4.672
676,DISABLED,1,0,0,0,0,0,4.524
677,DISABLED,1,0,0,0,0,0,4.827
678,DISABLED,1,0,0,0,0,0,4.745
679,DISABLED,1,0,0,0,0,0,4.534
680,DISABLED,1,0,0,0,0,0,4.440
681,DISABLED,1,0,0,0,0,0,4.646
682,DISABLED,1,0,0,0,0,0,5.869
683,DISABLED,1,0,0,0,0,0,4.839
684,DISABLED,1,0,0,0,0,0,4.667
685,DISABLED,1,0,0,0,0,0,4.602
686,DISABLED,1,0,0,0,0,0,4.845
687,DISABLED,1,0,0,0,0,0,4.859
688,DISABLED,1,0,0,0,0,0,4.691
689,DISABLED,1,0,0,0,0,0,4.615
690,DISABLED,1,0,0,0,0,0,4.674
691,DISABLED,1,0,0,0,0,0,4.625
692,DISABLED,1,0,0,0,0,0,5.124
693,DISABLED,1,0,0,0,0,0,4.873
694,DISABLED,1,0,0,0,0,0,4.891
695,DISABLED,1,0,0,0,0,0,4.680
696,DISABLED,1,0,0,0,0,0,4.618
697,DISABLED,1,0,0,0,0,0,4.812
698,DISABLED,1,0,0,0,0,0,5.048
699,DISABLED,1,0,0,0,0,0,4.666
700,DISABLED,1,0,0,0,0,0,4.424
701,DISABLED,1,0,0,0,0,0,4.782
702,DISABLED,1,0,0,0,0,0,4.963
703,DISABLED,1,0,0,0,0,0,4.645
704,DISABLED,1,0,0,0,0,0,4.629
705,DISABLED,1,0,0,0,0,0,4.539
706,DISABLED,1,0,0,0,0,0,5.108
707,DISABLED,1,0,0,0,0,0,5.126
708,DISABLED,1,0,0,0,0,0,5.026
709,DISABLED,1,0,0,0,0,0,4.823
710,DISABLED,1,0,0,0,0,0,4.738
711,DISABLED,1,0,0,0,0,0,5.114
712,DISABLED,1,0,0,0,0,0,5.165
713,DISABLED,1,0,0,0,0,0,4.884
714,DISABLED,1,0,0,0,0,0,5.454
715,DISABLED,1,0,0,0,0,0,5.010
716,DISABLED,1,0,0,0,0,0,5.345
717,DISABLED,1,0,0,0,0,0,5.231
718,DISABLED,1,0,0,0,0,0,4.926
719,DISABLED,1,0,0,0,0,0,5.061
720,DISABLED,1,0,0,0,0,0,4.779
721,DISABLED,1,0,0,0,0,0,4.775
722,DISABLED,1,0,0,0,0,0,4.979
723,DISABLED,1,0,0,0,0,0,5.310
724,DISABLED,1,0,0,0,0,0,5.242
725,DISABLED,1,0,0,0,0,0,4.616
726,DISABLED,1,0,0,0,0,0,5.155
727,DISABLED,1,0,0,0,0,0,5.022
728,DISABLED,1,0,0,0,0,0,5.515
729,DISABLED,1,0,0,0,0,0,38.732
730,DISABLED,1,0,0,0,0,0,5.299
731,DISABLED,1,0,0,0,0,0,5.431
732,DISABLED,1,0,0,0,0,0,5.756
733,DISABLED,1,0,0,0,0,0,5.263
734,DISABLED,1,0,0,0,0,0,5.293
735,DISABLED,1,0,0,0,0,0,5.208
736,DISABLED,1,0,0,0,0,0,5.268
737,DISABLED,1,0,0,0,0,0,5.772
738,DISABLED,1,0,0,0,0,0,5.190
739,DISABLED,1,0,0,0,0,0,5.293
740,DISABLED,1,0,0,0,0,0,4.868
741,DISABLED,1,0,0,0,0,0,5.654
742,DISABLED,1,0,0,0,0,0,5.102
743,DISABLED,1,0,0,0,0,0,5.218
744,DISABLED,1,0,0,0,0,0,5.507
745,DISABLED,1,0,0,0,0,0,4.756
746,DISABLED,1,0,0,0,0,0,5.466
747,DISABLED,1,0,0,0,0,0,5.255
748,DISABLED,1,0,0,0,0,0,5.469
749,DISABLED,1,0,0,0,0,0,5.469
750,DISABLED,1,0,0,0,0,0,5.272
751,DISABLED,1,0,0,0,0,0,6.029
752,DISABLED,1,0,0,0,0,0,4.954
753,DISABLED,1,0,0,0,0,0,5.344
754,DISABLED,1,0,0,0,0,0,5.293
755,DISABLED,1,0,0,0,0,0,4.999
756,DISABLED,1,0,0,0,0,0,5.904
757,DISABLED,1,0,0,0,0,0,5.309
758,DISABLED,1,0,0,0,0,0,5.362
759,DISABLED,1,0,0,0,0,0,5.306
760,DISABLED,1,0,0,0,0,0,4.929
761,DISABLED,1,0,0,0,0,0,5.556
762,DISABLED,1,0,0,0,0,0,5.342
763,DISABLED,1,0,0,0,0,0,5.703
764,DISABLED,1,0,0,0,0,0,5.409
765,DISABLED,1,0,0,0,0,0,4.869
766,DISABLED,1,0,0,0,0,0,5.526
767,DISABLED,1,0,0,0,0,0,5.184
768,DISABLED,1,0,0,0,0,0,5.933
769,DISABLED,1,0,0,0,0,0,5.438
770,DISABLED,1,0,0,0,0,0,5.035
771,DISABLED,1,0,0,0,0,0,5.674
772,DISABLED,1,0,0,0,0,0,5.593
773,DISABLED,1,0,0,0,0,0,5.624
774,DISABLED,1,0,0,0,0,0,5.716
775,DISABLED,1,0,0,0,0,0,4.782
776,DISABLED,1,0,0,0,0,0,5.835
777,DISABLED,1,0,0,0,0,0,5.269
778,DISABLED,1,0,0,0,0,0,5.734
779,DISABLED,1,0,0,0,0,0,5.137
780,DISABLED,1,0,0,0,0,0,5.231
781,DISABLED,1,0,0,0,0,0,5.674
782,DISABLED,1,0,0,0,0,0,5.265
783,DISABLED,1,0,0,0,0,0,6.139
784,DISABLED,1,0,0,0,0,0,5.425
785,DISABLED,1,0,0,0,0,0,5.358
786,DISABLED,1,0,0,0,0,0,5.679
787,DISABLED,1,0,0,0,0,0,5.403
788,DISABLED,1,0,0,0,0,0,5.865
789,DISABLED,1,0,0,0,0,0,5.689
790,DISABLED,1,0,0,0,0,0,5.451
791,DISABLED,1,0,0,0,0,0,5.574
792,DISABLED,1,0,0,0,0,0,5.393
793,DISABLED,1,0,0,0,0,0,5.854
794,DISABLED,1,0,0,0,0,0,5.427
795,DISABLED,1,0,0,0,0,0,5.460
796,DISABLED,1,0,0,0,0,0,5.637
797,DISABLED,1,0,0,0,0,0,5.574
798,DISABLED,1,0,0,0,0,0,6.061
799,DISABLED,1,0,0,0,0,0,5.692
800,DISABLED,1,0,0,0,0,0,5.429
801,DISABLED,1,0,0,0,0,0,5.792
802,DISABLED,1,0,0,0,0,0,5.585
803,DISABLED,1,0,0,0,0,0,5.801
804,DISABLED,1,0,0,0,0,0,5.576
805,DISABLED,1,0,0,0,0,0,5.397
806,DISABLED,1,0,0,0,0,0,6.289
807,DISABLED,1,0,0,0,0,0,5.490
808,DISABLED,1,0,0,0,0,0,6.008
809,DISABLED,1,0,0,0,0,0,5.360
810,DISABLED,1,0,0,0,0,0,5.656
811,DISABLED,1,0,0,0,0,0,5.928
812,DISABLED,1,0,0,0,0,0,5.567
813,DISABLED,1,0,0,0,0,0,6.236
814,DISABLED,1,0,0,0,0,0,5.627
815,DISABLED,1,0,0,0,0,0,5.700
816,DISABLED,1,0,0,0,0,0,6.353
817,DISABLED,1,0,0,0,0,0,5.628
818,DISABLED,1,0,0,0,0,0,6.415
819,DISABLED,1,0,0,0,0,0,5.326
820,DISABLED,1,0,0,1,1,0,1.857
821,DISABLED,1,0,0,0,0,0,5.880
822,DISABLED,1,0,0,0,0,0,5.833
823,DISABLED,1,0,0,0,0,0,5.663
824,DISABLED,1,0,0,0,0,0,5.840
825,DISABLED,1,0,0,0,0,0,5.778
826,DISABLED,1,0,0,0,0,0,5.998
827,DISABLED,1,0,0,0,0,0,6.406
828,DISABLED,1,0,0,0,0,0,5.646
829,DISABLED,1,0,0,0,0,0,6.029
830,DISABLED,1,0,0,0,0,0,5.663
831,DISABLED,1,0,0,0,0,0,5.992
832,DISABLED,1,0,0,0,0,0,6.512
833,DISABLED,1,0,0,0,0,0,5.669
834,DISABLED,1,0,0,0,0,0,6.170
835,DISABLED,1,0,0,0,0,0,5.801
836,DISABLED,1,0,0,0,0,0,6.149
837,DISABLED,1,0,0,0,0,0,6.460
838,DISABLED,1,0,0,0,0,0,5.929
839,DISABLED,1,0,0,0,0,0,6.305
840,DISABLED,1,0,0,0,0,0,6.221
841,DISABLED,1,0,0,0,0,0,6.204
842,DISABLED,1,0,0,0,0,0,6.313
843,DISABLED,1,0,0,0,0,0,5.883
844,DISABLED,1,0,0,0,0,0,6.177
845,DISABLED,1,0,0,0,0,0,6.101
846,DISABLED,1,0,0,0,0,0,6.024
847,DISABLED,1,0,0,0,0,0,6.208
848,DISABLED,1,0,0,0,0,0,6.235
849,DISABLED,1,0,0,0,0,0,5.887
850,DISABLED,1,0,0,0,0,0,6.364
851,DISABLED,1,0,0,0,0,0,6.264
852,DISABLED,1,0,0,0,0,0,6.379
853,DISABLED,1,0,0,0,0,0,6.452
854,DISABLED,1,0,0,0,0,0,6.242
855,DISABLED,1,0,0,0,0,0,6.365
856,DISABLED,1,0,0,0,0,0,6.754
857,DISABLED,1,0,0,0,0,0,6.428
858,DISABLED,1,0,0,0,0,0,6.280
859,DISABLED,1,0,0,0,0,0,6.417
860,DISABLED,1,0,0,0,0,0,6.725
861,DISABLED,1,0,0,0,0,0,6.647
862,DISABLED,1,0,0,0,0,0,6.209
863,DISABLED,1,0,0,0,0,0,6.269
864,DISABLED,1,0,0,0,0,0,6.170
865,DISABLED,1,0,0,0,0,0,6.594
866,DISABLED,1,0,0,0,0,0,6.876
867,DISABLED,1,0,0,0,0,0,6.243
868,DISABLED,1,0,0,0,0,0,6.413
869,DISABLED,1,0,0,0,0,0,6.616
870,DISABLED,1,0,0,0,0,0,6.626
871,DISABLED,1,0,0,0,0,0,7.085
872,DISABLED,1,0,0,0,0,0,6.560
873,DISABLED,1,0,0,0,0,0,6.231
874,DISABLED,1,0,0,0,0,0,6.607
875,DISABLED,1,0,0,0,0,0,6.911
876,DISABLED,1,0,0,0,0,0,6.927
877,DISABLED,1,0,0,0,0,0,6.730
878,DISABLED,1,0,0,0,0,0,6.421
879,DISABLED,1,0,0,0,0,0,6.336
880,DISABLED,1,0,0,0,0,0,6.642
881,DISABLED,1,0,0,0,0,0,7.179
882,DISABLED,1,0,0,0,0,0,6.745
883,DISABLED,1,0,0,0,0,0,6.388
884,DISABLED,1,0,0,0,0,0,6.545
885,DISABLED,1,0,0,0,0,0,6.603
886,DISABLED,1,0,0,0,0,0,7.168
887,DISABLED,1,0,0,0,0,0,6.813
888,DISABLED,1,0,0,0,0,0,6.539
889,DISABLED,1,0,0,0,0,0,6.904
890,DISABLED,1,0,0,0,0,0,6.858
891,DISABLED,1,0,0,0,0,0,7.007
892,DISABLED,1,0,0,0,0,0,7.045
893,DISABLED,1,0,0,0,0,0,6.797
894,DISABLED,1,0,0,0,0,0,6.491
895,DISABLED,1,0,0,0,0,0,6.619
896,DISABLED,1,0,0,0,0,0,6.337
897,DISABLED,1,0,0,0,0,0,6.905
898,DISABLED,1,0,0,0,0,0,5.885
899,DISABLED,1,0,0,0,0,0,6.629
900,DISABLED,1,0,0,0,0,0,6.538
901,DISABLED,1,0,0,0,0,0,6.179
902,DISABLED,1,0,0,0,0,0,6.477
903,DISABLED,1,0,0,0,0,0,6.175
904,DISABLED,1,0,0,0,0,0,6.424
905,DISABLED,1,0,0,0,0,0,6.673
906,DISABLED,1,0,0,0,0,0,6.269
907,DISABLED,1,0,0,0,0,0,6.730
908,DISABLED,1,0,0,0,0,0,6.573
909,DISABLED,1,0,0,0,0,0,6.671
910,DISABLED,1,0,0,0,0,0,6.532
911,DISABLED,1,0,0,0,0,0,6.402
912,DISABLED,1,0,0,0,0,0,6.603
913,DISABLED,1,0,0,0,0,0,6.236
914,DISABLED,1,0,0,0,0,0,6.324
915,DISABLED,1,0,0,0,0,0,6.619
916,DISABLED,1,0,0,0,0,0,6.534
917,DISABLED,1,0,0,0,0,0,6.923
918,DISABLED,1,0,0,0,0,0,6.029
919,DISABLED,1,0,0,0,0,0,6.634
920,DISABLED,1,0,0,0,0,0,6.753
921,DISABLED,1,0,0,0,0,0,6.534
922,DISABLED,1,0,0,0,0,0,6.565
923,DISABLED,1,0,0,0,0,0,6.221
924,DISABLED,1,0,0,0,0,0,6.696
925,DISABLED,1,0,0,0,0,0,6.316
926,DISABLED,1,0,0,0,0,0,6.466
927,DISABLED,1,0,0,0,0,0,6.483
928,DISABLED,1,0,0,0,0,0,6.052
929,DISABLED,1,0,0,0,0,0,6.833
930,DISABLED,1,0,0,0,0,0,6.373
931,DISABLED,1,0,0,0,0,0,6.405
932,DISABLED,1,0,0,0,0,0,6.248
933,DISABLED,1,0,0,0,0,0,6.279
934,DISABLED,1,0,0,0,0,0,6.637
935,DISABLED,1,0,0,0,0,0,6.354
936,DISABLED,1,0,0,0,0,0,6.396
937,DISABLED,1,0,0,0,0,0,6.463
938,DISABLED,1,0,0,0,0,0,6.212
939,DISABLED,1,0,0,0,0,0,6.523
940,DISABLED,1,0,0,0,0,0,6.236
941,DISABLED,1,0,0,0,0,0,6.572
942,DISABLED,1,0,0,0,0,0,6.542
943,DISABLED,1,0,0,0,0,0,6.235
944,DISABLED,1,0,0,0,0,0,6.347
945,DISABLED,1,0,0,0,0,0,5.904
946,DISABLED,1,0,0,0,0,0,6.838
947,DISABLED,1,0,0,0,0,0,6.424
948,DISABLED,1,0,0,0,0,0,6.471
949,DISABLED,1,0,0,0,0,0,6.433
950,DISABLED,1,0,0,0,0,0,6.228
951,DISABLED,1,0,0,0,0,0,6.456
952,DISABLED,1,0,0,0,0,0,6.318
953,DISABLED,1,0,0,0,0,0,6.008
954,DISABLED,1,0,0,0,0,0,6.587
955,DISABLED,1,0,0,0,0,0,5.963
956,DISABLED,1,0,0,0,0,0,6.571
957,DISABLED,1,0,0,0,0,0,6.159
958,DISABLED,1,0,0,0,0,0,5.806
959,DISABLED,1,0,0,0,0,0,6.447
960,DISABLED,1,0,0,0,0,0,6.209
961,DISABLED,1,0,0,0,0,0,6.403
962,DISABLED,1,0,0,0,0,0,6.109
963,DISABLED,1,0,0,0,0,0,6.175
964,DISABLED,1,0,0,0,0,0,6.112
965,DISABLED,1,0,0,0,0,0,6.689
966,DISABLED,1,0,0,0,0,0,6.323
967,DISABLED,1,0,0,0,0,0,6.220
968,DISABLED,1,0,0,0,0,0,6.182
969,DISABLED,1,0,0,0,0,0,6.087
970,DISABLED,1,0,0,0,0,0,6.581
971,DISABLED,1,0,0,0,0,0,6.338
972,DISABLED,1,0,0,0,0,0,5.948
973,DISABLED,1,0,0,0,0,0,6.158
974,DISABLED,1,0,0,0,0,0,5.924
975,DISABLED,1,0,0,0,0,0,6.285
976,DISABLED,1,0,0,0,0,0,6.533
977,DISABLED,1,0,0,0,0,0,6.095
978,DISABLED,1,0,0,0,0,0,6.134
979,DISABLED,1,0,0,0,0,0,6.167
980,DISABLED,1,0,0,0,0,0,6.471
981,DISABLED,1,0,0,0,0,0,6.455
982,DISABLED,1,0,0,0,0,0,6.254
983,DISABLED,1,0,0,0,0,0,5.907
984,DISABLED,1,0,0,0,0,0,6.255
985,DISABLED,1,0,0,0,0,0,6.072
986,DISABLED,1,0,0,0,0,0,6.620
987,DISABLED,1,0,0,0,0,0,6.387
988,DISABLED,1,0,0,0,0,0,6.514
989,DISABLED,1,0,0,0,0,0,6.202
990,DISABLED,1,0,0,0,0,0,6.023
991,DISABLED,1,0,0,0,0,0,6.540
992,DISABLED,1,0,0,0,0,0,5.822
993,DISABLED,1,0,0,0,0,0,6.236
994,DISABLED,1,0,0,0,0,0,6.203
995,DISABLED,1,0,0,0,0,0,6.229
996,DISABLED,1,0,0,0,0,0,6.267
997,DISABLED,1,0,0,0,0,0,5.953
998,DISABLED,1,0,0,0,0,0,6.424
999,DISABLED,1,0,0,0,0,0,6.188
1000,DISABLED,1,0,0,0,0,0,6.651
1001,DISABLED,1,0,0,0,0,0,6.262
1002,DISABLED,1,0,0,0,0,0,6.095
1003,DISABLED,1,0,0,0,0,0,6.166
1004,DISABLED,1,0,0,0,0,0,5.947
1005,DISABLED,1,0,0,0,0,0,6.151
1006,DISABLED,1,0,0,0,0,0,6.451
1007,DISABLED,1,0,0,0,0,0,6.117
1008,DISABLED,1,0,0,0,0,0,6.416
1009,DISABLED,1,0,0,0,0,0,6.126
1010,DISABLED,1,0,0,0,0,0,6.450
1011,DISABLED,1,0,0,0,0,0,6.781
1012,DISABLED,1,0,0,0,0,0,5.859
1013,DISABLED,1,0,0,0,0,0,6.331
1014,DISABLED,1,0,0,0,0,0,5.911
1015,DISABLED,1,0,0,0,0,0,6.385
1016,DISABLED,1,0,0,0,0,0,6.546
1017,DISABLED,1,0,0,0,0,0,6.072
1018,DISABLED,1,0,0,0,0,0,6.531
1019,DISABLED,1,0,0,0,0,0,6.069
1020,DISABLED,1,0,0,0,0,0,6.244
1021,DISABLED,1,0,0,0,0,0,6.278
1022,DISABLED,1,0,0,0,0,0,6.025
1023,DISABLED,1,0,0,0,0,0,6.429
1024,DISABLED,1,0,0,0,0,0,6.280
1025,DISABLED,1,0,0,0,0,0,6.464
1026,DISABLED,1,0,0,0,0,0,6.308
1027,DISABLED,1,0,0,0,0,0,5.720
1028,DISABLED,1,0,0,0,0,0,6.551
1029,DISABLED,1,0,0,0,0,0,34.299
1030,DISABLED,1,0,0,0,0,0,6.313
1031,DISABLED,1,0,0,0,0,0,6.432
1032,DISABLED,1,0,0,0,0,0,6.493
1033,DISABLED,1,0,0,0,0,0,6.924
1034,DISABLED,1,0,0,0,0,0,5.857
1035,DISABLED,1,0,0,0,0,0,6.312
1036,DISABLED,1,0,0,0,0,0,6.112
1037,DISABLED,1,0,0,0,0,0,6.451
1038,DISABLED,1,0,0,0,0,0,6.254
1039,DISABLED,1,0,0,0,0,0,5.930
1040,DISABLED,1,0,0,0,0,0,5.739
1041,DISABLED,1,0,0,0,0,0,6.986
1042,DISABLED,1,0,0,0,0,0,6.103
1043,DISABLED,1,0,0,0,0,0,6.453
1044,DISABLED,1,0,0,0,0,0,6.348
1045,DISABLED,1,0,0,0,0,0,5.907
1046,DISABLED,1,0,0,0,0,0,5.983
1047,DISABLED,1,0,0,0,0,0,5.684
1048,DISABLED,1,0,0,0,0,0,6.241
1049,DISABLED,1,0,0,0,0,0,5.918
1050,DISABLED,1,0,0,0,0,0,6.378
1051,DISABLED,1,0,0,0,0,0,5.979
1052,DISABLED,1,0,0,0,0,0,5.570
1053,DISABLED,1,0,0,0,0,0,6.375
1054,DISABLED,1,0,0,0,0,0,5.762
1055,DISABLED,1,0,0,0,0,0,6.369
1056,DISABLED,1,0,0,0,0,0,5.960
1057,DISABLED,1,0,0,0,0,0,5.590
1058,DISABLED,1,0,0,0,0,0,5.875
1059,DISABLED,1,0,0,0,0,0,5.621
1060,DISABLED,1,0,0,0,0,0,5.717
1061,DISABLED,1,0,0,0,0,0,5.652
1062,DISABLED,1,0,0,0,0,0,5.952
1063,DISABLED,1,0,0,0,0,0,5.725
1064,DISABLED,1,0,0,0,0,0,5.616
1065,DISABLED,1,0,0,0,0,0,5.889
1066,DISABLED,1,0,0,0,0,0,6.079
1067,DISABLED,1,0,0,0,0,0,5.847
1068,DISABLED,1,0,0,0,0,0,5.994
1069,DISABLED,1,0,0,0,0,0,5.630
1070,DISABLED,1,0,0,0,0,0,5.429
1071,DISABLED,1,0,0,0,0,0,5.762
1072,DISABLED,1,0,0,0,0,0,5.519
1073,DISABLED,1,0,0,0,0,0,5.687
1074,DISABLED,1,0,0,0,0,0,5.800
1075,DISABLED,1,0,0,0,0,0,5.544
1076,DISABLED,1,0,0,0,0,0,5.525
1077,DISABLED,1,0,0,0,0,0,5.490
1078,DISABLED,1,0,0,0,0,0,5.573
1079,DISABLED,1,0,0,0,0,0,5.475
1080,DISABLED,1,0,0,0,0,0,5.173
1081,DISABLED,1,0,0,0,0,0,5.672
1082,DISABLED,1,0,0,0,0,0,5.571
1083,DISABLED,1,0,0,0,0,0,5.583
1084,DISABLED,1,0,0,0,0,0,5.083
1085,DISABLED,1,0,0,0,0,0,5.584
1086,DISABLED,1,0,0,0,0,0,5.358
1087,DISABLED,1,0,0,0,0,0,5.977
1088,DISABLED,1,0,0,0,0,0,5.354
1089,DISABLED,1,0,0,0,0,0,5.542
1090,DISABLED,1,0,0,0,0,0,5.385
1091,DISABLED,1,0,0,0,0,0,5.256
1092,DISABLED,1,0,0,0,0,0,5.676
1093,DISABLED,1,0,0,0,0,0,5.249
1094,DISABLED,1,0,0,0,0,0,5.583
1095,DISABLED,1,0,0,0,0,0,5.377
1096,DISABLED,1,0,0,0,0,0,5.459
1097,DISABLED,1,0,0,0,0,0,5.434
1098,DISABLED,1,0,0,0,0,0,5.307
1099,DISABLED,1,0,0,0,0,0,5.110
1100,DISABLED,1,0,0,0,0,0,5.479
1101,DISABLED,1,0,0,0,0,0,5.381
1102,DISABLED,1,0,0,0,0,0,5.586
1103,DISABLED,1,0,0,0,0,0,4.964
1104,DISABLED,1,0,0,0,0,0,4.914
1105,DISABLED,1,0,0,0,0,0,5.546
1106,DISABLED,1,0,0,0,0,0,5.502
1107,DISABLED,1,0,0,0,0,0,5.532
1108,DISABLED,1,0,0,0,0,0,5.294
1109,DISABLED,1,0,0,0,0,0,4.880
1110,DISABLED,1,0,0,0,0,0,5.651
1111,DISABLED,1,0,0,0,0,0,5.249
1112,DISABLED,1,0,0,0,0,0,5.427
1113,DISABLED,1,0,0,0,0,0,5.295
1114,DISABLED,1,0,0,0,0,0,5.023
1115,DISABLED,1,0,0,0,0,0,5.509
1116,DISABLED,1,0,0,0,0,0,4.952
1117,DISABLED,1,0,0,0,0,0,5.460
1118,DISABLED,1,0,0,0,0,0,4.875
1119,DISABLED,1,0,0,0,0,0,4.835
1120,DISABLED,1,0,0,0,0,0,5.281
1121,DISABLED,1,0,0,0,0,0,5.154
1122,DISABLED,1,0,0,0,0,0,5.488
1123,DISABLED,1,0,0,0,0,0,4.809
1124,DISABLED,1,0,0,0,0,0,4.890
1125,DISABLED,1,0,0,0,0,0,5.031
1126,DISABLED,1,0,0,0,0,0,5.594
1127,DISABLED,1,0,0,0,0,0,5.220
1128,DISABLED,1,0,0,0,0,0,4.464
1129,DISABLED,1,0,0,0,0,0,4.738
1130,DISABLED,1,0,0,0,0,0,5.163
1131,DISABLED,1,0,0,0,0,0,5.459
1132,DISABLED,1,0,0,0,0,0,5.163
1133,DISABLED,1,0,0,0,0,0,4.654
1134,DISABLED,1,0,0,0,0,0,4.664
1135,DISABLED,1,0,0,0,0,0,5.127
1136,DISABLED,1,0,0,0,0,0,4.906
1137,DISABLED,1,0,0,0,0,0,5.055
1138,DISABLED,1,0,0,0,0,0,4.960
1139,DISABLED,1,0,0,0,0,0,4.677
1140,DISABLED,1,0,0,0,0,0,5.115
1141,DISABLED,1,0,0,0,0,0,4.887
1142,DISABLED,1,0,0,0,0,0,5.137
1143,DISABLED,1,0,0,0,0,0,4.794
1144,DISABLED,1,0,0,0,0,0,4.568
1145,DISABLED,1,0,0,0,0,0,5.167
1146,DISABLED,1,0,0,0,0,0,4.865
1147,DISABLED,1,0,0,0,0,0,5.275
1148,DISABLED,1,0,0,0,0,0,4.847
1149,DISABLED,1,0,0,0,0,0,4.758
1150,DISABLED,1,0,0,0,0,0,5.318
1151,DISABLED,1,0,0,0,0,0,4.793
1152,DISABLED,1,0,0,1,0,0,3.927
1153,DISABLED,1,0,0,0,0,0,5.242
1154,DISABLED,1,0,0,0,0,0,5.289
1155,DISABLED,1,0,0,0,0,0,4.945
1156,DISABLED,1,0,0,0,0,0,5.264
1157,DISABLED,1,0,0,0,0,0,4.532
1158,DISABLED,1,0,0,0,0,0,4.821
1159,DISABLED,1,0,0,0,0,0,5.490
1160,DISABLED,1,0,0,0,0,0,4.804
1161,DISABLED,1,0,0,0,0,0,4.748
1162,DISABLED,1,0,0,0,0,0,4.445
1163,DISABLED,1,0,0,0,0,0,4.844
1164,DISABLED,1,0,0,0,0,0,4.770
1165,DISABLED,1,0,0,0,0,0,4.930
1166,DISABLED,1,0,0,0,0,0,4.919
1167,DISABLED,1,0,0,0,0,0,4.335
1168,DISABLED,1,0,0,0,0,0,4.696
1169,DISABLED,1,0,0,0,0,0,4.804
1170,DISABLED,1,0,0,0,0,0,4.645
1171,DISABLED,1,0,0,0,0,0,5.086
1172,DISABLED,1,0,0,0,0,0,4.444
1173,DISABLED,1,0,0,0,0,0,4.797
1174,DISABLED,1,0,0,0,0,0,4.874
1175,DISABLED,1,0,0,0,0,0,4.569
1176,DISABLED,1,0,0,0,0,0,4.718
1177,DISABLED,1,0,0,0,0,0,4.578
1178,DISABLED,1,0,0,0,0,0,4.974
1179,DISABLED,1,0,0,0,0,0,4.703
1180,DISABLED,1,0,0,0,0,0,4.657
1181,DISABLED,1,0,0,0,0,0,4.497
1182,DISABLED,1,0,0,0,0,0,4.316
1183,DISABLED,1,0,0,0,0,0,4.357
1184,DISABLED,1,0,0,0,0,0,4.741
1185,DISABLED,1,0,0,0,0,0,4.398
1186,DISABLED,1,0,0,0,0,0,4.828
1187,DISABLED,1,0,0,0,0,0,4.394
1188,DISABLED,1,0,0,0,0,0,4.396
1189,DISABLED,1,0,0,0,0,0,4.941
1190,DISABLED,1,0,0,0,0,0,4.315
1191,DISABLED,1,0,0,0,0,0,4.162
1192,DISABLED,1,0,0,0,0,0,4.638
1193,DISABLED,1,0,0,0,0,0,4.624
1194,DISABLED,1,0,0,0,0,0,4.502
1195,DISABLED,1,0,0,0,0,0,4.535
1196,DISABLED,1,0,0,0,0,0,4.732
1197,DISABLED,1,0,0,0,0,0,4.287
1198,DISABLED,1,0,0,0,0,0,4.530
1199,DISABLED,1,0,0,0,0,0,4.374
1200,DISABLED,1,0,0,0,0,0,4.302
1201,DISABLED,1,0,0,0,0,0,4.350
1202,DISABLED,1,0,0,0,0,0,4.268
1203,DISABLED,1,0,0,0,0,0,4.504
1204,DISABLED,1,0,0,0,0,0,4.343
1205,DISABLED,1,0,0,0,0,0,4.132
1206,DISABLED,1,0,0,0,0,0,4.452
1207,DISABLED,1,0,0,0,0,0,4.453
1208,DISABLED,1,0,0,0,0,0,4.484
1209,DISABLED,1,0,0,0,0,0,4.873
1210,DISABLED,1,0,0,0,0,0,4.202
1211,DISABLED,1,0,0,0,0,0,4.358
1212,DISABLED,1,0,0,0,0,0,4.530
1213,DISABLED,1,0,0,0,0,0,4.552
1214,DISABLED,1,0,0,0,0,0,4.044
1215,DISABLED,1,0,0,0,0,0,4.255
1216,DISABLED,1,0,0,0,0,0,4.280
1217,DISABLED,1,0,0,0,0,0,4.257
1218,DISABLED,1,0,0,0,0,0,4.169
1219,DISABLED,1,0,0,0,0,0,4.316
1220,DISABLED,1,0,0,0,0,0,3.867
1221,DISABLED,1,0,0,0,0,0,4.171
1222,DISABLED,1,0,0,0,0,0,4.238
1223,DISABLED,1,0,0,0,0,0,4.037
1224,DISABLED,1,0,0,0,0,0,4.327
1225,DISABLED,1,0,0,0,0,0,4.043
1226,DISABLED,1,0,0,0,0,0,4.069
1227,DISABLED,1,0,0,0,0,0,3.911
1228,DISABLED,1,0,0,0,0,0,4.288
1229,DISABLED,1,0,0,0,0,0,4.109
1230,DISABLED,1,0,0,0,0,0,4.301
1231,DISABLED,1,0,0,0,0,0,4.091
1232,DISABLED,1,0,0,0,0,0,4.104
1233,DISABLED,1,0,0,0,0,0,4.366
1234,DISABLED,1,0,0,0,0,0,3.835
1235,DISABLED,1,0,0,0,0,0,3.826
1236,DISABLED,1,0,0,0,0,0,4.108
1237,DISABLED,1,0,0,0,0,0,4.587
1238,DISABLED,1,0,0,0,0,0,4.561
1239,DISABLED,1,0,0,0,0,0,4.033
1240,DISABLED,1,0,0,0,0,0,4.068
1241,DISABLED,1,0,0,0,0,0,4.593
1242,DISABLED,1,0,0,0,0,0,4.061
1243,DISABLED,1,0,0,0,0,0,4.163
1244,DISABLED,1,0,0,0,0,0,3.874
1245,DISABLED,1,0,0,0,0,0,3.596
1246,DISABLED,1,0,0,0,0,0,4.262
1247,DISABLED,1,0,0,0,0,0,4.084
1248,DISABLED,1,0,0,0,0,0,4.600
1249,DISABLED,1,0,0,0,0,0,3.578
1250,DISABLED,1,0,0,0,0,0,3.897
1251,DISABLED,1,0,0,0,0,0,3.960
1252,DISABLED,1,0,0,0,0,0,3.897
1253,DISABLED,1,0,0,0,0,0,4.132
1254,DISABLED,1,0,0,0,0,0,3.521
1255,DISABLED,1,0,0,0,0,0,3.787
1256,DISABLED,1,0,0,0,0,0,3.898
1257,DISABLED,1,0,0,0,0,0,4.253
1258,DISABLED,1,0,0,0,0,0,3.994
1259,DISABLED,1,0,0,0,0,0,3.679
1260,DISABLED,1,0,0,0,0,0,3.717
1261,DISABLED,1,0,0,0,0,0,3.881
1262,DISABLED,1,0,0,0,0,0,3.806
1263,DISABLED,1,0,0,0,0,0,4.563
1264,DISABLED,1,0,0,0,0,0,3.455
1265,DISABLED,1,0,0,0,0,0,3.811
1266,DISABLED,1,0,0,0,0,0,3.745
1267,DISABLED,1,0,0,0,0,0,3.826
1268,DISABLED,1,0,0,0,0,0,4.256
1269,DISABLED,1,0,0,0,0,0,3.455
1270,DISABLED,1,0,0,0,0,0,3.876
1271,DISABLED,1,0,0,0,0,0,4.112
1272,DISABLED,1,0,0,0,0,0,3.878
1273,DISABLED,1,0,0,0,0,0,3.933
1274,DISABLED,1,0,0,0,0,0,3.437
1275,DISABLED,1,0,0,0,0,0,3.955
1276,DISABLED,1,0,0,0,0,0,3.694
1277,DISABLED,1,0,0,0,0,0,3.642
1278,DISABLED,1,0,0,0,0,0,3.845
1279,DISABLED,1,0,0,0,0,0,3.573
1280,DISABLED,1,0,0,0,0,0,3.708
1281,DISABLED,1,0,0,0,0,0,3.591
1282,DISABLED,1,0,0,0,0,0,3.580
1283,DISABLED,1,0,0,0,0,0,3.715
1284,DISABLED,1,0,0,0,0,0,3.686
1285,DISABLED,1,0,0,0,0,0,3.606
1286,DISABLED,1,0,0,0,0,0,3.755
1287,DISABLED,1,0,0,0,0,0,3.677
1288,DISABLED,1,0,0,0,0,0,3.662
1289,DISABLED,1,0,0,0,0,0,3.396
1290,DISABLED,1,0,0,0,0,0,3.615
1291,DISABLED,1,0,0,0,0,0,3.802
1292,DISABLED,1,0,0,0,0,0,3.404
1293,DISABLED,1,0,0,0,0,0,3.514
1294,DISABLED,1,0,0,0,0,0,3.185
1295,DISABLED,1,0,0,0,0,0,3.825
1296,DISABLED,1,0,0,0,0,0,3.625
1297,DISABLED,1,0,0,0,0,0,3.381
1298,DISABLED,1,0,0,0,0,0,3.645
1299,DISABLED,1,0,0,0,0,0,3.459
1300,DISABLED,1,0,0,0,0,0,3.490
1301,DISABLED,1,0,0,0,0,0,3.443
1302,DISABLED,1,0,0,0,0,0,3.436
1303,DISABLED,1,0,0,0,0,0,3.543
1304,DISABLED,1,0,0,0,0,0,3.091
1305,DISABLED,1,0,0,0,0,0,3.584
1306,DISABLED,1,0,0,0,0,0,3.302
1307,DISABLED,1,0,0,0,0,0,3.586
1308,DISABLED,1,0,0,0,0,0,3.669
1309,DISABLED,1,0,0,0,0,0,3.045
1310,DISABLED,1,0,0,0,0,0,3.338
1311,DISABLED,1,0,0,0,0,0,3.272
1312,DISABLED,1,0,0,0,0,0,3.212
1313,DISABLED,1,0,0,0,0,0,3.196
1314,DISABLED,1,0,0,0,0,0,3.021
1315,DISABLED,1,0,0,0,0,0,3.367
1316,DISABLED,1,0,0,0,0,0,3.217
1317,DISABLED,1,0,0,0,0,0,3.091
1318,DISABLED,1,0,0,0,0,0,3.655
1319,DISABLED,1,0,0,0,0,0,3.099
1320,DISABLED,1,0,0,0,0,0,3.206
1321,DISABLED,1,0,0,0,0,0,3.309
1322,DISABLED,1,0,0,0,0,0,3.477
1323,DISABLED,1,0,0,0,0,0,3.128
1324,DISABLED,1,0,0,0,0,0,2.899
1325,DISABLED,1,0,0,0,0,0,3.188
1326,DISABLED,1,0,0,0,0,0,3.052
1327,DISABLED,1,0,0,0,0,0,3.035
1328,DISABLED,1,0,0,0,0,0,2.919
1329,DISABLED,1,0,0,0,0,0,29.856
1330,DISABLED,1,0,0,0,0,0,3.149
1331,DISABLED,1,0,0,0,0,0,3.084
1332,DISABLED,1,0,0,0,0,0,3.099
1333,DISABLED,1,0,0,0,0,0,3.345
1334,DISABLED,1,0,0,0,0,0,2.826
1335,DISABLED,1,0,0,0,0,0,3.068
1336,DISABLED,1,0,0,0,0,0,3.093
1337,DISABLED,1,0,0,0,0,0,3.310
1338,DISABLED,1,0,0,0,0,0,2.857
1339,DISABLED,1,0,0,0,0,0,2.764
1340,DISABLED,1,0,0,0,0,0,3.032
1341,DISABLED,1,0,0,0,0,0,3.295
1342,DISABLED,1,0,0,0,0,0,2.889
1343,DISABLED,1,0,0,0,0,0,3.035
1344,DISABLED,1,0,0,0,0,0,3.149
1345,DISABLED,1,0,0,0,0,0,2.982
1346,DISABLED,1,0,0,0,0,0,2.761
1347,DISABLED,1,0,0,0,0,0,2.927
1348,DISABLED,1,0,0,0,0,0,2.637
1349,DISABLED,1,0,0,0,0,0,3.136
1350,DISABLED,1,0,0,0,0,0,2.875
1351,DISABLED,1,0,0,0,0,0,2.824
1352,DISABLED,1,0,0,0,0,0,2.716
1353,DISABLED,1,0,0,0,0,0,3.057
1354,DISABLED,1,0,0,0,0,0,2.653
1355,DISABLED,1,0,0,0,0,0,2.676
1356,DISABLED,1,0,0,0,0,0,2.661
1357,DISABLED,1,0,0,0,0,0,2.617
1358,DISABLED,1,0,0,0,0,0,2.549
1359,DISABLED,1,0,0,0,0,0,2.674
1360,DISABLED,1,0,0,0,0,0,2.614
1361,DISABLED,1,0,0,0,0,0,2.567
1362,DISABLED,1,0,0,0,0,0,2.704
1363,DISABLED,1,0,0,0,0,0,2.418
1364,DISABLED,1,0,0,0,0,0,2.661
1365,DISABLED,1,0,0,0,0,0,2.648
1366,DISABLED,1,0,0,0,0,0,2.553
1367,DISABLED,1,0,0,0,0,0,2.476
1368,DISABLED,1,0,0,0,0,0,2.380
1369,DISABLED,1,0,0,0,0,0,2.468
1370,DISABLED,1,0,0,0,0,0,2.450
1371,DISABLED,1,0,0,0,0,0,2.439
1372,DISABLED,1,0,0,0,0,0,2.418
1373,DISABLED,1,0,0,0,0,0,2.309
1374,DISABLED,1,0,0,0,0,0,2.419
1375,DISABLED,1,0,0,0,0,0,2.442
1376,DISABLED,1,0,0,0,0,0,2.387
1377,DISABLED,1,0,0,0,0,0,2.433
1378,DISABLED,1,0,0,0,0,0,2.293
1379,DISABLED,1,0,0,0,0,0,2.350
1380,DISABLED,1,0,0,0,0,0,2.325
1381,DISABLED,1,0,0,0,0,0,2.364
1382,DISABLED,1,0,0,0,0,0,2.285
1383,DISABLED,1,0,0,0,0,0,2.160
1384,DISABLED,1,0,0,0,0,0,2.465
1385,DISABLED,1,0,0,0,0,0,2.262
1386,DISABLED,1,0,0,0,0,0,2.222
1387,DISABLED,1,0,0,0,0,0,2.435
1388,DISABLED,1,0,0,0,0,0,2.199
1389,DISABLED,1,0,0,0,0,0,2.285
1390,DISABLED,1,0,0,0,0,0,2.129
1391,DISABLED,1,0,0,0,0,0,2.310
1392,DISABLED,1,0,0,0,0,0,2.172
1393,DISABLED,1,0,0,0,0,0,2.049
1394,DISABLED,1,0,0,0,0,0,2.098
1395,DISABLED,1,0,0,0,0,0,2.090
1396,DISABLED,1,0,0,0,0,0,2.184
1397,DISABLED,1,0,0,0,0,0,2.027
1398,DISABLED,1,0,0,0,0,0,1.918
1399,DISABLED,1,0,0,0,0,0,2.320
1400,DISABLED,1,0,0,0,0,0,1.947
1401,DISABLED,1,0,0,0,0,0,2.052
1402,DISABLED,1,0,0,0,0,0,1.934
1403,DISABLED,1,0,0,0,0,0,1.892
1404,DISABLED,1,0,0,0,0,0,2.348
1405,DISABLED,1,0,0,0,0,0,1.908
1406,DISABLED,1,0,0,0,0,0,2.060
1407,DISABLED,1,0,0,0,0,0,1.934
1408,DISABLED,1,0,0,0,0,0,1.816
1409,DISABLED,1,0,0,0,0,0,1.910
1410,DISABLED,1,0,0,0,0,0,1.902
1411,DISABLED,1,0,0,0,0,0,1.894
1412,DISABLED,1,0,0,0,0,0,1.894
1413,DISABLED,1,0,0,0,0,0,1.683
1414,DISABLED,1,0,0,0,0,0,1.845
1415,DISABLED,1,0,0,0,0,0,1.840
1416,DISABLED,1,0,0,0,0,0,2.035
1417,DISABLED,1,0,0,0,0,0,1.713
1418,DISABLED,1,0,0,0,0,0,1.644
1419,DISABLED,1,0,0,0,0,0,1.833
1420,DISABLED,1,0,0,0,0,0,1.691
1421,DISABLED,1,0,0,0,0,0,1.874
1422,DISABLED,1,0,0,0,0,0,1.644
1423,DISABLED,1,0,0,0,0,0,1.625
1424,DISABLED,1,0,0,0,0,0,1.643
1425,DISABLED,1,0,0,0,0,0,1.722
1426,DISABLED,1,0,0,0,0,0,1.685
1427,DISABLED,1,0,0,0,0,0,1.675
1428,DISABLED,1,0,0,0,0,0,1.291
1429,DISABLED,1,0,0,0,0,0,1.683
1430,DISABLED,1,0,0,0,0,0,1.612
1431,DISABLED,1,0,0,0,0,0,1.580
1432,DISABLED,1,0,0,0,0,0,1.906
1433,DISABLED,1,0,0,0,0,0,1.519
1434,DISABLED,1,0,0,0,0,0,1.487
1435,DISABLED,1,0,0,0,0,0,1.483
1436,DISABLED,1,0,0,0,0,0,1.542
1437,DISABLED,1,0,0,0,0,0,1.533
1438,DISABLED,1,0,0,0,0,0,1.461
1439,DISABLED,1,0,0,0,0,0,1.917
1440,DISABLED,1,0,0,0,0,0,1.715
1441,DISABLED,1,0,0,0,0,0,1.523
1442,DISABLED,1,0,0,0,0,0,1.394
1443,DISABLED,1,0,0,0,0,0,1.417
1444,DISABLED,1,0,0,0,0,0,1.346
1445,DISABLED,1,0,0,0,0,0,1.361
1446,DISABLED,1,0,0,0,0,0,1.410
1447,DISABLED,1,0,0,0,0,0,1.323
1448,DISABLED,1,0,0,0,0,0,1.504
1449,DISABLED,1,0,0,0,0,0,1.291
1450,DISABLED,1,0,0,0,0,0,1.276
1451,DISABLED,1,0,0,0,0,0,1.315
1452,DISABLED,1,0,0,0,0,0,1.261
1453,DISABLED,1,0,0,0,0,0,1.216
1454,DISABLED,1,0,0,0,0,0,1.195
1455,DISABLED,1,0,0,0,0,0,1.464
1456,DISABLED,1,0,0,0,0,0,1.264
1457,DISABLED,1,0,0,0,0,0,1.682
1458,DISABLED,1,0,0,0,0,0,1.120
1459,DISABLED,1,0,0,0,0,0,1.417
1460,DISABLED,1,0,0,0,0,0,1.082
1461,DISABLED,1,0,0,0,0,0,1.226
1462,DISABLED,1,0,0,0,0,0,1.150
1463,DISABLED,1,0,0,0,0,0,1.065
1464,DISABLED,1,0,0,0,0,0,1.073
1465,DISABLED,1,0,0,0,0,0,1.088
1466,DISABLED,1,0,0,0,0,0,1.346
1467,DISABLED,1,0,0,0,0,0,1.034
1468,DISABLED,1,0,0,0,0,0,0.986
1469,DISABLED,1,0,0,0,0,0,0.995
1470,DISABLED,1,0,0,0,0,0,1.198
1471,DISABLED,1,0,0,0,0,0,1.049
1472,DISABLED,1,0,0,0,0,0,1.141
1473,DISABLED,1,0,0,0,0,0,1.151
1474,DISABLED,1,0,0,0,0,0,0.901
1475,DISABLED,1,0,0,0,0,0,0.955
1476,DISABLED,1,0,0,0,0,0,0.948
1477,DISABLED,1,0,0,0,0,0,1.111
1478,DISABLED,1,0,0,0,0,0,1.547
1479,DISABLED,1,0,0,0,0,0,0.893
1480,DISABLED,1,0,0,0,0,0,1.088
1481,DISABLED,1,0,0,0,0,0,0.885
1482,DISABLED,1,0,0,0,0,0,0.783
1483,DISABLED,1,0,0,0,0,0,0.791
1484,DISABLED,1,0,0,0,0,0,0.783
1485,DISABLED,1,0,0,0,0,0,0.815
1486,DISABLED,1,0,0,0,0,0,0.791
1487,DISABLED,1,0,0,0,0,0,0.752
1488,DISABLED,1,0,0,0,0,0,0.713
1489,DISABLED,1,0,0,0,0,0,0.713
1490,DISABLED,1,0,0,0,0,0,0.728
1491,DISABLED,1,0,0,0,0,0,0.744
1492,DISABLED,1,0,0,0,0,0,0.877
1493,DISABLED,1,0,0,0,0,0,0.650
1494,DISABLED,1,0,0,0,0,0,0.627
1495,DISABLED,1,0,0,0,0,0,0.627
1496,DISABLED,1,0,0,0,0,0,0.689
1497,DISABLED,1,0,0,0,0,0,0.621
1498,DISABLED,1,0,0,0,0,0,0.650
1499,DISABLED,1,0,0,0,0,0,0.650
1500,DISABLED,1,0,0,0,0,0,0.627
1501,DISABLED,1,0,0,0,0,0,0.658
1502,DISABLED,1,0,0,0,0,0,0.650
1503,DISABLED,1,0,0,0,0,0,0.681
1504,DISABLED,1,0,0,0,0,0,1.127
1505,DISABLED,1,0,0,0,0,0,0.642
1506,DISABLED,1,0,0,0,0,0,0.697
1507,DISABLED,1,0,0,0,0,0,0.900
1508,DISABLED,1,0,0,0,0,0,1.134
1509,DISABLED,1,0,0,0,0,0,0.916
1510,DISABLED,1,0,0,0,0,0,0.624
1511,DISABLED,1,0,0,0,0,0,0.666
1512,DISABLED,1,0,0,0,0,0,0.650
1513,DISABLED,1,0,0,0,0,0,0.642
1514,DISABLED,1,0,0,0,0,0,0.658
1515,DISABLED,1,0,0,0,0,0,0.658
1516,DISABLED,1,0,0,0,0,0,0.689
1517,DISABLED,1,0,0,0,0,0,0.900
1518,DISABLED,1,0,0,0,0,0,0.627
1519,DISABLED,1,0,0,0,0,0,0.627
1520,DISABLED,1,0,0,0,0,0,0.658
1521,DISABLED,1,0,0,0,0,0,0.681
1522,DISABLED,1,0,0,0,0,0,0.913
1523,DISABLED,1,0,0,0,0,0,0.845
1524,DISABLED,1,0,0,0,0,0,0.634
1525,DISABLED,1,0,0,0,0,0,0.658
1526,DISABLED,1,0,0,0,0,0,0.673
1527,DISABLED,1,0,0,0,0,0,0.853
1528,DISABLED,1,0,0,0,0,0,0.642
1529,DISABLED,1,0,0,0,0,0,0.782
1530,DISABLED,1,0,0,0,0,0,0.627
1531,DISABLED,1,0,0,0,0,0,1.181
1532,DISABLED,1,0,0,0,0,0,0.910
1533,DISABLED,1,0,0,0,0,0,0.658
1534,DISABLED,1,0,0,0,0,0,0.908
1535,DISABLED,1,0,0,0,0,0,0.634
1536,DISABLED,1,0,0,0,0,0,0.668
1537,DISABLED,1,0,0,0,0,0,0.642
1538,DISABLED,1,0,0,0,0,0,0.642
1539,DISABLED,1,0,0,0,0,0,0.658
1540,DISABLED,1,0,0,0,0,0,1.150
1541,DISABLED,1,0,0,0,0,0,0.658
1542,DISABLED,1,0,0,0,0,0,0.673
1543,DISABLED,1,0,0,0,0,0,0.637
1544,DISABLED,1,0,0,0,0,0,0.884
1545,DISABLED,1,0,0,0,0,0,0.892
1546,DISABLED,1,0,0,0,0,0,0.900
1547,DISABLED,1,0,0,0,0,0,0.642
1548,DISABLED,1,0,0,0,0,0,0.634
1549,DISABLED,1,0,0,0,0,0,0.650
1550,DISABLED,1,0,0,0,0,0,0.908
1551,DISABLED,1,0,0,0,0,0,0.666
1552,DISABLED,1,0,0,0,0,0,0.658
1553,DISABLED,1,0,0,0,0,0,0.636
1554,DISABLED,1,0,0,0,0,0,1.191
1555,DISABLED,1,0,0,0,0,0,0.869
1556,DISABLED,1,0,0,0,0,0,0.697
1557,DISABLED,1,0,0,0,0,0,0.892
1558,DISABLED,1,0,0,0,0,0,0.642
1559,DISABLED,1,0,0,0,0,0,0.635
1560,DISABLED,1,0,0,0,0,0,0.640
1561,DISABLED,1,0,0,0,0,0,0.658
1562,DISABLED,1,0,0,0,0,0,0.650
1563,DISABLED,1,0,0,0,0,0,0.642
1564,DISABLED,1,0,0,0,0,0,0.650
1565,DISABLED,1,0,0,0,0,0,0.650
1566,DISABLED,1,0,0,0,0,0,0.673
1567,DISABLED,1,0,0,0,0,0,0.665
1568,DISABLED,1,0,0,0,0,0,0.643
1569,DISABLED,1,0,0,0,0,0,0.860
1570,DISABLED,1,0,0,0,0,0,0.697
1571,DISABLED,1,0,0,0,0,0,0.658
1572,DISABLED,1,0,0,0,0,0,0.743
1573,DISABLED,1,0,0,0,0,0,0.634
1574,DISABLED,1,0,0,0,0,0,0.876
1575,DISABLED,1,0,0,0,0,0,0.650
1576,DISABLED,1,0,0,0,0,0,0.658
1577,DISABLED,1,0,0,0,0,0,0.868
1578,DISABLED,1,0,0,0,0,0,0.665
1579,DISABLED,1,0,0,0,0,0,1.056
1580,DISABLED,1,0,0,0,0,0,1.095
1581,DISABLED,1,0,0,0,0,0,0.907
1582,DISABLED,1,0,0,0,0,0,0.673
1583,DISABLED,1,0,0,0,0,0,0.626
1584,DISABLED,1,0,0,0,0,0,0.657
1585,DISABLED,1,0,0,0,0,0,0.774
1586,DISABLED,1,0,0,0,0,0,0.685
1587,DISABLED,1,0,0,0,0,0,0.648
1588,DISABLED,1,0,0,0,0,0,0.662
1589,DISABLED,1,0,0,0,0,0,0.845
1590,DISABLED,1,0,0,0,0,0,0.915
1591,DISABLED,1,0,0,0,0,0,0.696
1592,DISABLED,1,0,0,0,0,0,0.642
1593,DISABLED,1,0,0,0,0,0,0.868
1594,DISABLED,1,0,0,0,0,0,0.642
1595,DISABLED,1,0,0,0,0,0,1.087
1596,DISABLED,1,0,0,0,0,0,0.662
1597,DISABLED,1,0,0,0,0,0,0.664
1598,DISABLED,1,0,0,0,0,0,0.681
1599,DISABLED,1,0,0,0,0,0,0.657
1600,DISABLED,1,0,0,0,0,0,0.642
1601,DISABLED,1,0,0,0,0,0,0.673
1602,DISABLED,1,0,0,0,0,0,0.657
1603,DISABLED,1,0,0,0,0,0,0.642
1604,DISABLED,1,0,0,0,0,0,0.899
1605,DISABLED,1,0,0,0,0,0,0.650
1606,DISABLED,1,0,0,0,0,0,0.657
1607,DISABLED,1,0,0,0,0,0,0.650
1608,DISABLED,1,0,0,0,0,0,0.931
1609,DISABLED,1,0,0,0,0,0,0.633
1610,DISABLED,1,0,0,0,0,0,0.868
1611,DISABLED,1,0,0,0,0,0,0.907
1612,DISABLED,1,0,0,0,0,0,0.869
1613,DISABLED,1,0,0,0,0,0,0.673
1614,DISABLED,1,0,0,0,0,0,0.634
1615,DISABLED,1,0,0,0,0,0,0.696
1616,DISABLED,1,0,0,0,0,0,0.657
1617,DISABLED,1,0,0,0,0,0,0.800
1618,DISABLED,1,0,0,0,0,0,1.029
1619,DISABLED,1,0,0,0,0,0,1.036
1620,DISABLED,1,0,0,0,0,0,0.903
1621,DISABLED,1,0,0,0,0,0,0.992
1622,DISABLED,1,0,0,0,0,0,1.177
1623,DISABLED,1,0,0,0,0,0,1.075
1624,DISABLED,1,0,0,0,0,0,0.967
1625,DISABLED,1,0,0,0,0,0,1.751
1626,DISABLED,1,0,0,0,0,0,1.249
1627,DISABLED,1,0,0,0,0,0,0.999
1628,DISABLED,1,0,0,0,0,0,1.046
1629,DISABLED,1,0,0,0,0,0,28.592
1630,DISABLED,1,0,0,0,0,0,1.154
1631,DISABLED,1,0,0,0,0,0,1.615
1632,DISABLED,1,0,0,0,0,0,1.217
1633,DISABLED,1,0,0,0,0,0,1.139
1634,DISABLED,1,0,0,0,0,0,1.560
1635,DISABLED,1,0,0,0,0,0,1.573
1636,DISABLED,1,0,0,0,0,0,1.610
1637,DISABLED,1,0,0,0,0,0,1.235
1638,DISABLED,1,0,0,0,0,0,1.298
1639,DISABLED,1,0,0,0,0,0,1.667
1640,DISABLED,1,0,0,0,0,0,1.596
1641,DISABLED,1,0,0,0,0,0,1.706
1642,DISABLED,1,0,0,0,0,0,1.277
1643,DISABLED,1,0,0,0,0,0,1.685
1644,DISABLED,1,0,0,0,0,0,1.639
1645,DISABLED,1,0,0,0,0,0,1.629
1646,DISABLED,1,0,0,0,0,0,1.399
1647,DISABLED,1,0,0,0,0,0,1.693
1648,DISABLED,1,0,0,0,0,0,1.714
1649,DISABLED,1,0,0,0,0,0,1.375
1650,DISABLED,1,0,0,0,0,0,1.349
1651,DISABLED,1,0,0,0,0,0,1.400
1652,DISABLED,1,0,0,0,0,0,1.373
1653,DISABLED,1,0,0,0,0,0,1.452
1654,DISABLED,1,0,0,0,0,0,1.671
1655,DISABLED,1,0,0,0,0,0,1.484
1656,DISABLED,1,0,0,0,0,0,2.172
1657,DISABLED,1,0,0,0,0,0,1.950
1658,DISABLED,1,0,0,0,0,0,1.493
1659,DISABLED,1,0,0,0,0,0,1.481
1660,DISABLED,1,0,0,0,0,0,1.504
1661,DISABLED,1,0,0,0,0,0,1.524
1662,DISABLED,1,0,0,0,0,0,1.548
1663,DISABLED,1,0,0,0,0,0,1.544
1664,DISABLED,1,0,0,0,0,0,1.594
1665,DISABLED,1,0,0,0,0,0,1.580
1666,DISABLED,1,0,0,0,0,0,1.600
1667,DISABLED,1,0,0,0,0,0,1.706
1668,DISABLED,1,0,0,0,0,0,1.671
1669,DISABLED,1,0,0,0,0,0,1.639
1670,DISABLED,1,0,0,0,0,0,1.663
1671,DISABLED,1,0,0,0,0,0,1.792
1672,DISABLED,1,0,0,0,0,0,1.676
1673,DISABLED,1,0,0,0,0,0,1.778
1674,DISABLED,1,0,0,0,0,0,1.668
1675,DISABLED,1,0,0,0,0,0,2.077
1676,DISABLED,1,0,0,0,0,0,1.763
1677,DISABLED,1,0,0,0,0,0,1.763
1678,DISABLED,1,0,0,0,0,0,1.786
1679,DISABLED,1,0,0,0,0,0,1.798
1680,DISABLED,1,0,0,0,0,0,1.796
1681,DISABLED,1,0,0,0,0,0,1.815
1682,DISABLED,1,0,0,0,0,0,2.093
1683,DISABLED,1,0,0,0,0,0,1.858
1684,DISABLED,1,0,0,0,0,0,1.878
1685,DISABLED,1,0,0,0,0,0,1.859
1686,DISABLED,1,0,0,0,0,0,2.132
1687,DISABLED,1,0,0,0,0,0,2.180
1688,DISABLED,1,0,0,0,0,0,1.990
1689,DISABLED,1,0,0,0,0,0,2.001
1690,DISABLED,1,0,0,0,0,0,1.996
1691,DISABLED,1,0,0,0,0,0,2.333
1692,DISABLED,1,0,0,0,0,0,2.002
1693,DISABLED,1,0,0,0,0,0,2.026
1694,DISABLED,1,0,0,0,0,0,2.018
1695,DISABLED,1,0,0,0,0,0,1.995
1696,DISABLED,1,0,0,0,0,0,2.008
1697,DISABLED,1,0,0,0,0,0,2.105
1698,DISABLED,1,0,0,0,0,0,2.069
1699,DISABLED,1,0,0,0,0,0,2.043
1700,DISABLED,1,0,0,0,0,0,2.105
1701,DISABLED,1,0,0,0,0,0,2.113
1702,DISABLED,1,0,0,0,0,0,2.385
1703,DISABLED,1,0,0,0,0,0,2.165
1704,DISABLED,1,0,0,0,0,0,2.130
1705,DISABLED,1,0,0,0,0,0,2.136
1706,DISABLED,1,0,0,0,0,0,2.292
1707,DISABLED,1,0,0,0,0,0,2.202
1708,DISABLED,1,0,0,0,0,0,2.471
1709,DISABLED,1,0,0,0,0,0,2.218
1710,DISABLED,1,0,0,0,0,0,2.210
1711,DISABLED,1,0,0,0,0,0,2.275
1712,DISABLED,1,0,0,0,0,0,2.515
1713,DISABLED,1,0,0,0,0,0,2.313
1714,DISABLED,1,0,0,0,0,0,2.271
1715,DISABLED,1,0,0,0,0,0,2.309
1716,DISABLED,1,0,0,0,0,0,2.330
1717,DISABLED,1,0,0,0,0,0,2.363
1718,DISABLED,1,0,0,0,0,0,2.322
1719,DISABLED,1,0,0,0,0,0,2.271
1720,DISABLED,1,0,0,0,0,0,2.386
1721,DISABLED,1,0,0,0,0,0,2.643
1722,DISABLED,1,0,0,0,0,0,2.448
1723,DISABLED,1,0,0,0,0,0,2.416
1724,DISABLED,1,0,0,0,0,0,2.520
1725,DISABLED,1,0,0,0,0,0,2.442
1726,DISABLED,1,0,0,0,0,0,2.454
1727,DISABLED,1,0,0,0,0,0,2.575
1728,DISABLED,1,0,0,0,0,0,2.213
1729,DISABLED,1,0,0,0,0,0,2.477
1730,DISABLED,1,0,0,0,0,0,2.497
1731,DISABLED,1,0,0,0,0,0,2.539
1732,DISABLED,1,0,0,0,0,0,2.584
1733,DISABLED,1,0,0,0,0,0,2.731
1734,DISABLED,1,0,0,0,0,0,2.471
1735,DISABLED,1,0,0,0,0,0,2.546
1736,DISABLED,1,0,0,0,0,0,2.645
1737,DISABLED,1,0,0,0,0,0,2.664
1738,DISABLED,1,0,0,0,0,0,2.620
1739,DISABLED,1,0,0,0,0,0,2.578
1740,DISABLED,1,0,0,0,0,0,2.662
1741,DISABLED,1,0,0,0,0,0,2.732
1742,DISABLED,1,0,0,0,0,0,2.766
1743,DISABLED,1,0,0,0,0,0,2.586
1744,DISABLED,1,0,0,0,0,0,3.094
1745,DISABLED,1,0,0,0,0,0,2.777
1746,DISABLED,1,0,0,0,0,0,2.736
1747,DISABLED,1,0,0,0,0,0,2.814
1748,DISABLED,1,0,0,0,0,0,2.682
1749,DISABLED,1,0,0,0,0,0,2.934
1750,DISABLED,1,0,0,0,0,0,3.050
1751,DISABLED,1,0,0,0,0,0,2.784
1752,DISABLED,1,0,0,0,0,0,3.097
1753,DISABLED,1,0,0,0,0,0,2.738
1754,DISABLED,1,0,0,0,0,0,2.871
1755,DISABLED,1,0,0,0,0,0,3.319
1756,DISABLED,1,0,0,0,0,0,2.761
1757,DISABLED,1,0,0,0,0,0,3.003
1758,DISABLED,1,0,0,0,0,0,2.845
1759,DISABLED,1,0,0,0,0,0,2.919
1760,DISABLED,1,0,0,0,0,0,3.075
1761,DISABLED,1,0,0,0,0,0,2.858
1762,DISABLED,1,0,0,0,0,0,2.997
1763,DISABLED,1,0,0,0,0,0,2.842
1764,DISABLED,1,0,0,0,0,0,2.842
1765,DISABLED,1,0,0,0,0,0,3.071
1766,DISABLED,1,0,0,0,0,0,2.968
1767,DISABLED,1,0,0,0,0,0,3.021
1768,DISABLED,1,0,0,0,0,0,2.930
1769,DISABLED,1,0,0,0,0,0,2.984
1770,DISABLED,1,0,0,0,0,0,3.032
1771,DISABLED,1,0,0,0,0,0,3.048
1772,DISABLED,1,0,0,0,0,0,3.110
1773,DISABLED,1,0,0,0,0,0,3.332
1774,DISABLED,1,0,0,0,0,0,3.408
1775,DISABLED,1,0,0,0,0,0,3.051
1776,DISABLED,1,0,0,0,0,0,3.203
1777,DISABLED,1,0,0,0,0,0,3.166
1778,DISABLED,1,0,0,0,0,0,3.063
1779,DISABLED,1,0,0,0,0,0,3.204
1780,DISABLED,1,0,0,0,0,0,2.972
1781,DISABLED,1,0,0,0,0,0,3.214
1782,DISABLED,1,0,0,0,0,0,3.231
1783,DISABLED,1,0,0,0,0,0,3.498
1784,DISABLED,1,0,0,0,0,0,3.311
1785,DISABLED,1,0,0,0,0,0,3.352
1786,DISABLED,1,0,0,0,0,0,3.147
1787,DISABLED,1,0,0,0,0,0,3.383
1788,DISABLED,1,0,0,0,0,0,3.143
1789,DISABLED,1,0,0,0,0,0,3.587
1790,DISABLED,1,0,0,0,0,0,3.414
1791,DISABLED,1,0,0,0,0,0,3.737
1792,DISABLED,1,0,0,0,0,0,3.281
1793,DISABLED,1,0,0,0,0,0,3.521
1794,DISABLED,1,0,0,0,0,0,3.499
1795,DISABLED,1,0,0,0,0,0,3.257
1796,DISABLED,1,0,0,0,0,0,3.325
1797,DISABLED,1,0,0,0,0,0,3.330
1798,DISABLED,1,0,0,0,0,0,3.617
1799,DISABLED,1,0,0,0,0,0,3.948
1800,DISABLED,1,0,0,0,0,0,3.256
1801,DISABLED,1,0,0,0,0,0,3.334
1802,DISABLED,1,0,0,0,0,0,3.269
1803,DISABLED,1,0,0,0,0,0,3.525
1804,DISABLED,1,0,0,0,0,0,3.564
1805,DISABLED,1,0,0,0,0,0,3.320
1806,DISABLED,1,0,0,0,0,0,3.376
1807,DISABLED,1,0,0,0,0,0,3.763
1808,DISABLED,1,0,0,0,0,0,3.562
1809,DISABLED,1,0,0,0,0,0,3.610
1810,DISABLED,1,0,0,0,0,0,3.493
1811,DISABLED,1,0,0,0,0,0,3.732
1812,DISABLED,1,0,0,0,0,0,3.667
1813,DISABLED,1,0,0,0,0,0,3.341
1814,DISABLED,1,0,0,0,0,0,3.707
1815,DISABLED,1,0,0,0,0,0,3.346
1816,DISABLED,1,0,0,0,0,0,3.996
1817,DISABLED,1,0,0,0,0,0,3.470
1818,DISABLED,1,0,0,0,0,0,3.486
1819,DISABLED,1,0,0,0,0,0,3.548
1820,DISABLED,1,0,0,0,0,0,3.492
1821,DISABLED,1,0,0,0,0,0,3.764
1822,DISABLED,1,0,0,0,0,0,3.630
1823,DISABLED,1,0,0,0,0,0,4.009
1824,DISABLED,1,0,0,0,0,0,4.026
1825,DISABLED,1,0,0,0,0,0,3.991
1826,DISABLED,1,0,0,0,0,0,3.834
1827,DISABLED,1,0,0,0,0,0,3.855
1828,DISABLED,1,0,0,0,0,0,3.758
1829,DISABLED,1,0,0,0,0,0,4.203
1830,DISABLED,1,0,0,0,0,0,3.540
1831,DISABLED,1,0,0,0,0,0,3.727
1832,DISABLED,1,0,0,0,0,0,3.482
1833,DISABLED,1,0,0,0,0,0,3.729
1834,DISABLED,1,0,0,0,0,0,3.909
1835,DISABLED,1,0,0,0,0,0,3.626
1836,DISABLED,1,0,0,0,0,0,3.656
1837,DISABLED,1,0,0,0,0,0,3.648
1838,DISABLED,1,0,0,0,0,0,3.954
1839,DISABLED,1,0,0,0,0,0,3.961
1840,DISABLED,1,0,0,0,0,0,3.830
1841,DISABLED,1,0,0,0,0,0,4.302
1842,DISABLED,1,0,0,0,0,0,3.756
1843,DISABLED,1,0,0,0,0,0,3.855
1844,DISABLED,1,0,0,0,0,0,3.925
1845,DISABLED,1,0,0,0,0,0,4.091
1846,DISABLED,1,0,0,0,0,0,3.889
1847,DISABLED,1,0,0,0,0,0,4.176
1848,DISABLED,1,0,0,0,0,0,4.274
1849,DISABLED,1,0,0,0,0,0,4.239
1850,DISABLED,1,0,0,0,0,0,3.781
1851,DISABLED,1,0,0,0,0,0,4.269
1852,DISABLED,1,0,0,0,0,0,3.987
1853,DISABLED,1,0,0,0,0,0,3.908
1854,DISABLED,1,0,0,0,0,0,4.131
1855,DISABLED,1,0,0,0,0,0,3.997
1856,DISABLED,1,0,0,0,0,0,4.635
1857,DISABLED,1,0,0,0,0,0,4.675
1858,DISABLED,1,0,0,0,0,0,4.221
1859,DISABLED,1,0,0,0,0,0,4.213
1860,DISABLED,1,0,0,0,0,0,4.236
1861,DISABLED,1,0,0,0,0,0,3.824
1862,DISABLED,1,0,0,0,0,0,4.758
1863,DISABLED,1,0,0,0,0,0,4.096
1864,DISABLED,1,0,0,0,0,0,4.435
1865,DISABLED,1,0,0,0,0,0,4.121
1866,DISABLED,1,0,0,0,0,0,4.072
1867,DISABLED,1,0,0,0,0,0,4.335
1868,DISABLED,1,0,0,0,0,0,4.171
1869,DISABLED,1,0,0,0,0,0,4.581
1870,DISABLED,1,0,0,0,0,0,4.121
1871,DISABLED,1,0,0,0,0,0,4.203
1872,DISABLED,1,0,0,0,0,0,4.881
1873,DISABLED,1,0,0,0,0,0,4.338
1874,DISABLED,1,0,0,0,0,0,4.550
1875,DISABLED,1,0,0,0,0,0,4.148
1876,DISABLED,1,0,0,0,0,0,4.310
1877,DISABLED,1,0,0,0,0,0,4.565
1878,DISABLED,1,0,0,0,0,0,4.341
1879,DISABLED,1,0,0,0,0,0,5.286
1880,DISABLED,1,0,0,0,0,0,3.905
1881,DISABLED,1,0,0,0,0,0,4.598
1882,DISABLED,1,0,0,0,0,0,4.109
1883,DISABLED,1,0,0,0,0,0,4.449
1884,DISABLED,1,0,0,0,0,0,4.576
1885,DISABLED,1,0,0,0,0,0,4.167
1886,DISABLED,1,0,0,0,0,0,4.358
1887,DISABLED,1,0,0,0,0,0,4.248
1888,DISABLED,1,0,0,0,0,0,4.563
1889,DISABLED,1,0,0,0,0,0,5.210
1890,DISABLED,1,0,0,0,0,0,4.278
1891,DISABLED,1,0,0,0,0,0,4.774
1892,DISABLED,1,0,0,0,0,0,4.340
1893,DISABLED,1,0,0,0,0,0,4.800
1894,DISABLED,1,0,0,0,0,0,4.616
1895,DISABLED,1,0,0,0,0,0,4.792
1896,DISABLED,1,0,0,0,0,0,4.782
1897,DISABLED,1,0,0,0,0,0,4.394
1898,DISABLED,1,0,0,0,0,0,4.587
1899,DISABLED,1,0,0,0,0,0,4.705
1900,DISABLED,1,0,0,0,0,0,4.751
1901,DISABLED,1,0,0,0,0,0,4.329
1902,DISABLED,1,0,0,0,0,0,4.306
1903,DISABLED,1,0,0,0,0,0,4.675
1904,DISABLED,1,0,0,0,0,0,5.524
1905,DISABLED,1,0,0,0,0,0,4.581
1906,DISABLED,1,0,0,0,0,0,4.558
1907,DISABLED,1,0,0,0,0,0,4.446
1908,DISABLED,1,0,0,0,0,0,4.827
1909,DISABLED,1,0,0,0,0,0,4.930
1910,DISABLED,1,0,0,0,0,0,5.113
1911,DISABLED,1,0,0,0,0,0,4.470
1912,DISABLED,1,0,0,0,0,0,4.488
1913,DISABLED,1,0,0,0,0,0,4.745
1914,DISABLED,1,0,0,0,0,0,5.184
1915,DISABLED,1,0,0,0,0,0,4.678
1916,DISABLED,1,0,0,0,0,0,4.373
1917,DISABLED,1,0,0,0,0,0,4.571
1918,DISABLED,1,0,0,0,0,0,5.035
1919,DISABLED,1,0,0,0,0,0,4.853
1920,DISABLED,1,0,0,0,0,0,4.711
1921,DISABLED,1,0,0,0,0,0,4.592
1922,DISABLED,1,0,0,0,0,0,4.366
1923,DISABLED,1,0,0,0,0,0,4.839
1924,DISABLED,1,0,0,0,0,0,5.022
1925,DISABLED,1,0,0,0,0,0,4.830
1926,DISABLED,1,0,0,0,0,0,5.166
1927,DISABLED,1,0,0,0,0,0,4.649
1928,DISABLED,1,0,0,0,0,0,4.736
1929,DISABLED,1,0,0,0,0,0,32.534
1930,DISABLED,1,0,0,0,0,0,5.212
1931,DISABLED,1,0,0,0,0,0,4.815
1932,DISABLED,1,0,0,0,0,0,5.285
1933,DISABLED,1,0,0,0,0,0,5.277
1934,DISABLED,1,0,0,0,0,0,5.566
1935,DISABLED,1,0,0,0,0,0,4.736
1936,DISABLED,1,0,0,0,0,0,5.001
1937,DISABLED,1,0,0,0,0,0,4.932
1938,DISABLED,1,0,0,0,0,0,4.983
1939,DISABLED,1,0,0,0,0,0,5.746
1940,DISABLED,1,0,0,0,0,0,5.094
1941,DISABLED,1,0,0,0,0,0,4.690
1942,DISABLED,1,0,0,0,0,0,4.877
1943,DISABLED,1,0,0,0,0,0,5.056
1944,DISABLED,1,0,0,0,0,0,5.251
1945,DISABLED,1,0,0,0,0,0,5.155
1946,DISABLED,1,0,0,0,0,0,4.969
1947,DISABLED,1,0,0,0,0,0,5.068
1948,DISABLED,1,0,0,0,0,0,5.848
1949,DISABLED,1,0,0,0,0,0,5.688
1950,DISABLED,1,0,0,0,0,0,5.054
1951,DISABLED,1,0,0,0,0,0,5.442
1952,DISABLED,1,0,0,0,0,0,4.945
1953,DISABLED,1,0,0,0,0,0,5.320
1954,DISABLED,1,0,0,0,0,0,4.721
1955,DISABLED,1,0,0,0,0,0,5.066
1956,DISABLED,1,0,0,0,0,0,4.905
1957,DISABLED,1,0,0,0,0,0,5.298
1958,DISABLED,1,0,0,0,0,0,5.443
1959,DISABLED,1,0,0,0,0,0,5.242
1960,DISABLED,1,0,0,0,0,0,5.640
1961,DISABLED,1,0,0,0,0,0,4.918
1962,DISABLED,1,0,0,0,0,0,6.121
1963,DISABLED,1,0,0,0,0,0,5.562
1964,DISABLED,1,0,0,0,0,0,4.811
1965,DISABLED,1,0,0,0,0,0,5.818
1966,DISABLED,1,0,0,0,0,0,7.422
1967,DISABLED,1,0,0,0,0,0,5.818
1968,DISABLED,1,0,0,0,0,0,5.457
1969,DISABLED,1,0,0,0,0,0,5.389
1970,DISABLED,1,0,0,0,0,0,5.629
1971,DISABLED,1,0,0,0,0,0,5.036
1972,DISABLED,1,0,0,0,0,0,5.617
1973,DISABLED,1,0,0,0,0,0,5.772
1974,DISABLED,1,0,0,0,0,0,5.514
1975,DISABLED,1,0,0,0,0,0,5.357
1976,DISABLED,1,0,0,0,0,0,4.964
1977,DISABLED,1,0,0,0,0,0,5.456
1978,DISABLED,1,0,0,0,0,0,5.526
1979,DISABLED,1,0,0,0,0,0,5.400
1980,DISABLED,1,0,0,0,0,0,5.622
1981,DISABLED,1,0,0,0,0,0,4.844
1982,DISABLED,1,0,0,0,0,0,5.493
1983,DISABLED,1,0,0,0,0,0,5.437
1984,DISABLED,1,0,0,0,0,0,5.460
1985,DISABLED,1,0,0,0,0,0,5.249
1986,DISABLED,1,0,0,0,0,0,5.171
1987,DISABLED,1,0,0,0,0,0,5.685
1988,DISABLED,1,0,0,0,0,0,4.922
1989,DISABLED,1,0,0,0,0,0,5.567
1990,DISABLED,1,0,0,0,0,0,5.001
1991,DISABLED,1,0,0,0,0,0,4.986
1992,DISABLED,1,0,0,0,0,0,5.412
1993,DISABLED,1,0,0,0,0,0,5.289
1994,DISABLED,1,0,0,0,0,0,5.582
1995,DISABLED,1,0,0,0,0,0,5.156
1996,DISABLED,1,0,0,0,0,0,5.079
1997,DISABLED,1,0,0,0,0,0,5.264
1998,DISABLED,1,0,0,0,0,0,5.233
1999,DISABLED,1,0,0,0,0,0,5.881
2000,DISABLED,1,0,0,0,0,0,5.229
2001,DISABLED,1,0,0,0,0,0,5.347
2002,DISABLED,1,0,0,0,0,0,5.490
2003,DISABLED,1,0,0,0,0,0,5.357
2004,DISABLED,1,0,0,0,0,0,5.746
2005,DISABLED,1,0,0,0,0,0,5.157
2006,DISABLED,1,0,0,0,0,0,5.171
2007,DISABLED,1,0,0,0,0,0,5.478
2008,DISABLED,1,0,0,0,0,0,5.213
2009,DISABLED,1,0,0,0,0,0,5.465
2010,DISABLED,1,0,0,0,0,0,5.164
2011,DISABLED,1,0,0,0,0,0,5.366
2012,DISABLED,1,0,0,0,0,0,5.272
2013,DISABLED,1,0,0,0,0,0,5.170
2014,DISABLED,1,0,0,0,0,0,5.627
2015,DISABLED,1,0,0,0,0,0,5.035
2016,DISABLED,1,0,0,0,0,0,5.764
2017,DISABLED,1,0,0,0,0,0,5.382
2018,DISABLED,1,0,0,0,0,0,5.343
2019,DISABLED,1,0,0,0,0,0,5.570
2020,DISABLED,1,0,0,0,0,0,4.867
2021,DISABLED,1,0,0,0,0,0,5.817
2022,DISABLED,1,0,0,0,0,0,5.404
2023,DISABLED,1,0,0,0,0,0,5.200
2024,DISABLED,1,0,0,0,0,0,5.209
2025,DISABLED,1,0,0,2,1,1,3.841
2026,DISABLED,1,0,0,0,0,0,6.301
2027,DISABLED,1,0,0,0,0,0,4.689
2028,DISABLED,1,0,0,0,0,0,5.354
2029,DISABLED,1,0,0,0,0,0,5.177
2030,DISABLED,1,0,0,0,0,0,5.248
2031,DISABLED,1,0,0,0,0,0,5.542
2032,DISABLED,1,0,0,0,0,0,5.260
2033,DISABLED,1,0,0,0,0,0,5.380
2034,DISABLED,1,0,0,0,0,0,5.386
2035,DISABLED,1,0,0,0,0,0,5.121
2036,DISABLED,1,0,0,0,0,0,5.316
2037,DISABLED,1,0,0,0,0,0,5.050
2038,DISABLED,1,0,0,0,0,0,5.473
2039,DISABLED,1,0,0,0,0,0,5.340
2040,DISABLED,1,0,0,0,0,0,5.175
2041,DISABLED,1,0,0,0,0,0,5.418
2042,DISABLED,1,0,0,0,0,0,5.371
2043,DISABLED,1,0,0,0,0,0,5.301
2044,DISABLED,1,0,0,0,0,0,5.284
2045,DISABLED,1,0,0,0,0,0,5.315
2046,DISABLED,1,0,0,0,0,0,5.519
2047,DISABLED,1,0,0,0,0,0,5.167
2048,DISABLED,1,0,0,0,0,0,5.691
2049,DISABLED,1,0,0,0,0,0,5.091
2050,DISABLED,1,0,0,0,0,0,5.502
2051,DISABLED,1,0,0,0,0,0,5.714
2052,DISABLED,1,0,0,0,0,0,5.327
2053,DISABLED,1,0,0,0,0,0,6.005
2054,DISABLED,1,0,0,0,0,0,5.222
2055,DISABLED,1,0,0,0,0,0,5.163
2056,DISABLED,1,0,0,0,0,0,5.279
2057,DISABLED,1,0,0,0,0,0,5.625
2058,DISABLED,1,0,0,0,0,0,5.398
2059,DISABLED,1,0,0,0,0,0,5.209
2060,DISABLED,1,0,0,0,0,0,5.696
2061,DISABLED,1,0,0,0,0,0,5.352
2062,DISABLED,1,0,0,0,0,0,5.562
2063,DISABLED,1,0,0,0,0,0,5.070
2064,DISABLED,1,0,0,0,0,0,5.145
2065,DISABLED,1,0,0,0,0,0,5.866
2066,DISABLED,1,0,0,0,0,0,5.264
2067,DISABLED,1,0,0,0,0,0,5.862
2068,DISABLED,1,0,0,0,0,0,5.222
2069,DISABLED,1,0,0,0,0,0,5.725
2070,DISABLED,1,0,0,0,0,0,5.565
2071,DISABLED,1,0,0,0,0,0,5.410
2072,DISABLED,1,0,0,0,0,0,5.722
2073,DISABLED,1,0,0,0,0,0,5.292
2074,DISABLED,1,0,0,0,0,0,5.253
2075,DISABLED,1,0,0,0,0,0,5.769
2076,DISABLED,1,0,0,0,0,0,5.597
2077,DISABLED,1,0,0,0,0,0,5.836
2078,DISABLED,1,0,0,0,0,0,5.790
2079,DISABLED,1,0,0,0,0,0,5.339
2080,DISABLED,1,0,0,0,0,0,5.631
2081,DISABLED,1,0,0,0,0,0,5.572
2082,DISABLED,1,0,0,0,0,0,5.664
2083,DISABLED,1,0,0,0,0,0,5.233
2084,DISABLED,1,0,0,0,0,0,5.183
2085,DISABLED,1,0,0,0,0,0,5.230
2086,DISABLED,1,0,0,0,0,0,5.651
2087,DISABLED,1,0,0,0,0,0,5.575
2088,DISABLED,1,0,0,0,0,0,5.475
2089,DISABLED,1,0,0,0,0,0,5.228
2090,DISABLED,1,0,0,0,0,0,5.660
2091,DISABLED,1,0,0,0,0,0,6.046
2092,DISABLED,1,0,0,0,0,0,5.546
2093,DISABLED,1,0,0,0,0,0,5.879
2094,DISABLED,1,0,0,0,0,0,5.356
2095,DISABLED,1,0,0,0,0,0,5.635
2096,DISABLED,1,0,0,0,0,0,5.718
2097,DISABLED,1,0,0,0,0,0,5.563
2098,DISABLED,1,0,0,0,0,0,5.485
2099,DISABLED,1,0,0,0,0,0,5.315
2100,DISABLED,1,0,0,0,0,0,5.755
2101,DISABLED,1,0,0,0,0,0,5.339
2102,DISABLED,1,0,0,0,0,0,5.822
2103,DISABLED,1,0,0,0,0,0,5.587
2104,DISABLED,1,0,0,0,0,0,5.339
2105,DISABLED,1,0,0,0,0,0,5.755
2106,DISABLED,1,0,0,0,0,0,5.582
2107,DISABLED,1,0,0,0,0,0,5.572
2108,DISABLED,1,0,0,0,0,0,5.280
2109,DISABLED,1,0,0,0,0,0,6.318
2110,DISABLED,1,0,0,0,0,0,5.851
2111,DISABLED,1,0,0,0,0,0,5.358
2112,DISABLED,1,0,0,0,0,0,5.324
2113,DISABLED,1,0,0,0,0,0,5.943
2114,DISABLED,1,0,0,0,0,0,5.403
2115,DISABLED,1,0,0,0,0,0,5.902
2116,DISABLED,1,0,0,0,0,0,5.337
2117,DISABLED,1,0,0,0,0,0,6.270
2118,DISABLED,1,0,0,0,0,0,5.690
2119,DISABLED,1,0,0,0,0,0,5.364
2120,DISABLED,1,0,0,0,0,0,6.355
2121,DISABLED,1,0,0,0,0,0,5.725
2122,DISABLED,1,0,0,0,0,0,5.481
2123,DISABLED,1,0,0,0,0,0,5.751
2124,DISABLED,1,0,0,0,0,0,5.593
2125,DISABLED,1,0,0,0,0,0,5.701
2126,DISABLED,1,0,0,0,0,0,5.508
2127,DISABLED,1,0,0,0,0,0,5.545
2128,DISABLED,1,0,0,0,0,0,5.521
2129,DISABLED,1,0,0,0,0,0,5.612
2130,DISABLED,1,0,0,0,0,0,6.237
2131,DISABLED,1,0,0,0,0,0,5.682
2132,DISABLED,1,0,0,0,0,0,5.574
2133,DISABLED,1,0,0,0,0,0,5.441
2134,DISABLED,1,0,0,0,0,0,5.840
2135,DISABLED,1,0,0,0,0,0,5.551
2136,DISABLED,1,0,0,0,0,0,6.235
2137,DISABLED,1,0,0,0,0,0,6.153
2138,DISABLED,1,0,0,0,0,0,5.573
2139,DISABLED,1,0,0,0,0,0,6.068
2140,DISABLED,1,0,0,0,0,0,5.698
2141,DISABLED,1,0,0,0,0,0,5.448
2142,DISABLED,1,0,0,0,0,0,5.684
2143,DISABLED,1,0,0,0,0,0,5.595
2144,DISABLED,1,0,0,0,0,0,5.755
2145,DISABLED,1,0,0,0,0,0,5.952
2146,DISABLED,1,0,0,0,0,0,6.407
2147,DISABLED,1,0,0,0,0,0,5.487
2148,DISABLED,1,0,0,0,0,0,5.723
2149,DISABLED,1,0,0,0,0,0,5.949
2150,DISABLED,1,0,0,0,0,0,5.235
2151,DISABLED,1,0,0,0,0,0,5.855
2152,DISABLED,1,0,0,0,0,0,5.812
2153,DISABLED,1,0,0,0,0,0,5.822
2154,DISABLED,1,0,0,0,0,0,6.108
2155,DISABLED,1,0,0,0,0,0,5.512
2156,DISABLED,1,0,0,0,0,0,5.861
2157,DISABLED,1,0,0,0,0,0,6.050
2158,DISABLED,1,0,0,0,0,0,5.684
2159,DISABLED,1,0,0,0,0,0,5.919
2160,DISABLED,1,0,0,0,0,0,5.550
2161,DISABLED,1,0,0,0,0,0,5.919
2162,DISABLED,1,0,0,0,0,0,5.822
2163,DISABLED,1,0,0,0,0,0,5.739
2164,DISABLED,1,0,0,0,0,0,6.058
2165,DISABLED,1,0,0,0,0,0,5.502
2166,DISABLED,1,0,0,0,0,0,5.912
2167,DISABLED,1,0,0,0,0,0,5.792
2168,DISABLED,1,0,0,0,0,0,5.890
2169,DISABLED,1,0,0,0,0,0,5.934
2170,DISABLED,1,0,0,0,0,0,5.772
2171,DISABLED,1,0,0,0,0,0,6.191
2172,DISABLED,1,0,0,0,0,0,5.692
2173,DISABLED,1,0,0,0,0,0,5.849
2174,DISABLED,1,0,0,0,0,0,5.784
2175,DISABLED,1,0,0,0,0,0,5.701
2176,DISABLED,1,0,0,0,0,0,5.938
2177,DISABLED,1,0,0,0,0,0,5.996
2178,DISABLED,1,0,0,0,0,0,6.274
2179,DISABLED,1,0,0,0,0,0,5.805
2180,DISABLED,1,0,0,0,0,0,5.701
2181,DISABLED,1,0,0,0,0,0,6.092
2182,DISABLED,1,0,0,0,0,0,6.127
2183,DISABLED,1,0,0,0,0,0,5.772
2184,DISABLED,1,0,0,0,0,0,6.004
2185,DISABLED,1,0,0,0,0,0,5.667
2186,DISABLED,1,0,0,0,0,0,5.880
2187,DISABLED,1,0,0,0,0,0,6.245
2188,DISABLED,1,0,0,0,0,0,5.841
2189,DISABLED,1,0,0,0,0,0,6.161
2190,DISABLED,1,0,0,0,0,0,5.785
2191,DISABLED,1,0,0,0,0,0,6.763
2192,DISABLED,1,0,0,0,0,0,6.043
2193,DISABLED,1,0,0,0,0,0,5.879
2194,DISABLED,1,0,0,0,0,0,5.864
2195,DISABLED,1,0,0,0,0,0,6.499
2196,DISABLED,1,0,0,0,0,0,6.161
2197,DISABLED,1,0,0,0,0,0,5.735
2198,DISABLED,1,0,0,0,0,0,6.311
2199,DISABLED,1,0,0,0,0,0,6.022
2200,DISABLED,1,0,0,0,0,0,5.559
2201,DISABLED,1,0,0,0,0,0,5.936
2202,DISABLED,1,0,0,0,0,0,5.959
2203,DISABLED,1,0,0,0,0,0,6.469
2204,DISABLED,1,0,0,0,0,0,6.014
2205,DISABLED,1,0,0,0,0,0,5.860
2206,DISABLED,1,0,0,0,0,0,6.002
2207,DISABLED,1,0,0,0,0,0,5.938
2208,DISABLED,1,0,0,0,0,0,5.903
2209,DISABLED,1,0,0,0,0,0,5.912
2210,DISABLED,1,0,0,0,0,0,6.452
2211,DISABLED,1,0,0,0,0,0,5.863
2212,DISABLED,1,0,0,0,0,0,5.851
2213,DISABLED,1,0,0,0,0,0,6.179
2214,DISABLED,1,0,0,0,0,0,5.793
2215,DISABLED,1,0,0,0,0,0,6.699
2216,DISABLED,1,0,0,0,0,0,5.887
2217,DISABLED,1,0,0,0,0,0,5.892
2218,DISABLED,1,0,0,0,0,0,6.044
2219,DISABLED,1,0,0,0,0,0,5.824
2220,DISABLED,1,0,0,0,0,0,6.138
2221,DISABLED,1,0,0,0,0,0,5.761
2222,DISABLED,1,0,0,0,0,0,5.907
2223,DISABLED,1,0,0,0,0,0,5.991
2224,DISABLED,1,0,0,0,0,0,5.899
2225,DISABLED,1,0,0,0,0,0,6.105
2226,DISABLED,1,0,0,0,0,0,6.795
2227,DISABLED,1,0,0,0,0,0,5.749
2228,DISABLED,1,0,0,0,0,0,6.115
2229,DISABLED,1,0,0,0,0,0,33.377
2230,DISABLED,1,0,0,0,0,0,6.914
2231,DISABLED,1,0,0,0,0,0,5.938
2232,DISABLED,1,0,0,0,0,0,5.679
2233,DISABLED,1,0,0,0,0,0,6.045
2234,DISABLED,1,0,0,0,0,0,5.949
2235,DISABLED,1,0,0,0,0,0,6.291
2236,DISABLED,1,0,0,0,0,0,5.780
2237,DISABLED,1,0,0,0,0,0,5.800
2238,DISABLED,1,0,0,0,0,0,5.949
2239,DISABLED,1,0,0,0,0,0,6.023
2240,DISABLED,1,0,0,0,0,0,6.420
2241,DISABLED,1,0,0,0,0,0,6.202
2242,DISABLED,1,0,0,0,0,0,5.871
2243,DISABLED,1,0,0,0,0,0,6.182
2244,DISABLED,1,0,0,0,0,0,6.132
2245,DISABLED,1,0,0,0,0,0,5.785
2246,DISABLED,1,0,0,0,0,0,5.997
2247,DISABLED,1,0,0,0,0,0,5.826
2248,DISABLED,1,0,0,0,0,0,6.075
2249,DISABLED,1,0,0,0,0,0,5.760
2250,DISABLED,1,0,0,0,0,0,5.794
2251,DISABLED,1,0,0,0,0,0,5.633
2252,DISABLED,1,0,0,0,0,0,6.334
2253,DISABLED,1,0,0,0,0,0,5.897
2254,DISABLED,1,0,0,0,0,0,6.335
2255,DISABLED,1,0,0,0,0,0,5.614
2256,DISABLED,1,0,0,0,0,0,5.636
2257,DISABLED,1,0,0,0,0,0,5.755
2258,DISABLED,1,0,0,0,0,0,6.247
2259,DISABLED,1,0,0,0,0,0,5.677
2260,DISABLED,1,0,0,0,0,0,5.957
2261,DISABLED,1,0,0,0,0,0,6.342
2262,DISABLED,1,0,0,0,0,0,5.496
2263,DISABLED,1,0,0,0,0,0,5.803
2264,DISABLED,1,0,0,0,0,0,5.865
2265,DISABLED,1,0,0,0,0,0,5.608
2266,DISABLED,1,0,0,0,0,0,6.035
2267,DISABLED,1,0,0,0,0,0,5.739
2268,DISABLED,1,0,0,0,0,0,5.637
2269,DISABLED,1,0,0,0,0,0,5.530
2270,DISABLED,1,0,0,0,0,0,5.530
2271,DISABLED,1,0,0,0,0,0,5.973
2272,DISABLED,1,0,0,0,0,0,5.621
2273,DISABLED,1,0,0,0,0,0,6.231
2274,DISABLED,1,0,0,0,0,0,5.602
2275,DISABLED,1,0,0,0,0,0,5.438
2276,DISABLED,1,0,0,0,0,0,5.789
2277,DISABLED,1,0,0,0,0,0,5.409
2278,DISABLED,1,0,0,0,0,0,5.731
2279,DISABLED,1,0,0,0,0,0,5.489
2280,DISABLED,1,0,0,0,0,0,5.492
2281,DISABLED,1,0,0,0,0,0,5.758
2282,DISABLED,1,0,0,0,0,0,5.543
2283,DISABLED,1,0,0,0,0,0,5.876
2284,DISABLED,1,0,0,0,0,0,5.452
2285,DISABLED,1,0,0,0,0,0,5.502
2286,DISABLED,1,0,0,0,0,0,5.341
2287,DISABLED,1,0,0,0,0,0,5.574
2288,DISABLED,1,0,0,0,0,0,5.784
2289,DISABLED,1,0,0,0,0,0,5.405
2290,DISABLED,1,0,0,0,0,0,5.620
2291,DISABLED,1,0,0,0,0,0,5.412
2292,DISABLED,1,0,0,0,0,0,5.748
2293,DISABLED,1,0,0,0,0,0,5.781
2294,DISABLED,1,0,0,0,0,0,5.592
2295,DISABLED,1,0,0,0,0,0,5.649
2296,DISABLED,1,0,0,0,0,0,5.844
2297,DISABLED,1,0,0,0,0,0,5.465
2298,DISABLED,1,0,0,0,0,0,5.528
2299,DISABLED,1,0,0,0,0,0,5.446
2300,DISABLED,1,0,0,0,0,0,5.652
2301,DISABLED,1,0,0,0,0,0,5.848
2302,DISABLED,1,0,0,0,0,0,5.451
2303,DISABLED,1,0,0,0,0,0,5.336
2304,DISABLED,1,0,0,0,0,0,5.532
2305,DISABLED,1,0,0,0,0,0,5.578
2306,DISABLED,1,0,0,0,0,0,5.584
2307,DISABLED,1,0,0,0,0,0,5.477
2308,DISABLED,1,0,0,0,0,0,5.391
2309,DISABLED,1,0,0,0,0,0,5.399
2310,DISABLED,1,0,0,0,0,0,5.587
2311,DISABLED,1,0,0,0,0,0,5.670
2312,DISABLED,1,0,0,0,0,0,5.258
2313,DISABLED,1,0,0,0,0,0,5.473
2314,DISABLED,1,0,0,0,0,0,5.447
2315,DISABLED,1,0,0,0,0,0,5.539
2316,DISABLED,1,0,0,0,0,0,5.615
2317,DISABLED,1,0,0,0,0,0,5.386
2318,DISABLED,1,0,0,0,0,0,5.275
2319,DISABLED,1,0,0,0,0,0,5.304
2320,DISABLED,1,0,0,0,0,0,5.467
2321,DISABLED,1,0,0,0,0,0,5.438
2322,DISABLED,1,0,0,0,0,0,5.617
2323,DISABLED,1,0,0,0,0,0,5.138
2324,DISABLED,1,0,0,0,0,0,5.522
2325,DISABLED,1,0,0,0,0,0,5.263
2326,DISABLED,1,0,0,0,0,0,5.365
2327,DISABLED,1,0,0,0,0,0,5.421
2328,DISABLED,1,0,0,0,0,0,5.074
2329,DISABLED,1,0,0,0,0,0,5.428
2330,DISABLED,1,0,0,0,0,0,5.194
2331,DISABLED,1,0,0,0,0,0,5.363
2332,DISABLED,1,0,0,0,0,0,5.271
2333,DISABLED,1,0,0,0,0,0,5.124
2334,DISABLED,1,0,0,0,0,0,5.421
2335,DISABLED,1,0,0,0,0,0,5.317
2336,DISABLED,1,0,0,0,0,0,5.220
2337,DISABLED,1,0,0,0,0,0,5.272
2338,DISABLED,1,0,0,0,0,0,5.121
2339,DISABLED,1,0,0,0,0,0,5.377
2340,DISABLED,1,0,0,0,0,0,5.247
2341,DISABLED,1,0,0,0,0,0,5.100
2342,DISABLED,1,0,0,0,0,0,5.176
2343,DISABLED,1,0,0,0,0,0,5.066
2344,DISABLED,1,0,0,0,0,0,5.241
2345,DISABLED,1,0,0,0,0,0,5.173
2346,DISABLED,1,0,0,0,0,0,5.171
2347,DISABLED,1,0,0,0,0,0,5.488
2348,DISABLED,1,0,0,0,0,0,5.016
2349,DISABLED,1,0,0,0,0,0,5.136
2350,DISABLED,1,0,0,0,0,0,5.457
2351,DISABLED,1,0,0,0,0,0,5.026
2352,DISABLED,1,0,0,0,0,0,5.137
2353,DISABLED,1,0,0,0,0,0,4.936
2354,DISABLED,1,0,0,0,0,0,5.262
2355,DISABLED,1,0,0,0,0,0,5.126
2356,DISABLED,1,0,0,0,0,0,4.846
2357,DISABLED,1,0,0,0,0,0,5.388
2358,DISABLED,1,0,0,0,0,0,5.024
2359,DISABLED,1,0,0,0,0,0,5.217
2360,DISABLED,1,0,0,0,0,0,4.992
2361,DISABLED,1,0,0,0,0,0,4.882
2362,DISABLED,1,0,0,0,0,0,5.094
2363,DISABLED,1,0,0,0,0,0,4.826
2364,DISABLED,1,0,0,0,0,0,5.226
2365,DISABLED,1,0,0,0,0,0,4.868
2366,DISABLED,1,0,0,0,0,0,4.940
2367,DISABLED,1,0,0,0,0,0,5.021
2368,DISABLED,1,0,0,0,0,0,4.909
2369,DISABLED,1,0,0,0,0,0,5.028
2370,DISABLED,1,0,0,0,0,0,4.800
2371,DISABLED,1,0,0,0,0,0,4.880
2372,DISABLED,1,0,0,0,0,0,5.243
2373,DISABLED,1,0,0,0,0,0,4.908
2374,DISABLED,1,0,0,0,0,0,4.921
2375,DISABLED,1,0,0,0,0,0,4.946
2376,DISABLED,1,0,0,0,0,0,4.743
2377,DISABLED,1,0,0,0,0,0,4.692
2378,DISABLED,1,0,0,0,0,0,5.016
2379,DISABLED,1,0,0,0,0,0,4.940
2380,DISABLED,1,0,0,0,0,0,4.726
2381,DISABLED,1,0,0,0,0,0,5.044
2382,DISABLED,1,0,0,0,0,0,4.650
2383,DISABLED,1,0,0,0,0,0,4.981
2384,DISABLED,1,0,0,0,0,0,4.732
2385,DISABLED,1,0,0,0,0,0,4.914
2386,DISABLED,1,0,0,0,0,0,4.581
2387,DISABLED,1,0,0,0,0,0,5.168
2388,DISABLED,1,0,0,0,0,0,5.156
2389,DISABLED,1,0,0,0,0,0,4.715
2390,DISABLED,1,0,0,0,0,0,4.780
2391,DISABLED,1,0,0,0,0,0,4.624
2392,DISABLED,1,0,0,0,0,0,4.699
2393,DISABLED,1,0,0,0,0,0,4.861
2394,DISABLED,1,0,0,0,0,0,5.071
2395,DISABLED,1,0,0,0,0,0,4.701
2396,DISABLED,1,0,0,0,0,0,4.569
2397,DISABLED,1,0,0,0,0,0,4.768
2398,DISABLED,1,0,0,0,0,0,4.616
2399,DISABLED,1,0,0,0,0,0,5.272
2400,DISABLED,1,0,0,0,0,0,4.627
2401,DISABLED,1,0,0,0,0,0,4.549
2402,DISABLED,1,0,0,0,0,0,4.600
2403,DISABLED,1,0,0,0,0,0,4.668
2404,DISABLED,1,0,0,0,0,0,4.475
2405,DISABLED,1,0,0,0,0,0,4.524
2406,DISABLED,1,0,0,0,0,0,5.135
2407,DISABLED,1,0,0,0,0,0,4.595
2408,DISABLED,1,0,0,0,0,0,4.579
2409,DISABLED,1,0,0,0,0,0,4.512
2410,DISABLED,1,0,0,0,0,0,4.245
2411,DISABLED,1,0,0,0,0,0,4.572
2412,DISABLED,1,0,0,0,0,0,4.442
2413,DISABLED,1,0,0,0,0,0,4.612
2414,DISABLED,1,0,0,0,0,0,4.206
2415,DISABLED,1,0,0,0,0,0,4.550
2416,DISABLED,1,0,0,0,0,0,4.426
2417,DISABLED,1,0,0,0,0,0,4.371
2418,DISABLED,1,0,0,0,0,0,4.571
2419,DISABLED,1,0,0,0,0,0,4.456
2420,DISABLED,1,0,0,0,0,0,4.308
2421,DISABLED,1,0,0,0,0,0,4.424
2422,DISABLED,1,0,0,0,0,0,4.612
2423,DISABLED,1,0,0,0,0,0,4.353
2424,DISABLED,1,0,0,0,0,0,4.282
2425,DISABLED,1,0,0,0,0,0,4.263
2426,DISABLED,1,0,0,0,0,0,4.332
2427,DISABLED,1,0,0,0,0,0,4.284
2428,DISABLED,1,0,0,0,0,0,4.311
2429,DISABLED,1,0,0,0,0,0,4.585
2430,DISABLED,1,0,0,0,0,0,4.294
2431,DISABLED,1,0,0,0,0,0,4.231
2432,DISABLED,1,0,0,0,0,0,4.191
2433,DISABLED,1,0,0,0,0,0,4.334
2434,DISABLED,1,0,0,0,0,0,4.181
2435,DISABLED,1,0,0,0,0,0,4.367
2436,DISABLED,1,0,0,0,0,0,4.285
2437,DISABLED,1,0,0,0,0,0,4.167
2438,DISABLED,1,0,0,0,0,0,4.241
2439,DISABLED,1,0,0,0,0,0,4.056
2440,DISABLED,1,0,0,0,0,0,4.527
2441,DISABLED,1,0,0,0,0,0,4.280
2442,DISABLED,1,0,0,0,0,0,4.144
2443,DISABLED,1,0,0,0,0,0,4.208
2444,DISABLED,1,0,0,0,0,0,4.013
2445,DISABLED,1,0,0,0,0,0,4.612
2446,DISABLED,1,0,0,0,0,0,3.929
2447,DISABLED,1,0,0,0,0,0,4.293
2448,DISABLED,1,0,0,0,0,0,4.112
2449,DISABLED,1,0,0,0,0,0,3.987
2450,DISABLED,1,0,0,0,0,0,4.057
2451,DISABLED,1,0,0,0,0,0,3.973
2452,DISABLED,1,0,0,0,0,0,4.044
2453,DISABLED,1,0,0,0,0,0,4.592
2454,DISABLED,1,0,0,0,0,0,3.814
2455,DISABLED,1,0,0,0,0,0,4.159
2456,DISABLED,1,0,0,0,0,0,4.466
2457,DISABLED,1,0,0,0,0,0,3.952
2458,DISABLED,1,0,0,0,0,0,4.055
2459,DISABLED,1,0,0,0,0,0,4.376
2460,DISABLED,1,0,0,0,0,0,4.010
2461,DISABLED,1,0,0,0,0,0,3.824
2462,DISABLED,1,0,0,0,0,0,3.946
2463,DISABLED,1,0,0,0,0,0,3.883
2464,DISABLED,1,0,0,0,0,0,3.851
2465,DISABLED,1,0,0,0,0,0,3.872
2466,DISABLED,1,0,0,0,0,0,3.782
2467,DISABLED,1,0,0,0,0,0,3.864
2468,DISABLED,1,0,0,0,0,0,3.774
2469,DISABLED,1,0,0,0,0,0,3.846
2470,DISABLED,1,0,0,0,0,0,3.619
2471,DISABLED,1,0,0,0,0,0,3.913
2472,DISABLED,1,0,0,0,0,0,3.792
2473,DISABLED,1,0,0,0,0,0,3.640
2474,DISABLED,1,0,0,0,0,0,3.698
2475,DISABLED,1,0,0,0,0,0,3.714
2476,DISABLED,1,0,0,0,0,0,3.763
2477,DISABLED,1,0,0,0,0,0,3.713
2478,DISABLED,1,0,0,0,0,0,3.667
2479,DISABLED,1,0,0,0,0,0,3.568
2480,DISABLED,1,0,0,0,0,0,3.576
2481,DISABLED,1,0,0,0,0,0,3.819
2482,DISABLED,1,0,0,0,0,0,3.556
2483,DISABLED,1,0,0,0,0,0,3.647
2484,DISABLED,1,0,0,0,0,0,3.480
2485,DISABLED,1,0,0,0,0,0,3.707
2486,DISABLED,1,0,0,0,0,0,3.654
2487,DISABLED,1,0,0,0,0,0,3.604
2488,DISABLED,1,0,0,0,0,0,3.596
2489,DISABLED,1,0,0,0,0,0,3.447
2490,DISABLED,1,0,0,0,0,0,3.538
2491,DISABLED,1,0,0,0,0,0,4.138
2492,DISABLED,1,0,0,0,0,0,3.425
2493,DISABLED,1,0,0,0,0,0,3.509
2494,DISABLED,1,0,0,0,0,0,3.302
2495,DISABLED,1,0,0,0,0,0,3.588
2496,DISABLED,1,0,0,0,0,0,3.495
2497,DISABLED,1,0,0,0,0,0,3.477
2498,DISABLED,1,0,0,0,0,0,3.299
2499,DISABLED,1,0,0,0,0,0,3.559
2500,DISABLED,1,0,0,0,0,0,3.369
2501,DISABLED,1,0,0,0,0,0,3.493
2502,DISABLED,1,0,0,0,0,0,3.378
2503,DISABLED,1,0,0,0,0,0,3.696
2504,DISABLED,1,0,0,0,0,0,3.415
2505,DISABLED,1,0,0,0,0,0,3.414
2506,DISABLED,1,0,0,0,0,0,3.445
2507,DISABLED,1,0,0,0,0,0,3.271
2508,DISABLED,1,0,0,0,0,0,3.252
2509,DISABLED,1,0,0,0,0,0,3.278
2510,DISABLED,1,0,0,0,0,0,3.340
2511,DISABLED,1,0,0,0,0,0,3.375
2512,DISABLED,1,0,0,0,0,0,3.815
2513,DISABLED,1,0,0,0,0,0,3.172
2514,DISABLED,1,0,0,0,0,0,3.204
2515,DISABLED,1,0,0,0,0,0,3.290
2516,DISABLED,1,0,0,0,0,0,3.491
2517,DISABLED,1,0,0,0,0,0,3.244
2518,DISABLED,1,0,0,0,0,0,3.190
2519,DISABLED,1,0,0,0,0,0,3.187
2520,DISABLED,1,0,0,0,0,0,3.443
2521,DISABLED,1,0,0,0,0,0,3.277
2522,DISABLED,1,0,0,0,0,0,3.189
2523,DISABLED,1,0,0,0,0,0,3.034
2524,DISABLED,1,0,0,0,0,0,3.072
2525,DISABLED,1,0,0,0,0,0,3.712
2526,DISABLED,1,0,0,0,0,0,3.172
2527,DISABLED,1,0,0,0,0,0,3.331
2528,DISABLED,1,0,0,0,0,0,3.032
2529,DISABLED,1,0,0,0,0,0,31.796
2530,DISABLED,1,0,0,0,0,0,3.152
2531,DISABLED,1,0,0,0,0,0,3.104
2532,DISABLED,1,0,0,0,0,0,3.145
2533,DISABLED,1,0,0,0,0,0,3.422
2534,DISABLED,1,0,0,0,0,0,3.458
2535,DISABLED,1,0,0,0,0,0,3.128
2536,DISABLED,1,0,0,0,0,0,3.887
2537,DISABLED,1,0,0,0,0,0,3.058
2538,DISABLED,1,0,0,0,0,0,3.377
2539,DISABLED,1,0,0,0,0,0,3.372
2540,DISABLED,1,0,0,0,0,0,2.925
2541,DISABLED,1,0,0,0,0,0,3.366
2542,DISABLED,1,0,0,0,0,0,2.948
2543,DISABLED,1,0,0,0,0,0,2.935
2544,DISABLED,1,0,0,0,0,0,2.877
2545,DISABLED,1,0,0,0,0,0,3.295
2546,DISABLED,1,0,0,0,0,0,3.347
2547,DISABLED,1,0,0,0,0,0,2.864
2548,DISABLED,1,0,0,0,0,0,2.975
2549,DISABLED,1,0,0,0,0,0,2.806
2550,DISABLED,1,0,0,0,0,0,3.217
2551,DISABLED,1,0,0,0,0,0,2.888
2552,DISABLED,1,0,0,0,0,0,2.766
2553,DISABLED,1,0,0,0,0,0,2.792
2554,DISABLED,1,0,0,0,0,0,3.240
2555,DISABLED,1,0,0,0,0,0,2.830
2556,DISABLED,1,0,0,0,0,0,2.855
2557,DISABLED,1,0,0,0,0,0,3.126
2558,DISABLED,1,0,0,0,0,0,2.681
2559,DISABLED,1,0,0,0,0,0,2.738
2560,DISABLED,1,0,0,0,0,0,2.775
2561,DISABLED,1,0,0,0,0,0,2.776
2562,DISABLED,1,0,0,0,0,0,2.681
2563,DISABLED,1,0,0,0,0,0,3.080
2564,DISABLED,1,0,0,0,0,0,2.651
2565,DISABLED,1,0,0,0,0,0,2.705
2566,DISABLED,1,0,0,0,0,0,2.666
2567,DISABLED,1,0,0,0,0,0,2.591
2568,DISABLED,1,0,0,0,0,0,2.606
2569,DISABLED,1,0,0,0,0,0,2.672
2570,DISABLED,1,0,0,0,0,0,2.590
2571,DISABLED,1,0,0,0,0,0,2.622
2572,DISABLED,1,0,0,0,0,0,2.629
2573,DISABLED,1,0,0,0,0,0,2.583
2574,DISABLED,1,0,0,0,0,0,2.551
2575,DISABLED,1,0,0,0,0,0,2.667
2576,DISABLED,1,0,0,0,0,0,2.565
2577,DISABLED,1,0,0,0,0,0,2.441
2578,DISABLED,1,0,0,0,0,0,2.568
2579,DISABLED,1,0,0,0,0,0,2.519
2580,DISABLED,1,0,0,0,0,0,2.533
2581,DISABLED,1,0,0,0,0,0,2.908
2582,DISABLED,1,0,0,0,0,0,2.865
2583,DISABLED,1,0,0,0,0,0,2.581
2584,DISABLED,1,0,0,0,0,0,2.587
2585,DISABLED,1,0,0,0,0,0,2.531
2586,DISABLED,1,0,0,0,0,0,2.908
2587,DISABLED,1,0,0,0,0,0,2.910
2588,DISABLED,1,0,0,0,0,0,2.511
2589,DISABLED,1,0,0,0,0,0,2.554
2590,DISABLED,1,0,0,0,0,0,2.562
2591,DISABLED,1,0,0,0,0,0,2.542
2592,DISABLED,1,0,0,0,0,0,2.552
2593,DISABLED,1,0,0,0,0,0,2.448
2594,DISABLED,1,0,0,0,0,0,2.592
2595,DISABLED,1,0,0,0,0,0,2.647
2596,DISABLED,1,0,0,0,0,0,2.612
2597,DISABLED,1,0,0,0,0,0,2.637
2598,DISABLED,1,0,0,0,0,0,2.825
2599,DISABLED,1,0,0,0,0,0,2.642
2600,DISABLED,1,0,0,0,0,0,2.426
2601,DISABLED,1,0,0,0,0,0,2.605
2602,DISABLED,1,0,0,0,0,0,2.547
2603,DISABLED,1,0,0,0,0,0,2.364
2604,DISABLED,1,0,0,0,0,0,2.718
2605,DISABLED,1,0,0,0,0,0,2.422
2606,DISABLED,1,0,0,0,0,0,2.677
2607,DISABLED,1,0,0,0,0,0,2.499
2608,DISABLED,1,0,0,0,0,0,2.370
2609,DISABLED,1,0,0,0,0,0,2.527
2610,DISABLED,1,0,0,0,0,0,2.521
2611,DISABLED,1,0,0,0,0,0,2.643
2612,DISABLED,1,0,0,0,0,0,2.518
2613,DISABLED,1,0,0,0,0,0,2.265
2614,DISABLED,1,0,0,0,0,0,2.628
2615,DISABLED,1,0,0,0,0,0,3.031
2616,DISABLED,1,0,0,0,0,0,2.712
2617,DISABLED,1,0,0,0,0,0,2.502
2618,DISABLED,1,0,0,0,0,0,2.183
2619,DISABLED,1,0,0,0,0,0,2.743
2620,DISABLED,1,0,0,0,0,0,2.861
2621,DISABLED,1,0,0,0,0,0,2.534
2622,DISABLED,1,0,0,0,0,0,2.511
2623,DISABLED,1,0,0,0,0,0,2.330
2624,DISABLED,1,0,0,0,0,0,2.760
2625,DISABLED,1,0,0,0,0,0,2.570
2626,DISABLED,1,0,0,0,0,0,2.560
2627,DISABLED,1,0,0,0,0,0,2.589
2628,DISABLED,1,0,0,0,0,0,2.404
2629,DISABLED,1,0,0,0,0,0,2.504
2630,DISABLED,1,0,0,0,0,0,2.479
2631,DISABLED,1,0,0,0,0,0,2.574
2632,DISABLED,1,0,0,0,0,0,2.630
2633,DISABLED,1,0,0,0,0,0,2.483
2634,DISABLED,1,0,0,0,0,0,2.400
2635,DISABLED,1,0,0,0,0,0,2.480
2636,DISABLED,1,0,0,0,0,0,2.665
2637,DISABLED,1,0,0,0,0,0,2.520
2638,DISABLED,1,0,0,0,0,0,2.402
2639,DISABLED,1,0,0,0,0,0,2.536
2640,DISABLED,1,0,0,0,0,0,2.553
2641,DISABLED,1,0,0,0,0,0,2.580
2642,DISABLED,1,0,0,0,0,0,2.541
2643,DISABLED,1,0,0,0,0,0,2.399
2644,DISABLED,1,0,0,0,0,0,2.566
2645,DISABLED,1,0,0,0,0,0,2.620
2646,DISABLED,1,0,0,0,0,0,2.381
2647,DISABLED,1,0,0,0,0,0,2.699
2648,DISABLED,1,0,0,0,0,0,2.463
2649,DISABLED,1,0,0,0,0,0,2.518
2650,DISABLED,1,0,0,0,0,0,2.526
2651,DISABLED,1,0,0,0,0,0,2.355
2652,DISABLED,1,0,0,0,0,0,2.715
2653,DISABLED,1,0,0,0,0,0,2.411
2654,DISABLED,1,0,0,0,0,0,2.528
2655,DISABLED,1,0,0,0,0,0,2.535
2656,DISABLED,1,0,0,0,0,0,2.473
2657,DISABLED,1,0,0,0,0,0,2.753
2658,DISABLED,1,0,0,0,0,0,2.436
2659,DISABLED,1,0,0,0,0,0,2.552
2660,DISABLED,1,0,0,0,0,0,2.544
2661,DISABLED,1,0,0,0,0,0,2.464
2662,DISABLED,1,0,0,0,0,0,2.746
2663,DISABLED,1,0,0,0,0,0,2.471
2664,DISABLED,1,0,0,0,0,0,2.546
2665,DISABLED,1,0,0,0,0,0,2.558
2666,DISABLED,1,0,0,0,0,0,2.480
2667,DISABLED,1,0,0,0,0,0,2.534
2668,DISABLED,1,0,0,0,0,0,2.512
2669,DISABLED,1,0,0,0,0,0,2.925
2670,DISABLED,1,0,0,0,0,0,2.549
2671,DISABLED,1,0,0,0,0,0,2.551
2672,DISABLED,1,0,0,0,0,0,2.526
2673,DISABLED,1,0,0,0,0,0,2.535
2674,DISABLED,1,0,0,0,0,0,2.495
2675,DISABLED,1,0,0,0,0,0,2.537
2676,DISABLED,1,0,0,0,0,0,2.535
2677,DISABLED,1,0,0,0,0,0,2.527
2678,DISABLED,1,0,0,0,0,0,2.407
2679,DISABLED,1,0,0,0,0,0,2.534
2680,DISABLED,1,0,0,0,0,0,3.025
2681,DISABLED,1,0,0,0,0,0,2.545
2682,DISABLED,1,0,0,0,0,0,2.498
2683,DISABLED,1,0,0,0,0,0,2.535
2684,DISABLED,1,0,0,0,0,0,2.480
2685,DISABLED,1,0,0,0,0,0,2.606
2686,DISABLED,1,0,0,0,0,0,2.625
2687,DISABLED,1,0,0,0,0,0,2.374
2688,DISABLED,1,0,0,0,0,0,3.392
2689,DISABLED,1,0,0,0,0,0,2.325
2690,DISABLED,1,0,0,0,0,0,3.263
2691,DISABLED,1,0,0,0,0,0,2.459
2692,DISABLED,1,0,0,0,0,0,2.916
2693,DISABLED,1,0,0,0,0,0,2.559
2694,DISABLED,1,0,0,0,0,0,2.297
2695,DISABLED,1,0,0,0,0,0,2.767
2696,DISABLED,1,0,0,0,0,0,2.612
2697,DISABLED,1,0,0,0,0,0,2.394
2698,DISABLED,1,0,0,0,0,0,2.662
2699,DISABLED,1,0,0,0,0,0,2.470
2700,DISABLED,1,0,0,0,0,0,2.614
2701,DISABLED,1,0,0,0,0,0,2.573
2702,DISABLED,1,0,0,0,0,0,2.238
2703,DISABLED,1,0,0,0,0,0,2.805
2704,DISABLED,1,0,0,0,0,0,2.526
2705,DISABLED,1,0,0,0,0,0,2.503
2706,DISABLED,1,0,0,0,0,0,2.569
2707,DISABLED,1,0,0,0,0,0,2.425
2708,DISABLED,1,0,0,0,0,0,3.133
2709,DISABLED,1,0,0,0,0,0,2.483
2710,DISABLED,1,0,0,0,0,0,2.556
2711,DISABLED,1,0,0,0,0,0,2.562
2712,DISABLED,1,0,0,0,0,0,2.549
2713,DISABLED,1,0,0,0,0,0,2.487
2714,DISABLED,1,0,0,0,0,0,2.978
2715,DISABLED,1,0,0,0,0,0,2.549
2716,DISABLED,1,0,0,0,0,0,2.626
2717,DISABLED,1,0,0,0,0,0,2.425
2718,DISABLED,1,0,0,0,0,0,2.456
2719,DISABLED,1,0,0,0,0,0,2.966
2720,DISABLED,1,0,0,0,0,0,3.146
2721,DISABLED,1,0,0,0,0,0,2.528
2722,DISABLED,1,0,0,0,0,0,2.424
2723,DISABLED,1,0,0,0,0,0,2.564
2724,DISABLED,1,0,0,0,0,0,2.503
2725,DISABLED,1,0,0,0,0,0,2.533
2726,DISABLED,1,0,0,0,0,0,2.625
2727,DISABLED,1,0,0,0,0,0,2.471
2728,DISABLED,1,0,0,0,0,0,2.544
2729,DISABLED,1,0,0,0,0,0,2.549
2730,DISABLED,1,0,0,0,0,0,2.357
2731,DISABLED,1,0,0,0,0,0,2.713
2732,DISABLED,1,0,0,0,0,0,3.040
2733,DISABLED,1,0,0,0,0,0,2.467
2734,DISABLED,1,0,0,0,0,0,2.466
2735,DISABLED,1,0,0,0,0,0,2.292
2736,DISABLED,1,0,0,0,0,0,2.714
2737,DISABLED,1,0,0,0,0,0,3.101
2738,DISABLED,1,0,0,0,0,0,2.563
2739,DISABLED,1,0,0,0,0,0,2.508
2740,DISABLED,1,0,0,0,0,0,2.460
2741,DISABLED,1,0,0,0,0,0,2.704
2742,DISABLED,1,0,0,0,0,0,2.514
2743,DISABLED,1,0,0,0,0,0,2.633
2744,DISABLED,1,0,0,0,0,0,2.863
2745,DISABLED,1,0,0,0,0,0,2.820
2746,DISABLED,1,0,0,0,0,0,3.104
2747,DISABLED,1,0,0,0,0,0,2.566
2748,DISABLED,1,0,0,0,0,0,2.531
2749,DISABLED,1,0,0,0,0,0,2.525
2750,DISABLED,1,0,0,0,0,0,2.493
2751,DISABLED,1,0,0,0,0,0,2.642
2752,DISABLED,1,0,0,0,0,0,2.510
2753,DISABLED,1,0,0,0,0,0,2.551
2754,DISABLED,1,0,0,0,0,0,2.372
2755,DISABLED,1,0,0,0,0,0,2.528
2756,DISABLED,1,0,0,0,0,0,2.594
2757,DISABLED,1,0,0,0,0,0,2.587
2758,DISABLED,1,0,0,0,0,0,2.369
2759,DISABLED,1,0,0,0,0,0,2.629
2760,DISABLED,1,0,0,0,0,0,2.549
2761,DISABLED,1,0,0,0,0,0,3.066
2762,DISABLED,1,0,0,0,0,0,2.489
2763,DISABLED,1,0,0,0,0,0,3.883
2764,DISABLED,1,0,0,0,0,0,2.595
2765,DISABLED,1,0,0,0,0,0,2.544
2766,DISABLED,1,0,0,0,0,0,2.578
2767,DISABLED,1,0,0,0,0,0,3.095
2768,DISABLED,1,0,0,0,0,0,2.632
2769,DISABLED,1,0,0,0,0,0,2.696
2770,DISABLED,1,0,0,0,0,0,2.533
2771,DISABLED,1,0,0,0,0,0,2.916
2772,DISABLED,1,0,0,0,0,0,3.186
2773,DISABLED,1,0,0,0,0,0,2.306
2774,DISABLED,1,0,0,0,0,0,2.525
2775,DISABLED,1,0,0,0,0,0,2.487
2776,DISABLED,1,0,0,0,0,0,2.442
2777,DISABLED,1,0,0,0,0,0,2.638
2778,DISABLED,1,0,0,0,0,0,2.899
2779,DISABLED,1,0,0,0,0,0,2.528
2780,DISABLED,1,0,0,0,0,0,2.594
2781,DISABLED,1,0,0,0,0,0,3.460
2782,DISABLED,1,0,0,0,0,0,3.202
2783,DISABLED,1,0,0,0,0,0,2.533
2784,DISABLED,1,0,0,0,0,0,2.233
2785,DISABLED,1,0,0,0,0,0,2.725
2786,DISABLED,1,0,0,0,0,0,2.311
2787,DISABLED,1,0,0,0,0,0,2.794
2788,DISABLED,1,0,0,0,0,0,3.580
2789,DISABLED,1,0,0,0,0,0,2.073
2790,DISABLED,1,0,0,0,0,0,2.770
2791,DISABLED,1,0,0,0,0,0,2.592
2792,DISABLED,1,0,0,0,0,0,2.602
2793,DISABLED,1,0,0,0,0,0,2.528
2794,DISABLED,1,0,0,0,0,0,2.287
2795,DISABLED,1,0,0,0,0,0,2.670
2796,DISABLED,1,0,0,0,0,0,3.062
2797,DISABLED,1,0,0,0,0,0,2.543
2798,DISABLED,1,0,0,0,0,0,2.715
2799,DISABLED,1,0,0,0,0,0,2.899
2800,DISABLED,1,0,0,0,0,0,2.585
2801,DISABLED,1,0,0,0,0,0,2.533
2802,DISABLED,1,0,0,0,0,0,3.057
2803,DISABLED,1,0,0,0,0,0,2.494
2804,DISABLED,1,0,0,0,0,0,2.559
2805,DISABLED,1,0,0,0,0,0,3.136
2806,DISABLED,1,0,0,0,0,0,3.070
2807,DISABLED,1,0,0,0,0,0,2.575
2808,DISABLED,1,0,0,0,0,0,2.819
2809,DISABLED,1,0,0,0,0,0,2.543
2810,DISABLED,1,0,0,0,0,0,2.661
2811,DISABLED,1,0,0,0,0,0,3.083
2812,DISABLED,1,0,0,0,0,0,2.524
2813,DISABLED,1,0,0,0,0,0,2.245
2814,DISABLED,1,0,0,0,0,0,3.601
2815,DISABLED,1,0,0,0,0,0,2.706
2816,DISABLED,1,0,0,0,0,0,2.407
2817,DISABLED,1,0,0,0,0,0,2.602
2818,DISABLED,1,0,0,0,0,0,2.173
2819,DISABLED,1,0,0,0,0,0,2.665
2820,DISABLED,1,0,0,0,0,0,2.648
2821,DISABLED,1,0,0,0,0,0,2.422
2822,DISABLED,1,0,0,0,0,0,3.084
2823,DISABLED,1,0,0,0,0,0,3.422
2824,DISABLED,1,0,0,0,0,0,2.416
2825,DISABLED,1,0,0,0,0,0,2.519
2826,DISABLED,1,0,0,0,0,0,2.384
2827,DISABLED,1,0,0,0,0,0,2.534
2828,DISABLED,1,0,0,0,0,0,2.901
2829,DISABLED,1,0,0,0,0,0,31.629
2830,DISABLED,1,0,0,0,0,0,4.470
2831,DISABLED,1,0,0,0,0,0,2.911
2832,DISABLED,1,0,0,0,0,0,2.928
2833,DISABLED,1,0,0,0,0,0,2.876
2834,DISABLED,1,0,0,0,0,0,2.609
2835,DISABLED,1,0,0,0,0,0,2.998
2836,DISABLED,1,0,0,0,0,0,2.384
2837,DISABLED,1,0,0,0,0,0,2.757
2838,DISABLED,1,0,0,0,0,0,2.524
2839,DISABLED,1,0,0,0,0,0,2.623
2840,DISABLED,1,0,0,0,0,0,2.687
2841,DISABLED,1,0,0,0,0,0,2.863
2842,DISABLED,1,0,0,0,0,0,2.756
2843,DISABLED,1,0,0,0,0,0,2.677
2844,DISABLED,1,0,0,0,0,0,3.417
2845,DISABLED,1,0,0,0,0,0,2.542
2846,DISABLED,1,0,0,0,0,0,2.821
2847,DISABLED,1,0,0,0,0,0,2.694
2848,DISABLED,1,0,0,0,0,0,2.602
2849,DISABLED,1,0,0,0,0,0,2.486
2850,DISABLED,1,0,0,0,0,0,2.494
2851,DISABLED,1,0,0,0,0,0,2.431
2852,DISABLED,1,0,0,0,0,0,2.393
2853,DISABLED,1,0,0,0,0,0,2.649
2854,DISABLED,1,0,0,0,0,0,2.651
2855,DISABLED,1,0,0,0,0,0,2.509
2856,DISABLED,1,0,0,0,0,0,2.476
2857,DISABLED,1,0,0,0,0,0,2.603
2858,DISABLED,1,0,0,0,0,0,2.410
2859,DISABLED,1,0,0,0,0,0,2.619
2860,DISABLED,1,0,0,0,0,0,2.626
2861,DISABLED,1,0,0,0,0,0,2.625
2862,DISABLED,1,0,0,0,0,0,2.478
2863,DISABLED,1,0,0,0,0,0,2.190
2864,DISABLED,1,0,0,0,0,0,2.586
2865,DISABLED,1,0,0,0,0,0,2.319
2866,DISABLED,1,0,0,0,0,0,3.062
2867,DISABLED,1,0,0,0,0,0,2.612
2868,DISABLED,1,0,0,0,0,0,2.324
2869,DISABLED,1,0,0,0,0,0,2.569
2870,DISABLED,1,0,0,0,0,0,2.244
2871,DISABLED,1,0,0,0,0,0,2.813
2872,DISABLED,1,0,0,0,0,0,2.548
2873,DISABLED,1,0,0,0,0,0,2.408
2874,DISABLED,1,0,0,0,0,0,2.424
2875,DISABLED,1,0,0,0,0,0,2.097
2876,DISABLED,1,0,0,0,0,0,3.249
2877,DISABLED,1,0,0,0,0,0,2.491
2878,DISABLED,1,0,0,0,0,0,2.446
2879,DISABLED,1,0,0,0,0,0,2.472
2880,DISABLED,1,0,0,0,0,0,2.424
2881,DISABLED,1,0,0,0,0,0,2.984
2882,DISABLED,1,0,0,0,0,0,2.386
2883,DISABLED,1,0,0,0,0,0,2.509
2884,DISABLED,1,0,0,0,0,0,2.482
2885,DISABLED,1,0,0,0,0,0,2.415
2886,DISABLED,1,0,0,0,0,0,2.587
2887,DISABLED,1,0,0,0,0,0,2.259
2888,DISABLED,1,0,0,0,0,0,2.525
2889,DISABLED,1,0,0,0,0,0,2.585
2890,DISABLED,1,0,0,0,0,0,2.380
2891,DISABLED,1,0,0,0,0,0,2.585
2892,DISABLED,1,0,0,0,0,0,2.466
2893,DISABLED,1,0,0,0,0,0,2.535
2894,DISABLED,1,0,0,0,0,0,2.661
2895,DISABLED,1,0,0,0,0,0,2.470
2896,DISABLED,1,0,0,0,0,0,2.522
2897,DISABLED,1,0,0,0,0,0,2.240
2898,DISABLED,1,0,0,0,0,0,2.135
2899,DISABLED,1,0,0,0,0,0,2.735
2900,DISABLED,1,0,0,0,0,0,2.427
2901,DISABLED,1,0,0,0,0,0,2.561
2902,DISABLED,1,0,0,0,0,0,2.195
2903,DISABLED,1,0,0,0,0,0,2.237
2904,DISABLED,1,0,0,0,0,0,2.806
2905,DISABLED,1,0,0,0,0,0,2.392
2906,DISABLED,1,0,0,0,0,0,2.587
2907,DISABLED,1,0,0,0,0,0,2.161
2908,DISABLED,1,0,0,0,0,0,2.573
2909,DISABLED,1,0,0,0,0,0,2.545
2910,DISABLED,1,0,0,0,0,0,2.368
2911,DISABLED,1,0,0,0,0,0,2.430
2912,DISABLED,1,0,0,0,0,0,2.306
2913,DISABLED,1,0,0,0,0,0,2.493
2914,DISABLED,1,0,0,0,0,0,2.525
2915,DISABLED,1,0,0,0,0,0,2.523
2916,DISABLED,1,0,0,0,0,0,2.435
2917,DISABLED,1,0,0,0,0,0,2.307
2918,DISABLED,1,0,0,0,0,0,2.493
2919,DISABLED,1,0,0,0,0,0,2.505
2920,DISABLED,1,0,0,0,0,0,2.562
2921,DISABLED,1,0,0,0,0,0,2.336
2922,DISABLED,1,0,0,0,0,0,2.453
2923,DISABLED,1,0,0,0,0,0,2.439
2924,DISABLED,1,0,0,0,0,0,2.462
2925,DISABLED,1,0,0,0,0,0,2.506
2926,DISABLED,1,0,0,0,0,0,2.307
2927,DISABLED,1,0,0,0,0,0,2.882
2928,DISABLED,1,0,0,0,0,0,2.184
2929,DISABLED,1,0,0,0,0,0,2.517
2930,DISABLED,1,0,0,0,0,0,2.647
2931,DISABLED,1,0,0,0,0,0,2.190
2932,DISABLED,1,0,0,0,0,0,2.438
2933,DISABLED,1,0,0,0,0,0,2.639
2934,DISABLED,1,0,0,0,0,0,2.400
2935,DISABLED,1,0,0,0,0,0,2.661
2936,DISABLED,1,0,0,0,0,0,2.079
2937,DISABLED,1,0,0,0,0,0,2.511
2938,DISABLED,1,0,0,0,0,0,2.998
2939,DISABLED,1,0,0,0,0,0,2.423
2940,DISABLED,1,0,0,0,0,0,2.616
2941,DISABLED,1,0,0,0,0,0,2.843
2942,DISABLED,1,0,0,0,0,0,2.640
2943,DISABLED,1,0,0,0,0,0,3.336
2944,DISABLED,1,0,0,0,0,0,2.267
2945,DISABLED,1,0,0,0,0,0,2.812
2946,DISABLED,1,0,0,0,0,0,2.442
2947,DISABLED,1,0,0,0,0,0,2.504
2948,DISABLED,1,0,0,0,0,0,2.559
2949,DISABLED,1,0,0,0,0,0,2.189
2950,DISABLED,1,0,0,0,0,0,2.788
2951,DISABLED,1,0,0,0,0,0,2.432
2952,DISABLED,1,0,0,0,0,0,2.556
2953,DISABLED,1,0,0,0,0,0,2.613
2954,DISABLED,1,0,0,0,0,0,2.399
2955,DISABLED,1,0,0,0,0,0,3.171
2956,DISABLED,1,0,0,0,0,0,2.412
2957,DISABLED,1,0,0,0,0,0,2.571
2958,DISABLED,1,0,0,0,0,0,2.532
2959,DISABLED,1,0,0,0,0,0,2.471
2960,DISABLED,1,0,0,0,0,0,2.492
2961,DISABLED,1,0,0,0,0,0,2.276
2962,DISABLED,1,0,0,0,0,0,2.603
2963,DISABLED,1,0,0,0,0,0,2.632
2964,DISABLED,1,0,0,0,0,0,2.538
2965,DISABLED,1,0,0,0,0,0,2.579
2966,DISABLED,1,0,0,0,0,0,2.744
2967,DISABLED,1,0,0,0,0,0,2.501
2968,DISABLED,1,0,0,0,0,0,2.742
2969,DISABLED,1,0,0,0,0,0,2.462
2970,DISABLED,1,0,0,0,0,0,3.043
2971,DISABLED,1,0,0,0,0,0,2.458
2972,DISABLED,1,0,0,0,0,0,2.182
2973,DISABLED,1,0,0,0,0,0,3.319
2974,DISABLED,1,0,0,0,0,0,3.017
2975,DISABLED,1,0,0,0,0,0,2.581
2976,DISABLED,1,0,0,0,0,0,2.539
2977,DISABLED,1,0,0,0,0,0,2.401
2978,DISABLED,1,0,0,0,0,0,2.601
2979,DISABLED,1,0,0,0,0,0,2.595
2980,DISABLED,1,0,0,0,0,0,2.504
2981,DISABLED,1,0,0,0,0,0,2.560
2982,DISABLED,1,0,0,0,0,0,2.429
2983,DISABLED,1,0,0,0,0,0,2.491
2984,DISABLED,1,0,0,0,0,0,2.520
2985,DISABLED,1,0,0,0,0,0,2.388
2986,DISABLED,1,0,0,0,0,0,2.972
2987,DISABLED,1,0,0,0,0,0,2.585
2988,DISABLED,1,0,0,0,0,0,2.602
2989,DISABLED,1,0,0,0,0,0,2.602
2990,DISABLED,1,0,0,0,0,0,2.411
2991,DISABLED,1,0,0,0,0,0,2.440
2992,DISABLED,1,0,0,0,0,0,2.713
2993,DISABLED,1,0,0,0,0,0,2.464
2994,DISABLED,1,0,0,0,0,0,3.635
2995,DISABLED,1,0,0,0,0,0,2.337
2996,DISABLED,1,0,0,0,0,0,2.407
2997,DISABLED,1,0,0,0,0,0,2.727
2998,DISABLED,1,0,0,0,0,0,2.519
2999,DISABLED,1,0,0,0,0,0,3.160
3000,DISABLED,1,0,0,0,0,0,2.348
3001,DISABLED,1,0,0,0,0,0,2.404
3002,DISABLED,1,0,0,0,0,0,3.342
3003,DISABLED,1,0,0,0,0,0,3.091
3004,DISABLED,1,0,0,0,0,0,3.591
3005,DISABLED,1,0,0,0,0,0,2.181
3006,DISABLED,1,0,0,0,0,0,2.709
3007,DISABLED,1,0,0,0,0,0,2.719
3008,DISABLED,1,0,0,0,0,0,2.396
3009,DISABLED,1,0,0,0,0,0,2.606
3010,DISABLED,1,0,0,0,0,0,2.135
3011,DISABLED,1,0,0,0,0,0,3.193
3012,DISABLED,1,0,0,0,0,0,2.454
3013,DISABLED,1,0,0,0,0,0,3.502
3014,DISABLED,1,0,0,0,0,0,2.563
3015,DISABLED,1,0,0,0,0,0,2.360
3016,DISABLED,1,0,0,0,0,0,2.483
3017,DISABLED,1,0,0,0,0,0,2.508
3018,DISABLED,1,0,0,0,0,0,2.270
3019,DISABLED,1,0,0,0,0,0,2.796
3020,DISABLED,1,0,0,0,0,0,2.403
3021,DISABLED,1,0,0,0,0,0,2.551
3022,DISABLED,1,0,0,0,0,0,2.333
3023,DISABLED,1,0,0,0,0,0,2.344
3024,DISABLED,1,0,0,0,0,0,3.331
3025,DISABLED,1,0,0,0,0,0,2.493
3026,DISABLED,1,0,0,0,0,0,3.152
3027,DISABLED,1,0,0,0,0,0,2.477
3028,DISABLED,1,0,0,0,0,0,2.534
3029,DISABLED,1,0,0,0,0,0,2.597
3030,DISABLED,1,0,0,0,0,0,2.317
3031,DISABLED,1,0,0,0,0,0,2.556
3032,DISABLED,1,0,0,0,0,0,3.060
3033,DISABLED,1,0,0,0,0,0,2.559
3034,DISABLED,1,0,0,0,0,0,2.555
3035,DISABLED,1,0,0,0,0,0,2.345
3036,DISABLED,1,0,0,0,0,0,2.594
3037,DISABLED,1,0,0,0,0,0,2.618
3038,DISABLED,1,0,0,0,0,0,2.572
3039,DISABLED,1,0,0,0,0,0,2.562
3040,DISABLED,1,0,0,0,0,0,2.346
3041,DISABLED,1,0,0,0,0,0,2.382
3042,DISABLED,1,0,0,0,0,0,3.848
3043,DISABLED,1,0,0,0,0,0,2.508
3044,DISABLED,1,0,0,0,0,0,2.529
3045,DISABLED,1,0,0,0,0,0,2.516
3046,DISABLED,1,0,0,0,0,0,2.331
3047,DISABLED,1,0,0,0,0,0,2.688
3048,DISABLED,1,0,0,0,0,0,2.625
3049,DISABLED,1,0,0,0,0,0,2.560
3050,DISABLED,1,0,0,0,0,0,2.626
3051,DISABLED,1,0,0,0,0,0,2.574
3052,DISABLED,1,0,0,0,0,0,2.481
3053,DISABLED,1,0,0,0,0,0,2.571
3054,DISABLED,1,0,0,0,0,0,2.742
3055,DISABLED,1,0,0,0,0,0,2.567
3056,DISABLED,1,0,0,0,0,0,2.999
3057,DISABLED,1,0,0,0,0,0,2.554
3058,DISABLED,1,0,0,0,0,0,2.537
3059,DISABLED,1,0,0,0,0,0,2.376
3060,DISABLED,1,0,0,0,0,0,2.563
3061,DISABLED,1,0,0,0,0,0,2.439
3062,DISABLED,1,0,0,0,0,0,3.218
3063,DISABLED,1,0,0,0,0,0,3.088
3064,DISABLED,1,0,0,0,0,0,2.750
3065,DISABLED,1,0,0,0,0,0,2.500
3066,DISABLED,1,0,0,0,0,0,2.470
3067,DISABLED,1,0,0,0,0,0,2.741
3068,DISABLED,1,0,0,0,0,0,3.116
3069,DISABLED,1,0,0,0,0,0,2.782
3070,DISABLED,1,0,0,0,0,0,2.507
3071,DISABLED,1,0,0,0,0,0,2.515
3072,DISABLED,1,0,0,0,0,0,2.813
3073,DISABLED,1,0,0,0,0,0,2.541
3074,DISABLED,1,0,0,0,0,0,2.087
3075,DISABLED,1,0,0,0,0,0,2.730
3076,DISABLED,1,0,0,0,0,0,2.613
3077,DISABLED,1,0,0,0,0,0,2.968
3078,DISABLED,1,0,0,0,0,0,2.616
3079,DISABLED,1,0,0,0,0,0,2.071
3080,DISABLED,1,0,0,0,0,0,2.773
3081,DISABLED,1,0,0,0,0,0,2.649
3082,DISABLED,1,0,0,0,0,0,3.006
3083,DISABLED,1,0,0,0,0,0,2.601
3084,DISABLED,1,0,0,0,0,0,2.462
3085,DISABLED,1,0,0,0,0,0,2.464
3086,DISABLED,1,0,0,0,0,0,2.616
3087,DISABLED,1,0,0,0,0,0,2.376
3088,DISABLED,1,0,0,0,0,0,2.672
3089,DISABLED,1,0,0,0,0,0,2.414
3090,DISABLED,1,0,0,0,0,0,2.516
3091,DISABLED,1,0,0,0,0,0,2.634
3092,DISABLED,1,0,0,0,0,0,2.361
3093,DISABLED,1,0,0,0,0,0,2.732
3094,DISABLED,1,0,0,0,0,0,2.409
3095,DISABLED,1,0,0,0,0,0,2.617
3096,DISABLED,1,0,0,0,0,0,2.041
3097,DISABLED,1,0,0,0,0,0,3.319
3098,DISABLED,1,0,0,0,0,0,3.118
3099,DISABLED,1,0,0,0,0,0,2.031
3100,DISABLED,1,0,0,0,0,0,2.187
3101,DISABLED,1,0,0,0,0,0,1.758
3102,DISABLED,1,0,0,0,0,0,2.392
3103,DISABLED,1,0,0,0,0,0,2.162
3104,DISABLED,1,0,0,0,0,0,1.909
3105,DISABLED,1,0,0,0,0,0,2.152
3106,DISABLED,1,0,0,0,0,0,2.594
3107,DISABLED,1,0,0,0,0,0,2.220
3108,DISABLED,1,0,0,0,0,0,2.602
3109,DISABLED,1,0,0,0,0,0,2.041
3110,DISABLED,1,0,0,0,0,0,1.994
3111,DISABLED,1,0,0,0,0,0,2.208
3112,DISABLED,1,0,0,0,0,0,2.157
3113,DISABLED,1,0,0,0,0,0,1.955
3114,DISABLED,1,0,0,0,0,0,2.244
3115,DISABLED,1,0,0,0,0,0,1.915
3116,DISABLED,1,0,0,0,0,0,2.101
3117,DISABLED,1,0,0,0,0,0,2.124
3118,DISABLED,1,0,0,0,0,0,2.398
3119,DISABLED,1,0,0,0,0,0,2.375
3120,DISABLED,1,0,0,0,0,0,2.087
3121,DISABLED,1,0,0,0,0,0,1.993
3122,DISABLED,1,0,0,0,0,0,2.103
3123,DISABLED,1,0,0,0,0,0,1.993
3124,DISABLED,1,0,0,0,0,0,2.672
3125,DISABLED,1,0,0,0,0,0,2.080
3126,DISABLED,1,0,0,0,0,0,2.450
3127,DISABLED,1,0,0,0,0,0,2.087
3128,DISABLED,1,0,0,0,0,0,2.018
3129,DISABLED,1,0,0,0,0,0,31.786
3130,DISABLED,1,0,0,0,0,0,2.369
3131,DISABLED,1,0,0,0,0,0,2.586
3132,DISABLED,1,0,0,0,0,0,2.490
3133,DISABLED,1,0,0,0,0,0,1.962
3134,DISABLED,1,0,0,0,0,0,2.430
3135,DISABLED,1,0,0,0,0,0,2.015
3136,DISABLED,1,0,0,0,0,0,2.617
3137,DISABLED,1,0,0,0,0,0,2.531
3138,DISABLED,1,0,0,0,0,0,1.869
3139,DISABLED,1,0,0,0,0,0,2.079
3140,DISABLED,1,0,0,0,0,0,2.410
3141,DISABLED,1,0,0,0,0,0,2.293
3142,DISABLED,1,0,0,0,0,0,2.477
3143,DISABLED,1,0,0,0,0,0,1.868
3144,DISABLED,1,0,0,0,0,0,2.101
3145,DISABLED,1,0,0,0,0,0,2.729
3146,DISABLED,1,0,0,0,0,0,1.901
3147,DISABLED,1,0,0,0,0,0,2.056
3148,DISABLED,1,0,0,0,0,0,1.752
3149,DISABLED,1,0,0,0,0,0,2.228
3150,DISABLED,1,0,0,0,0,0,2.520
3151,DISABLED,1,0,0,0,0,0,1.913
3152,DISABLED,1,0,0,0,0,0,2.131
3153,DISABLED,1,0,0,0,0,0,1.930
3154,DISABLED,1,0,0,0,0,0,2.056
3155,DISABLED,1,0,0,0,0,0,1.900
3156,DISABLED,1,0,0,0,0,0,2.415
3157,DISABLED,1,0,0,0,0,0,2.157
3158,DISABLED,1,0,0,0,0,0,2.352
3159,DISABLED,1,0,0,0,0,0,2.044
3160,DISABLED,1,0,0,0,0,0,1.822
3161,DISABLED,1,0,0,0,0,0,1.955
3162,DISABLED,1,0,0,0,0,0,2.211
3163,DISABLED,1,0,0,0,0,0,2.330
3164,DISABLED,1,0,0,0,0,0,2.366
3165,DISABLED,1,0,0,0,0,0,1.698
3166,DISABLED,1,0,0,0,0,0,2.231
3167,DISABLED,1,0,0,0,0,0,2.451
3168,DISABLED,1,0,0,0,0,0,1.922
3169,DISABLED,1,0,0,0,0,0,1.970
3170,DISABLED,1,0,0,0,0,0,1.737
3171,DISABLED,1,0,0,0,0,0,2.208
3172,DISABLED,1,0,0,0,0,0,1.994
3173,DISABLED,1,0,0,0,0,0,1.910
3174,DISABLED,1,0,0,0,0,0,1.972
3175,DISABLED,1,0,0,0,0,0,1.979
3176,DISABLED,1,0,0,0,0,0,2.037
3177,DISABLED,1,0,0,0,0,0,1.893
3178,DISABLED,1,0,0,0,0,0,2.028
3179,DISABLED,1,0,0,0,0,0,1.823
3180,DISABLED,1,0,0,0,0,0,2.024
3181,DISABLED,1,0,0,0,0,0,2.006
3182,DISABLED,1,0,0,0,0,0,1.818
3183,DISABLED,1,0,0,0,0,0,2.026
3184,DISABLED,1,0,0,0,0,0,1.838
3185,DISABLED,1,0,0,0,0,0,1.981
3186,DISABLED,1,0,0,0,0,0,1.954
3187,DISABLED,1,0,0,0,0,0,1.808
3188,DISABLED,1,0,0,0,0,0,2.152
3189,DISABLED,1,0,0,0,0,0,2.052
3190,DISABLED,1,0,0,0,0,0,1.868
3191,DISABLED,1,0,0,0,0,0,2.057
3192,DISABLED,1,0,0,0,0,0,1.779
3193,DISABLED,1,0,0,0,0,0,2.529
3194,DISABLED,1,0,0,0,0,0,2.243
3195,DISABLED,1,0,0,0,0,0,1.875
3196,DISABLED,1,0,0,0,0,0,1.987
3197,DISABLED,1,0,0,0,0,0,1.887
3198,DISABLED,1,0,0,0,0,0,1.985
3199,DISABLED,1,0,0,0,0,0,2.249
3200,DISABLED,1,0,0,0,0,0,1.831
3201,DISABLED,1,0,0,0,0,0,1.948
3202,DISABLED,1,0,0,0,0,0,1.977
3203,DISABLED,1,0,0,0,0,0,1.860
3204,DISABLED,1,0,0,0,0,0,1.852
3205,DISABLED,1,0,0,0,0,0,1.896
3206,DISABLED,1,0,0,0,0,0,1.954
3207,DISABLED,1,0,0,0,0,0,1.865
3208,DISABLED,1,0,0,0,0,0,1.822
3209,DISABLED,1,0,0,0,0,0,1.848
3210,DISABLED,1,0,0,0,0,0,1.882
3211,DISABLED,1,0,0,0,0,0,1.961
3212,DISABLED,1,0,0,0,0,0,1.807
3213,DISABLED,1,0,0,0,0,0,1.842
3214,DISABLED,1,0,0,0,0,0,2.330
3215,DISABLED,1,0,0,0,0,0,1.982
3216,DISABLED,1,0,0,0,0,0,1.989
3217,DISABLED,1,0,0,0,0,0,1.703
3218,DISABLED,1,0,0,0,0,0,1.893
3219,DISABLED,1,0,0,0,0,0,1.936
3220,DISABLED,1,0,0,0,0,0,1.782
3221,DISABLED,1,0,0,0,0,0,1.895
3222,DISABLED,1,0,0,0,0,0,1.758
3223,DISABLED,1,0,0,0,0,0,2.410
3224,DISABLED,1,0,0,0,0,0,1.952
3225,DISABLED,1,0,0,0,0,0,1.807
3226,DISABLED,1,0,0,0,0,0,1.942
3227,DISABLED,1,0,0,0,0,0,1.822
3228,DISABLED,1,0,0,0,0,0,1.653
3229,DISABLED,1,0,0,0,0,0,1.727
3230,DISABLED,1,0,0,0,0,0,1.855
3231,DISABLED,1,0,0,0,0,0,1.920
3232,DISABLED,1,0,0,0,0,0,1.866
3233,DISABLED,1,0,0,0,0,0,1.833
3234,DISABLED,1,0,0,0,0,0,1.686
3235,DISABLED,1,0,0,0,0,0,1.872
3236,DISABLED,1,0,0,0,0,0,1.976
3237,DISABLED,1,0,0,0,0,0,2.360
3238,DISABLED,1,0,0,0,0,0,1.924
3239,DISABLED,1,0,0,0,0,0,1.530
3240,DISABLED,1,0,0,0,0,0,2.051
3241,DISABLED,1,0,0,0,0,0,1.514
3242,DISABLED,1,0,0,0,0,0,1.995
3243,DISABLED,1,0,0,0,0,0,1.821
3244,DISABLED,1,0,0,0,0,0,1.659
3245,DISABLED,1,0,0,0,0,0,1.899
3246,DISABLED,1,0,0,0,0,0,1.738
3247,DISABLED,1,0,0,0,0,0,1.774
3248,DISABLED,1,0,0,0,0,0,1.859
3249,DISABLED,1,0,0,0,0,0,1.784
3250,DISABLED,1,0,0,0,0,0,1.846
3251,DISABLED,1,0,0,0,0,0,1.644
3252,DISABLED,1,0,0,0,0,0,1.883
3253,DISABLED,1,0,0,0,0,0,1.651
3254,DISABLED,1,0,0,0,0,0,1.861
3255,DISABLED,1,0,0,0,0,0,1.791
3256,DISABLED,1,0,0,0,0,0,1.574
3257,DISABLED,1,0,0,0,0,0,1.905
3258,DISABLED,1,0,0,0,0,0,1.768
3259,DISABLED,1,0,0,0,0,0,1.689
3260,DISABLED,1,0,0,0,0,0,1.932
3261,DISABLED,1,0,0,0,0,0,1.468
3262,DISABLED,1,0,0,0,0,0,2.032
3263,DISABLED,1,0,0,0,0,0,1.760
3264,DISABLED,1,0,0,0,0,0,2.208
3265,DISABLED,1,0,0,0,0,0,1.794
3266,DISABLED,1,0,0,0,0,0,1.673
3267,DISABLED,1,0,0,0,0,0,1.767
3268,DISABLED,1,0,0,0,0,0,2.220
3269,DISABLED,1,0,0,0,0,0,1.728
3270,DISABLED,1,0,0,0,0,0,2.313
3271,DISABLED,1,0,0,0,0,0,1.743
3272,DISABLED,1,0,0,0,0,0,1.740
3273,DISABLED,1,0,0,0,0,0,1.726
3274,DISABLED,1,0,0,0,0,0,1.807
3275,DISABLED,1,0,0,0,0,0,1.773
3276,DISABLED,1,0,0,0,0,0,1.670
3277,DISABLED,1,0,0,0,0,0,2.723
3278,DISABLED,1,0,0,0,0,0,2.201
3279,DISABLED,1,0,0,0,0,0,1.790
3280,DISABLED,1,0,0,0,0,0,1.700
3281,DISABLED,1,0,0,0,0,0,1.667
3282,DISABLED,1,0,0,0,0,0,1.659
3283,DISABLED,1,0,0,0,0,0,1.687
3284,DISABLED,1,0,0,0,0,0,1.876
3285,DISABLED,1,0,0,0,0,0,1.760
3286,DISABLED,1,0,0,0,0,0,2.134
3287,DISABLED,1,0,0,0,0,0,1.674
3288,DISABLED,1,0,0,0,0,0,1.877
3289,DISABLED,1,0,0,0,0,0,2.180
3290,DISABLED,1,0,0,0,0,0,1.711
3291,DISABLED,1,0,0,0,0,0,2.636
3292,DISABLED,1,0,0,0,0,0,2.861
3293,DISABLED,1,0,0,0,0,0,1.705
3294,DISABLED,1,0,0,0,0,0,1.736
3295,DISABLED,1,0,0,0,0,0,1.581
3296,DISABLED,1,0,0,0,0,0,1.762
3297,DISABLED,1,0,0,0,0,0,1.684
3298,DISABLED,1,0,0,0,0,0,1.572
3299,DISABLED,1,0,0,0,0,0,1.764
3300,DISABLED,1,0,0,0,0,0,1.534
3301,DISABLED,1,0,0,0,0,0,2.321
3302,DISABLED,1,0,0,0,0,0,1.698
3303,DISABLED,1,0,0,0,0,0,1.549
3304,DISABLED,1,0,0,0,0,0,1.807
3305,DISABLED,1,0,0,0,0,0,1.565
3306,DISABLED,1,0,0,0,0,0,1.813
3307,DISABLED,1,0,0,0,0,0,1.714
3308,DISABLED,1,0,0,0,0,0,1.434
3309,DISABLED,1,0,0,0,0,0,1.847
3310,DISABLED,1,0,0,0,0,0,1.471
3311,DISABLED,1,0,0,0,0,0,2.002
3312,DISABLED,1,0,0,0,0,0,1.659
3313,DISABLED,1,0,0,0,0,0,1.415
3314,DISABLED,1,0,0,0,0,0,2.426
3315,DISABLED,1,0,0,0,0,0,1.664
3316,DISABLED,1,0,0,0,0,0,1.658
3317,DISABLED,1,0,0,0,0,0,2.680
3318,DISABLED,1,0,0,0,0,0,1.675
3319,DISABLED,1,0,0,0,0,0,1.643
3320,DISABLED,1,0,0,0,0,0,1.597
3321,DISABLED,1,0,0,0,0,0,2.264
3322,DISABLED,1,0,0,0,0,0,1.538
3323,DISABLED,1,0,0,0,0,0,1.698
3324,DISABLED,1,0,0,0,0,0,1.655
3325,DISABLED,1,0,0,0,0,0,1.448
3326,DISABLED,1,0,0,0,0,0,2.262
3327,DISABLED,1,0,0,0,0,0,1.542
3328,DISABLED,1,0,0,0,0,0,1.714
3329,DISABLED,1,0,0,0,0,0,1.636
3330,DISABLED,1,0,0,0,0,0,1.491
3331,DISABLED,1,0,0,0,0,0,2.301
3332,DISABLED,1,0,0,0,0,0,1.566
3333,DISABLED,1,0,0,0,0,0,2.290
3334,DISABLED,1,0,0,0,0,0,1.616
3335,DISABLED,1,0,0,0,0,0,1.503
3336,DISABLED,1,0,0,0,0,0,1.729
3337,DISABLED,1,0,0,0,0,0,1.613
3338,DISABLED,1,0,0,0,0,0,1.566
3339,DISABLED,1,0,0,0,0,0,2.688
3340,DISABLED,1,0,0,0,0,0,1.593
3341,DISABLED,1,0,0,0,0,0,2.173
3342,DISABLED,1,0,0,0,0,0,1.535
3343,DISABLED,1,0,0,0,0,0,1.642
3344,DISABLED,1,0,0,0,0,0,1.677
3345,DISABLED,1,0,0,0,0,0,1.578
3346,DISABLED,1,0,0,0,0,0,1.505
3347,DISABLED,1,0,0,0,0,0,1.587
3348,DISABLED,1,0,0,0,0,0,2.085
3349,DISABLED,1,0,0,0,0,0,1.557
3350,DISABLED,1,0,0,0,0,0,1.574
3351,DISABLED,1,0,0,0,0,0,1.510
3352,DISABLED,1,0,0,0,0,0,1.577
3353,DISABLED,1,0,0,0,0,0,1.633
3354,DISABLED,1,0,0,0,0,0,1.583
3355,DISABLED,1,0,0,0,0,0,1.498
3356,DISABLED,1,0,0,0,0,0,1.548
3357,DISABLED,1,0,0,0,0,0,1.518
3358,DISABLED,1,0,0,0,0,0,1.690
3359,DISABLED,1,0,0,0,0,0,1.547
3360,DISABLED,1,0,0,0,0,0,1.410
3361,DISABLED,1,0,0,0,0,0,2.083
3362,DISABLED,1,0,0,0,0,0,1.616
3363,DISABLED,1,0,0,0,0,0,1.503
3364,DISABLED,1,0,0,0,0,0,1.573
3365,DISABLED,1,0,0,0,0,0,1.456
3366,DISABLED,1,0,0,0,0,0,2.166
3367,DISABLED,1,0,0,0,0,0,1.456
3368,DISABLED,1,0,0,0,0,0,1.612
3369,DISABLED,1,0,0,0,0,0,1.798
3370,DISABLED,1,0,0,0,0,0,1.599
3371,DISABLED,1,0,0,0,0,0,1.510
3372,DISABLED,1,0,0,0,0,0,1.407
3373,DISABLED,1,0,0,0,0,0,2.180
3374,DISABLED,1,0,0,0,0,0,1.379
3375,DISABLED,1,0,0,0,0,0,1.604
3376,DISABLED,1,0,0,0,0,0,1.573
3377,DISABLED,1,0,0,0,0,0,1.318
3378,DISABLED,1,0,0,0,0,0,1.664
3379,DISABLED,1,0,0,0,0,0,1.357
3380,DISABLED,1,0,0,0,0,0,2.287
3381,DISABLED,1,0,0,0,0,0,1.503
3382,DISABLED,1,0,0,0,0,0,1.254
3383,DISABLED,1,0,0,0,0,0,1.758
3384,DISABLED,1,0,0,0,0,0,1.427
3385,DISABLED,1,0,0,0,0,0,1.589
3386,DISABLED,1,0,0,0,0,0,1.472
3387,DISABLED,1,0,0,0,0,0,1.385
3388,DISABLED,1,0,0,0,0,0,1.663
3389,DISABLED,1,0,0,0,0,0,1.464
3390,DISABLED,1,0,0,0,0,0,1.515
3391,DISABLED,1,0,0,0,0,0,1.441
3392,DISABLED,1,0,0,0,0,0,1.561
3393,DISABLED,1,0,0,0,0,0,1.538
3394,DISABLED,1,0,0,0,0,0,1.355
3395,DISABLED,1,0,0,0,0,0,1.611
3396,DISABLED,1,0,0,0,0,0,1.374
3397,DISABLED,1,0,0,0,0,0,1.547
3398,DISABLED,1,0,0,0,0,0,1.449
3399,DISABLED,1,0,0,0,0,0,1.855
3400,DISABLED,1,0,0,0,0,0,1.540
3401,DISABLED,1,0,0,0,0,0,1.488
3402,DISABLED,1,0,0,0,0,0,1.442
3403,DISABLED,1,0,0,0,0,0,1.564
3404,DISABLED,1,0,0,0,0,0,1.823
3405,DISABLED,1,0,0,0,0,0,2.024
3406,DISABLED,1,0,0,0,0,0,1.445
3407,DISABLED,1,0,0,0,0,0,1.453
3408,DISABLED,1,0,0,0,0,0,1.461
3409,DISABLED,1,0,0,0,0,0,1.416
3410,DISABLED,1,0,0,0,0,0,1.429
3411,DISABLED,1,0,0,0,0,0,1.477
3412,DISABLED,1,0,0,0,0,0,1.401
3413,DISABLED,1,0,0,0,0,0,1.452
3414,DISABLED,1,0,0,0,0,0,1.449
3415,DISABLED,1,0,0,0,0,0,1.885
3416,DISABLED,1,0,0,0,0,0,1.412
3417,DISABLED,1,0,0,0,0,0,2.032
3418,DISABLED,1,0,0,0,0,0,1.400
3419,DISABLED,1,0,0,0,0,0,1.339
3420,DISABLED,1,0,0,0,0,0,1.900
3421,DISABLED,1,0,0,0,0,0,1.370
3422,DISABLED,1,0,0,0,0,0,1.502
3423,DISABLED,1,0,0,0,0,0,1.393
3424,DISABLED,1,0,0,0,0,0,1.876
3425,DISABLED,1,0,0,0,0,0,1.379
3426,DISABLED,1,0,0,0,0,0,1.379
3427,DISABLED,1,0,0,0,0,0,2.021
3428,DISABLED,1,0,0,0,0,0,1.433
3429,DISABLED,1,0,0,0,0,0,31.585
3430,DISABLED,1,0,0,0,0,0,2.033
3431,DISABLED,1,0,0,0,0,0,1.519
3432,DISABLED,1,0,0,0,0,0,1.815
3433,DISABLED,1,0,0,0,0,0,1.895
3434,DISABLED,1,0,0,0,0,0,1.446
3435,DISABLED,1,0,0,0,0,0,1.487
3436,DISABLED,1,0,0,0,0,0,1.344
3437,DISABLED,1,0,0,0,0,0,1.498
3438,DISABLED,1,0,0,0,0,0,1.254
3439,DISABLED,1,0,0,0,0,0,1.504
3440,DISABLED,1,0,0,0,0,0,1.326
3441,DISABLED,1,0,0,0,0,0,1.775
3442,DISABLED,1,0,0,0,0,0,1.495
3443,DISABLED,1,0,0,0,0,0,1.262
3444,DISABLED,1,0,0,0,0,0,1.474
3445,DISABLED,1,0,0,0,0,0,1.384
3446,DISABLED,1,0,0,0,0,0,1.284
3447,DISABLED,1,0,0,0,0,0,1.480
3448,DISABLED,1,0,0,0,0,0,1.230
3449,DISABLED,1,0,0,0,0,0,1.950
3450,DISABLED,1,0,0,0,0,0,1.638
3451,DISABLED,1,0,0,0,0,0,1.145
3452,DISABLED,1,0,0,0,0,0,1.604
3453,DISABLED,1,0,0,0,0,0,1.083
3454,DISABLED,1,0,0,0,0,0,1.584
3455,DISABLED,1,0,0,1,1,0,2.828
3456,DISABLED,1,0,0,0,0,0,1.216
3457,DISABLED,1,0,0,0,0,0,1.513
3458,DISABLED,1,0,0,0,0,0,1.302
3459,DISABLED,1,0,0,0,0,0,1.208
3460,DISABLED,1,0,0,0,0,0,1.474
3461,DISABLED,1,0,0,0,0,0,1.536
3462,DISABLED,1,0,0,0,0,0,1.521
3463,DISABLED,1,0,0,0,0,0,1.325
3464,DISABLED,1,0,0,0,0,0,1.106
3465,DISABLED,1,0,0,0,0,0,1.888
3466,DISABLED,1,0,0,0,0,0,1.192
3467,DISABLED,1,0,0,0,0,0,1.755
3468,DISABLED,1,0,0,0,0,0,1.804
3469,DISABLED,1,0,0,0,0,0,1.153
3470,DISABLED,1,0,0,0,0,0,1.466
3471,DISABLED,1,0,0,0,0,0,1.286
3472,DISABLED,1,0,0,0,0,0,1.309
3473,DISABLED,1,0,0,0,0,0,1.294
3474,DISABLED,1,0,0,0,0,0,1.333
3475,DISABLED,1,0,0,0,0,0,1.309
3476,DISABLED,1,0,0,0,0,0,1.216
3477,DISABLED,1,0,0,0,0,0,1.325
3478,DISABLED,1,0,0,0,0,0,1.216
3479,DISABLED,1,0,0,0,0,0,1.360
3480,DISABLED,1,0,0,0,0,0,1.301
3481,DISABLED,1,0,0,0,0,0,1.161
3482,DISABLED,1,0,0,0,0,0,1.341
3483,DISABLED,1,0,0,0,0,0,1.247
3484,DISABLED,1,0,0,0,0,0,1.310
3485,DISABLED,1,0,0,0,0,0,1.313
3486,DISABLED,1,0,0,0,0,0,1.711
3487,DISABLED,1,0,0,0,0,0,1.356
3488,DISABLED,1,0,0,0,0,0,1.239
3489,DISABLED,1,0,0,0,0,0,1.286
3490,DISABLED,1,0,0,0,0,0,1.270
3491,DISABLED,1,0,0,0,0,0,1.114
3492,DISABLED,1,0,0,0,0,0,1.362
3493,DISABLED,1,0,0,0,0,0,1.208
3494,DISABLED,1,0,0,0,0,0,1.231
3495,DISABLED,1,0,0,0,0,0,1.278
3496,DISABLED,1,0,0,0,0,0,1.278
3497,DISABLED,1,0,0,0,0,0,1.192
3498,DISABLED,1,0,0,0,0,0,1.215
3499,DISABLED,1,0,0,0,0,0,1.247
3500,DISABLED,1,0,0,0,0,0,1.325
3501,DISABLED,1,0,0,0,0,0,1.236
3502,DISABLED,1,0,0,0,0,0,1.184
3503,DISABLED,1,0,0,0,0,0,1.209
3504,DISABLED,1,0,0,0,0,0,1.215
3505,DISABLED,1,0,0,0,0,0,1.289
3506,DISABLED,1,0,0,0,0,0,1.223
3507,DISABLED,1,0,0,0,0,0,1.176
3508,DISABLED,1,0,0,0,0,0,1.148
3509,DISABLED,1,0,0,0,0,0,1.194
3510,DISABLED,1,0,0,0,0,0,1.254
3511,DISABLED,1,0,0,0,0,0,1.176
3512,DISABLED,1,0,0,0,0,0,1.215
3513,DISABLED,1,0,0,0,0,0,1.129
3514,DISABLED,1,0,0,0,0,0,1.223
3515,DISABLED,1,0,0,0,0,0,1.207
3516,DISABLED,1,0,0,0,0,0,1.176
3517,DISABLED,1,0,0,0,0,0,1.223
3518,DISABLED,1,0,0,0,0,0,1.129
3519,DISABLED,1,0,0,0,0,0,1.176
3520,DISABLED,1,0,0,0,0,0,1.215
3521,DISABLED,1,0,0,0,0,0,1.173
3522,DISABLED,1,0,0,0,0,0,1.176
3523,DISABLED,1,0,0,0,0,0,1.168
3524,DISABLED,1,0,0,0,0,0,1.161
3525,DISABLED,1,0,0,0,0,0,1.194
3526,DISABLED,1,0,0,0,0,0,1.207
3527,DISABLED,1,0,0,0,0,0,1.184
3528,DISABLED,1,0,0,0,0,0,1.098
3529,DISABLED,1,0,0,0,0,0,1.215
3530,DISABLED,1,0,0,0,0,0,1.113
3531,DISABLED,1,0,0,0,0,0,1.231
3532,DISABLED,1,0,0,0,0,0,1.106
3533,DISABLED,1,0,0,0,0,0,1.098
3534,DISABLED,1,0,0,0,0,0,1.204
3535,DISABLED,1,0,0,0,0,0,1.121
3536,DISABLED,1,0,0,0,0,0,1.741
3537,DISABLED,1,0,0,0,0,0,1.655
3538,DISABLED,1,0,0,0,0,0,1.067
3539,DISABLED,1,0,0,0,0,0,1.196
3540,DISABLED,1,0,0,0,0,0,1.062
3541,DISABLED,1,0,0,0,0,0,1.289
3542,DISABLED,1,0,0,0,0,0,1.160
3543,DISABLED,1,0,0,0,0,0,0.980
3544,DISABLED,1,0,0,0,0,0,1.218
3545,DISABLED,1,0,0,0,0,0,1.020
3546,DISABLED,1,0,0,0,0,0,1.252
3547,DISABLED,1,0,0,0,0,0,1.121
3548,DISABLED,1,0,0,0,0,0,0.988
3549,DISABLED,1,0,0,0,0,0,1.772
3550,DISABLED,1,0,0,0,0,0,1.098
3551,DISABLED,1,0,0,0,0,0,1.113
3552,DISABLED,1,0,0,0,0,0,1.168
3553,DISABLED,1,0,0,0,0,0,1.035
3554,DISABLED,1,0,0,0,0,0,1.152
3555,DISABLED,1,0,0,0,0,0,1.085
3556,DISABLED,1,0,0,0,0,0,1.106
3557,DISABLED,1,0,0,0,0,0,1.058
3558,DISABLED,1,0,0,0,0,0,1.103
3559,DISABLED,1,0,0,0,0,0,1.098
3560,DISABLED,1,0,0,0,0,0,1.105
3561,DISABLED,1,0,0,0,0,0,1.105
3562,DISABLED,1,0,0,0,0,0,1.035
3563,DISABLED,1,0,0,0,0,0,1.066
3564,DISABLED,1,0,0,0,0,0,1.105
3565,DISABLED,1,0,0,0,0,0,1.066
3566,DISABLED,1,0,0,0,0,0,1.662
3567,DISABLED,1,0,0,0,0,0,1.027
3568,DISABLED,1,0,0,0,0,0,1.082
3569,DISABLED,1,0,0,0,0,0,1.062
3570,DISABLED,1,0,0,0,0,0,1.611
3571,DISABLED,1,0,0,0,0,0,1.098
3572,DISABLED,1,0,0,0,0,0,1.043
3573,DISABLED,1,0,0,0,0,0,1.035
3574,DISABLED,1,0,0,0,0,0,1.069
3575,DISABLED,1,0,0,0,0,0,1.027
3576,DISABLED,1,0,0,0,0,0,1.066
3577,DISABLED,1,0,0,0,0,0,1.051
3578,DISABLED,1,0,0,0,0,0,1.032
3579,DISABLED,1,0,0,0,0,0,1.074
3580,DISABLED,1,0,0,0,0,0,1.082
3581,DISABLED,1,0,0,0,0,0,1.027
3582,DISABLED,1,0,0,0,0,0,1.040
3583,DISABLED,1,0,0,0,0,0,1.032
3584,DISABLED,1,0,0,0,0,0,1.058
3585,DISABLED,1,0,0,0,0,0,1.043
3586,DISABLED,1,0,0,0,0,0,0.996
3587,DISABLED,1,0,0,0,0,0,0.996
3588,DISABLED,1,0,0,0,0,0,1.019
3589,DISABLED,1,0,0,0,0,0,1.043
3590,DISABLED,1,0,0,0,0,0,2.055
3591,DISABLED,1,0,0,0,0,0,0.996
3592,DISABLED,1,0,0,0,0,0,1.011
3593,DISABLED,1,0,0,0,0,0,1.482
3594,DISABLED,1,0,0,0,0,0,1.027
3595,DISABLED,1,0,0,0,0,0,1.014
3596,DISABLED,1,0,0,0,0,0,1.011
3597,DISABLED,1,0,0,0,0,0,0.988
3598,DISABLED,1,0,0,0,0,0,0.980
3599,DISABLED,1,0,0,0,0,0,0.964
3600,DISABLED,1,0,0,0,0,0,1.023
3601,DISABLED,1,0,0,0,0,0,1.019
3602,DISABLED,1,0,0,0,0,0,0.980
3603,DISABLED,1,0,0,0,0,0,0.964
3604,DISABLED,1,0,0,0,0,0,1.003
3605,DISABLED,1,0,0,0,0,0,1.021
3606,DISABLED,1,0,0,0,0,0,1.459
3607,DISABLED,1,0,0,0,0,0,0.971
3608,DISABLED,1,0,0,0,0,0,1.002
3609,DISABLED,1,0,0,0,0,0,0.909
3610,DISABLED,1,0,0,0,0,0,1.042
3611,DISABLED,1,0,0,0,0,0,0.949
3612,DISABLED,1,0,0,0,0,0,0.925
3613,DISABLED,1,0,0,0,0,0,1.511
3614,DISABLED,1,0,0,0,0,0,0.964
3615,DISABLED,1,0,0,0,0,0,0.972
3616,DISABLED,1,0,0,0,0,0,0.964
3617,DISABLED,1,0,0,0,0,0,0.902
3618,DISABLED,1,0,0,0,0,0,1.011
3619,DISABLED,1,0,0,0,0,0,0.886
3620,DISABLED,1,0,0,0,0,0,1.042
3621,DISABLED,1,0,0,0,0,0,1.466
3622,DISABLED,1,0,0,0,0,0,1.427
3623,DISABLED,1,0,0,0,0,0,0.964
3624,DISABLED,1,0,0,0,0,0,0.836
3625,DISABLED,1,0,0,0,0,0,1.027
3626,DISABLED,1,0,0,0,0,0,1.474
3627,DISABLED,1,0,0,0,0,0,0.894
3628,DISABLED,1,0,0,0,0,0,0.933
3629,DISABLED,1,0,0,0,0,0,0.941
3630,DISABLED,1,0,0,0,0,0,0.956
3631,DISABLED,1,0,0,0,0,0,0.925
3632,DISABLED,1,0,0,0,0,0,0.878
3633,DISABLED,1,0,0,0,0,0,0.976
3634,DISABLED,1,0,0,0,0,0,0.899
3635,DISABLED,1,0,0,0,0,0,0.948
3636,DISABLED,1,0,0,0,0,0,0.917
3637,DISABLED,1,0,0,0,0,0,0.917
3638,DISABLED,1,0,0,0,0,0,1.380
3639,DISABLED,1,0,0,0,0,0,0.902
3640,DISABLED,1,0,0,0,0,0,0.925
3641,DISABLED,1,0,0,0,0,0,1.929
3642,DISABLED,1,0,0,0,0,0,1.459
3643,DISABLED,1,0,0,0,0,0,0.878
3644,DISABLED,1,0,0,0,0,0,0.917
3645,DISABLED,1,0,0,0,0,0,0.894
3646,DISABLED,1,0,0,0,0,0,0.878
3647,DISABLED,1,0,0,0,0,0,0.870
3648,DISABLED,1,0,0,0,0,0,0.893
3649,DISABLED,1,0,0,0,0,0,0.870
3650,DISABLED,1,0,0,0,0,0,0.886
3651,DISABLED,1,0,0,0,0,0,0.854
3652,DISABLED,1,0,0,0,0,0,0.869
3653,DISABLED,1,0,0,0,0,0,0.862
3654,DISABLED,1,0,0,0,0,0,0.885
3655,DISABLED,1,0,0,0,0,0,0.854
3656,DISABLED,1,0,0,0,0,0,0.846
3657,DISABLED,1,0,0,0,0,0,1.399
3658,DISABLED,1,0,0,0,0,0,0.846
3659,DISABLED,1,0,0,0,0,0,0.858
3660,DISABLED,1,0,0,0,0,0,0.854
3661,DISABLED,1,0,0,0,0,0,0.886
3662,DISABLED,1,0,0,0,0,0,0.815
3663,DISABLED,1,0,0,0,0,0,0.839
3664,DISABLED,1,0,0,0,0,0,1.388
3665,DISABLED,1,0,0,0,0,0,0.847
3666,DISABLED,1,0,0,0,0,0,0.815
3667,DISABLED,1,0,0,0,0,0,0.814
3668,DISABLED,1,0,0,0,0,0,0.847
3669,DISABLED,1,0,0,0,0,0,0.807
3670,DISABLED,1,0,0,0,0,0,0.846
3671,DISABLED,1,0,0,0,0,0,1.325
3672,DISABLED,1,0,0,0,0,0,0.847
3673,DISABLED,1,0,0,0,0,0,0.807
3674,DISABLED,1,0,0,0,0,0,0.820
3675,DISABLED,1,0,0,0,0,0,1.921
3676,DISABLED,1,0,0,0,0,0,1.302
3677,DISABLED,1,0,0,0,0,0,0.790
3678,DISABLED,1,0,0,0,0,0,0.811
3679,DISABLED,1,0,0,0,0,0,0.784
3680,DISABLED,1,0,0,0,0,0,0.815
3681,DISABLED,1,0,0,0,0,0,0.784
3682,DISABLED,1,0,0,0,0,0,0.815
3683,DISABLED,1,0,0,0,0,0,1.354
3684,DISABLED,1,0,0,0,0,0,1.313
3685,DISABLED,1,0,0,0,0,0,0.830
3686,DISABLED,1,0,0,0,0,0,1.953
3687,DISABLED,1,0,0,0,0,0,1.808
3688,DISABLED,1,0,0,0,0,0,0.768
3689,DISABLED,1,0,0,0,0,0,0.835
3690,DISABLED,1,0,0,0,0,0,0.827
3691,DISABLED,1,0,0,0,0,0,1.321
3692,DISABLED,1,0,0,0,0,0,0.771
3693,DISABLED,1,0,0,0,0,0,1.302
3694,DISABLED,1,0,0,0,0,0,0.760
3695,DISABLED,1,0,0,0,0,0,0.776
3696,DISABLED,1,0,0,0,0,0,0.768
3697,DISABLED,1,0,0,0,0,0,0.744
3698,DISABLED,1,0,0,0,0,0,0.759
3699,DISABLED,1,0,0,0,0,0,0.776
3700,DISABLED,1,0,0,0,0,0,0.797
3701,DISABLED,1,0,0,0,0,0,0.737
3702,DISABLED,1,0,0,0,0,0,0.776
3703,DISABLED,1,0,0,0,0,0,0.745
3704,DISABLED,1,0,0,0,0,0,0.760
3705,DISABLED,1,0,0,0,0,0,0.790
3706,DISABLED,1,0,0,0,0,0,0.760
3707,DISABLED,1,0,0,0,0,0,0.768
3708,DISABLED,1,0,0,0,0,0,1.270
3709,DISABLED,1,0,0,0,0,0,0.747
3710,DISABLED,1,0,0,0,0,0,0.782
3711,DISABLED,1,0,0,0,0,0,0.766
3712,DISABLED,1,0,0,0,0,0,0.777
3713,DISABLED,1,0,0,0,0,0,0.729
3714,DISABLED,1,0,0,0,0,0,0.784
3715,DISABLED,1,0,0,0,0,0,0.791
3716,DISABLED,1,0,0,0,0,0,0.745
3717,DISABLED,1,0,0,0,0,0,1.207
3718,DISABLED,1,0,0,0,0,0,0.752
3719,DISABLED,1,0,0,0,0,0,1.288
3720,DISABLED,1,0,0,0,0,0,1.286
3721,DISABLED,1,0,0,0,0,0,0.761
3722,DISABLED,1,0,0,0,0,0,0.768
3723,DISABLED,1,0,0,0,0,0,0.737
3724,DISABLED,1,0,0,0,0,0,0.768
3725,DISABLED,1,0,0,0,0,0,0.768
3726,DISABLED,1,0,0,0,0,0,0.761
3727,DISABLED,1,0,0,0,0,0,1.286
3728,DISABLED,1,0,0,0,0,0,0.768
3729,DISABLED,1,0,0,0,0,0,31.289
3730,DISABLED,1,0,0,0,0,0,1.331
3731,DISABLED,1,0,0,0,0,0,1.243
3732,DISABLED,1,0,0,0,0,0,0.729
3733,DISABLED,1,0,0,0,0,0,0.799
3734,DISABLED,1,0,0,0,0,0,1.228
3735,DISABLED,1,0,0,0,0,0,0.846
3736,DISABLED,1,0,0,0,0,0,1.221
3737,DISABLED,1,0,0,0,0,0,1.198
3738,DISABLED,1,0,0,0,0,0,0.791
3739,DISABLED,1,0,0,0,0,0,1.315
3740,DISABLED,1,0,0,0,0,0,1.205
3741,DISABLED,1,0,0,0,0,0,1.182
3742,DISABLED,1,0,0,0,0,0,0.760
3743,DISABLED,1,0,0,0,0,0,1.124
3744,DISABLED,1,0,0,0,0,0,0.830
3745,DISABLED,1,0,0,0,0,0,0.812
3746,DISABLED,1,0,0,0,0,0,1.124
3747,DISABLED,1,0,0,0,0,0,0.783
3748,DISABLED,1,0,0,0,0,0,1.180
3749,DISABLED,1,0,0,0,0,0,0.794
3750,DISABLED,1,0,0,0,0,0,0.791
3751,DISABLED,1,0,0,0,0,0,0.748
3752,DISABLED,1,0,0,0,0,0,0.768
3753,DISABLED,1,0,0,0,0,0,0.747
3754,DISABLED,1,0,0,0,0,0,0.791
3755,DISABLED,1,0,0,0,0,0,0.776
3756,DISABLED,1,0,0,0,0,0,0.776
3757,DISABLED,1,0,0,0,0,0,0.760
3758,DISABLED,1,0,0,0,0,0,0.799
3759,DISABLED,1,0,0,0,0,0,1.096
3760,DISABLED,1,0,0,0,0,0,0.786
3761,DISABLED,1,0,0,0,0,0,0.736
3762,DISABLED,1,0,0,0,0,0,0.775
3763,DISABLED,1,0,0,0,0,0,0.752
3764,DISABLED,1,0,0,0,0,0,0.783
3765,DISABLED,1,0,0,0,0,0,1.143
3766,DISABLED,1,0,0,0,0,0,0.729
3767,DISABLED,1,0,0,0,0,0,0.789
3768,DISABLED,1,0,0,0,0,0,0.768
3769,DISABLED,1,0,0,0,0,0,0.736
3770,DISABLED,1,0,0,0,0,0,0.807
3771,DISABLED,1,0,0,0,0,0,0.775
3772,DISABLED,1,0,0,0,0,0,0.775
3773,DISABLED,1,0,0,0,0,0,0.775
3774,DISABLED,1,0,0,0,0,0,0.791
3775,DISABLED,1,0,0,0,0,0,0.762
3776,DISABLED,1,0,0,0,0,0,0.768
3777,DISABLED,1,0,0,0,0,0,0.783
3778,DISABLED,1,0,0,0,0,0,0.744
3779,DISABLED,1,0,0,0,0,0,0.775
3780,DISABLED,1,0,0,0,0,0,0.768
3781,DISABLED,1,0,0,0,0,0,0.769
3782,DISABLED,1,0,0,0,0,0,0.763
3783,DISABLED,1,0,0,0,0,0,0.791
3784,DISABLED,1,0,0,0,0,0,0.733
3785,DISABLED,1,0,0,0,0,0,0.822
3786,DISABLED,1,0,0,0,0,0,0.758
3787,DISABLED,1,0,0,0,0,0,0.846
3788,DISABLED,1,0,0,0,0,0,0.791
3789,DISABLED,1,0,0,0,0,0,1.324
3790,DISABLED,1,0,0,0,0,0,0.791
3791,DISABLED,1,0,0,0,0,0,0.791
3792,DISABLED,1,0,0,0,0,0,1.080
3793,DISABLED,1,0,0,0,0,0,0.767
3794,DISABLED,1,0,0,0,0,0,0.752
3795,DISABLED,1,0,0,0,0,0,0.775
3796,DISABLED,1,0,0,0,0,0,0.791
3797,DISABLED,1,0,0,0,0,0,0.753
3798,DISABLED,1,0,0,0,0,0,0.759
3799,DISABLED,1,0,0,0,0,0,0.760
3800,DISABLED,1,0,0,0,0,0,0.822
3801,DISABLED,1,0,0,0,0,0,0.744
3802,DISABLED,1,0,0,0,0,0,0.767
3803,DISABLED,1,0,0,0,0,0,0.767
3804,DISABLED,1,0,0,0,0,0,1.143
3805,DISABLED,1,0,0,0,0,0,0.758
3806,DISABLED,1,0,0,0,0,0,0.775
3807,DISABLED,1,0,0,0,0,0,0.806
3808,DISABLED,1,0,0,0,0,0,0.744
3809,DISABLED,1,0,0,0,0,0,0.759
3810,DISABLED,1,0,0,0,0,0,0.791
3811,DISABLED,1,0,0,0,0,0,0.775
3812,DISABLED,1,0,0,0,0,0,0.810
3813,DISABLED,1,0,0,0,0,0,0.728
